{"Mean":{"confidence_interval":{"confidence_level":0.95,"lower_bound":1.6787880333214358,"upper_bound":1.7494718711605133},"point_estimate":1.7096870335146783,"standard_error":0.01758278163574709},"Median":{"confidence_interval":{"confidence_level":0.95,"lower_bound":1.6747022287788236,"upper_bound":1.6747695468680586},"point_estimate":1.6747374550262462,"standard_error":0.000017754597187778517},"MedianAbsDev":{"confidence_interval":{"confidence_level":0.95,"lower_bound":0.00007305710782394965,"upper_bound":0.0001625102076307118},"point_estimate":0.00011561267216384043,"standard_error":0.000023917721960866143},"Slope":{"confidence_interval":{"confidence_level":0.95,"lower_bound":1.677921990077155,"upper_bound":1.767298212259331},"point_estimate":1.7086958931344045,"standard_error":0.025293878390420077},"StdDev":{"confidence_interval":{"confidence_level":0.95,"lower_bound":0.018791608124849715,"upper_bound":0.2620554875345508},"point_estimate":0.17701371265904803,"standard_error":0.05466337098488807}}