{"Mean":{"confidence_interval":{"confidence_level":0.95,"lower_bound":48.03613763527841,"upper_bound":48.496650991350464},"point_estimate":48.24357314550587,"standard_error":0.1181119035601471},"Median":{"confidence_interval":{"confidence_level":0.95,"lower_bound":47.758140212270405,"upper_bound":47.90745655706819},"point_estimate":47.830350533936944,"standard_error":0.04392662261490626},"MedianAbsDev":{"confidence_interval":{"confidence_level":0.95,"lower_bound":0.1378116493045509,"upper_bound":0.3147007822837841},"point_estimate":0.2110737282025179,"standard_error":0.04755719835032745},"Slope":{"confidence_interval":{"confidence_level":0.95,"lower_bound":47.847795698113075,"upper_bound":48.42741071262004},"point_estimate":48.07821190586503,"standard_error":0.1527279573596004},"StdDev":{"confidence_interval":{"confidence_level":0.95,"lower_bound":0.5898063092291969,"upper_bound":1.6532757786048007},"point_estimate":1.1871312783235677,"standard_error":0.2669362848174063}}