{"Mean":{"confidence_interval":{"confidence_level":0.95,"lower_bound":4.814083128775479,"upper_bound":5.060756830811816},"point_estimate":4.926544677045907,"standard_error":0.06356458889522708},"Median":{"confidence_interval":{"confidence_level":0.95,"lower_bound":4.737530883261273,"upper_bound":4.738546538133475},"point_estimate":4.7379388163823,"standard_error":0.0002658577311761604},"MedianAbsDev":{"confidence_interval":{"confidence_level":0.95,"lower_bound":0.0013550926257262128,"upper_bound":0.002925708920316725},"point_estimate":0.001858347283136879,"standard_error":0.0003876236620239979},"Slope":{"confidence_interval":{"confidence_level":0.95,"lower_bound":4.75856618459317,"upper_bound":4.974433846769456},"point_estimate":4.835564550306035,"standard_error":0.05922306589707466},"StdDev":{"confidence_interval":{"confidence_level":0.95,"lower_bound":0.3941744250036292,"upper_bound":0.8348074386525444},"point_estimate":0.6390972800458093,"standard_error":0.11561113902479445}}