{"Mean":{"confidence_interval":{"confidence_level":0.95,"lower_bound":4.742503571482378,"upper_bound":4.762855604827378},"point_estimate":4.7514985724053265,"standard_error":0.005246621672644598},"Median":{"confidence_interval":{"confidence_level":0.95,"lower_bound":4.737368746139592,"upper_bound":4.738037277913018},"point_estimate":4.737569804024299,"standard_error":0.00018192505197633748},"MedianAbsDev":{"confidence_interval":{"confidence_level":0.95,"lower_bound":0.0007669409993550752,"upper_bound":0.0015037586287424895},"point_estimate":0.0010267505011719083,"standard_error":0.0001759806223366326},"Slope":{"confidence_interval":{"confidence_level":0.95,"lower_bound":4.739775773141549,"upper_bound":4.761560208877822},"point_estimate":4.749491755625094,"standard_error":0.005595783047211088},"StdDev":{"confidence_interval":{"confidence_level":0.95,"lower_bound":0.022918763742906686,"upper_bound":0.07728537304888769},"point_estimate":0.052892077149783195,"standard_error":0.014022961220683456}}