{"Mean":{"confidence_interval":{"confidence_level":0.95,"lower_bound":3.89539075883697,"upper_bound":3.9208124182864834},"point_estimate":3.9064060548315225,"standard_error":0.0065535953721357855},"Median":{"confidence_interval":{"confidence_level":0.95,"lower_bound":3.890331799389048,"upper_bound":3.892932089852881},"point_estimate":3.891706807582986,"standard_error":0.0006212786905081756},"MedianAbsDev":{"confidence_interval":{"confidence_level":0.95,"lower_bound":0.004181333865938822,"upper_bound":0.007768303668320169},"point_estimate":0.005262641789349201,"standard_error":0.0009353079932974184},"Slope":{"confidence_interval":{"confidence_level":0.95,"lower_bound":3.890839300253309,"upper_bound":3.89611874711899},"point_estimate":3.8929998246565347,"standard_error":0.0013838291309315233},"StdDev":{"confidence_interval":{"confidence_level":0.95,"lower_bound":0.023579134502437045,"upper_bound":0.09907968174073868},"point_estimate":0.06555848956658446,"standard_error":0.01953614311195724}}