{"Mean":{"confidence_interval":{"confidence_level":0.95,"lower_bound":3.8981940419523498,"upper_bound":3.928297966302237},"point_estimate":3.910559352383178,"standard_error":0.007835338853063008},"Median":{"confidence_interval":{"confidence_level":0.95,"lower_bound":3.8901385990226984,"upper_bound":3.8954662479005764},"point_estimate":3.8922707727433625,"standard_error":0.0013124936252946245},"MedianAbsDev":{"confidence_interval":{"confidence_level":0.95,"lower_bound":0.007684418600455293,"upper_bound":0.014023166804976507},"point_estimate":0.010871039233758482,"standard_error":0.0016649561400298425},"Slope":{"confidence_interval":{"confidence_level":0.95,"lower_bound":3.893468204858811,"upper_bound":3.918747511470457},"point_estimate":3.9022176035695377,"standard_error":0.0069931770821563734},"StdDev":{"confidence_interval":{"confidence_level":0.95,"lower_bound":0.024947623647211262,"upper_bound":0.1250715486419619},"point_estimate":0.07842594390629658,"standard_error":0.029150867006826803}}