{"Mean":{"confidence_interval":{"confidence_level":0.95,"lower_bound":616.6608946471597,"upper_bound":628.9541982650628},"point_estimate":622.02770523736,"standard_error":3.1585800920503115},"Median":{"confidence_interval":{"confidence_level":0.95,"lower_bound":611.6846746150025,"upper_bound":613.1622583665302},"point_estimate":612.217744852873,"standard_error":0.39609872330695023},"MedianAbsDev":{"confidence_interval":{"confidence_level":0.95,"lower_bound":2.155129970254949,"upper_bound":5.0712873895038095},"point_estimate":3.3568743802658885,"standard_error":0.7552400873354664},"Slope":{"confidence_interval":{"confidence_level":0.95,"lower_bound":610.7221685777799,"upper_bound":611.7621214850991},"point_estimate":611.1850978591865,"standard_error":0.2652432416030612},"StdDev":{"confidence_interval":{"confidence_level":0.95,"lower_bound":12.810035109294308,"upper_bound":48.04843852487022},"point_estimate":31.735997692608805,"standard_error":9.352139173550166}}