{"Mean":{"confidence_interval":{"confidence_level":0.95,"lower_bound":3.8699854621268637,"upper_bound":3.894611092962702},"point_estimate":3.8807276220059466,"standard_error":0.006318662957165306},"Median":{"confidence_interval":{"confidence_level":0.95,"lower_bound":3.8632423143280215,"upper_bound":3.8697061299402873},"point_estimate":3.866719470684025,"standard_error":0.0014312613376619768},"MedianAbsDev":{"confidence_interval":{"confidence_level":0.95,"lower_bound":0.008691182005975667,"upper_bound":0.014793775580914317},"point_estimate":0.01185469042582135,"standard_error":0.001552934810124091},"Slope":{"confidence_interval":{"confidence_level":0.95,"lower_bound":3.855948987621576,"upper_bound":3.8789158897744818},"point_estimate":3.8667669876585773,"standard_error":0.005894946104234435},"StdDev":{"confidence_interval":{"confidence_level":0.95,"lower_bound":0.0290707433354706,"upper_bound":0.09633718621500544},"point_estimate":0.0635656318953153,"standard_error":0.019091357554617872}}