{"Mean":{"confidence_interval":{"confidence_level":0.95,"lower_bound":2.595404363054935,"upper_bound":2.6024051803722354},"point_estimate":2.598439781964166,"standard_error":0.001809104033042261},"Median":{"confidence_interval":{"confidence_level":0.95,"lower_bound":2.5933942179451406,"upper_bound":2.5952191574179007},"point_estimate":2.5943785547839724,"standard_error":0.0005170571951148136},"MedianAbsDev":{"confidence_interval":{"confidence_level":0.95,"lower_bound":0.0025011228159675307,"upper_bound":0.004554701302289024},"point_estimate":0.0033984526105235867,"standard_error":0.0005177222775727252},"Slope":{"confidence_interval":{"confidence_level":0.95,"lower_bound":2.594155767243477,"upper_bound":2.5961060708870525},"point_estimate":2.595003588130391,"standard_error":0.0005040162590067695},"StdDev":{"confidence_interval":{"confidence_level":0.95,"lower_bound":0.006522232044782385,"upper_bound":0.027938066981023493},"point_estimate":0.01825056501483216,"standard_error":0.005600256439084419}}