{"mean":{"confidence_interval":{"confidence_level":0.95,"lower_bound":3.9347577439488832,"upper_bound":3.95755616407546},"point_estimate":3.9445732510506026,"standard_error":0.005896728198656014},"median":{"confidence_interval":{"confidence_level":0.95,"lower_bound":3.9262785925106067,"upper_bound":3.9315921116839},"point_estimate":3.9292616695925533,"standard_error":0.0015816190587587767},"median_abs_dev":{"confidence_interval":{"confidence_level":0.95,"lower_bound":0.005995609483867138,"upper_bound":0.01198102283623321},"point_estimate":0.008733819573775902,"standard_error":0.0016162305070343726},"slope":{"confidence_interval":{"confidence_level":0.95,"lower_bound":3.9246654209917424,"upper_bound":3.929563501689812},"point_estimate":3.9266140426217024,"standard_error":0.0012869716281704996},"std_dev":{"confidence_interval":{"confidence_level":0.95,"lower_bound":0.022239003222696157,"upper_bound":0.09098209495846649},"point_estimate":0.059429803277542784,"standard_error":0.018645927608932703}}