{"Mean":{"confidence_interval":{"confidence_level":0.95,"lower_bound":3.0447788341450996,"upper_bound":3.085758130426488},"point_estimate":3.063200961575027,"standard_error":0.010512483227045389},"Median":{"confidence_interval":{"confidence_level":0.95,"lower_bound":3.016728297235429,"upper_bound":3.0380072236759665},"point_estimate":3.021822503961965,"standard_error":0.007682439396847412},"MedianAbsDev":{"confidence_interval":{"confidence_level":0.95,"lower_bound":0.0011699527064561127,"upper_bound":0.032222993627633735},"point_estimate":0.00881397897666931,"standard_error":0.011080508318335406},"Slope":{"confidence_interval":{"confidence_level":0.95,"lower_bound":3.0463402948593914,"upper_bound":3.0943546110228493},"point_estimate":3.068248504617238,"standard_error":0.012312892181036884},"StdDev":{"confidence_interval":{"confidence_level":0.95,"lower_bound":0.05372433241195806,"upper_bound":0.1486844252637517},"point_estimate":0.10580795787081354,"standard_error":0.02469620932682023}}