{"Mean":{"confidence_interval":{"confidence_level":0.95,"lower_bound":3.022841753936687,"upper_bound":3.034040726788948},"point_estimate":3.0277781051160018,"standard_error":0.002869414321340644},"Median":{"confidence_interval":{"confidence_level":0.95,"lower_bound":3.022855048892637,"upper_bound":3.025675474681935},"point_estimate":3.023779521127431,"standard_error":0.0007513400410169784},"MedianAbsDev":{"confidence_interval":{"confidence_level":0.95,"lower_bound":0.006596081869379819,"upper_bound":0.01316471888592653},"point_estimate":0.010624806768265311,"standard_error":0.0016514456159460993},"Slope":{"confidence_interval":{"confidence_level":0.95,"lower_bound":3.0197163741162356,"upper_bound":3.042780187520834},"point_estimate":3.029763436938137,"standard_error":0.0059659254822064505},"StdDev":{"confidence_interval":{"confidence_level":0.95,"lower_bound":0.012191553341313496,"upper_bound":0.04142749362389641},"point_estimate":0.02881329375845847,"standard_error":0.007329886655769993}}