{"Mean":{"confidence_interval":{"confidence_level":0.95,"lower_bound":3.038747893589479,"upper_bound":3.05353322882544},"point_estimate":3.0455006069399455,"standard_error":0.0038004044909073368},"Median":{"confidence_interval":{"confidence_level":0.95,"lower_bound":3.0379610156776486,"upper_bound":3.038290529887396},"point_estimate":3.0381547302816863,"standard_error":0.0000978522414517767},"MedianAbsDev":{"confidence_interval":{"confidence_level":0.95,"lower_bound":0.0005271143627203388,"upper_bound":0.002253021198778537},"point_estimate":0.0008372056016680363,"standard_error":0.0004983090884230332},"Slope":{"confidence_interval":{"confidence_level":0.95,"lower_bound":3.0413987770231112,"upper_bound":3.06013215698146},"point_estimate":3.0494707284458378,"standard_error":0.004832718698646786},"StdDev":{"confidence_interval":{"confidence_level":0.95,"lower_bound":0.02111446897483923,"upper_bound":0.052366049897747784},"point_estimate":0.03816148212622953,"standard_error":0.008006242991859399}}