{"Mean":{"confidence_interval":{"confidence_level":0.95,"lower_bound":3.060883233882894,"upper_bound":3.072302339641522},"point_estimate":3.065941129491344,"standard_error":0.002926130891532176},"Median":{"confidence_interval":{"confidence_level":0.95,"lower_bound":3.060398210586628,"upper_bound":3.060972045345414},"point_estimate":3.0607166140236735,"standard_error":0.00013211665818797062},"MedianAbsDev":{"confidence_interval":{"confidence_level":0.95,"lower_bound":0.0007179315537912571,"upper_bound":0.0022011728501847233},"point_estimate":0.0008749318658392453,"standard_error":0.00042617811102634083},"Slope":{"confidence_interval":{"confidence_level":0.95,"lower_bound":3.060360102936717,"upper_bound":3.0741691725226494},"point_estimate":3.0665210165744146,"standard_error":0.003562438616269297},"StdDev":{"confidence_interval":{"confidence_level":0.95,"lower_bound":0.012785982457237251,"upper_bound":0.042041919715526135},"point_estimate":0.029465750255695485,"standard_error":0.00748966419100264}}