{"Mean":{"confidence_interval":{"confidence_level":0.95,"lower_bound":2.873694056215841,"upper_bound":3.126873440602487},"point_estimate":2.995588145063581,"standard_error":0.06480530417430527},"Median":{"confidence_interval":{"confidence_level":0.95,"lower_bound":2.6872019636088655,"upper_bound":2.733735541372422},"point_estimate":2.7091147009596854,"standard_error":0.01244923045211733},"MedianAbsDev":{"confidence_interval":{"confidence_level":0.95,"lower_bound":0.060940483286897815,"upper_bound":0.11927589133832285},"point_estimate":0.08602140370734301,"standard_error":0.015400827888181923},"Slope":{"confidence_interval":{"confidence_level":0.95,"lower_bound":2.9759882122842485,"upper_bound":3.392827003071641},"point_estimate":3.1784357340660168,"standard_error":0.10609911396405426},"StdDev":{"confidence_interval":{"confidence_level":0.95,"lower_bound":0.5126454584269937,"upper_bound":0.7506897943551969},"point_estimate":0.6518329384266535,"standard_error":0.06042781067195258}}