{"Mean":{"confidence_interval":{"confidence_level":0.95,"lower_bound":2.536287052577956,"upper_bound":2.544514706030209},"point_estimate":2.539919570513822,"standard_error":0.0021176221099263124},"Median":{"confidence_interval":{"confidence_level":0.95,"lower_bound":2.5330828484911385,"upper_bound":2.534905927640991},"point_estimate":2.5337852849513647,"standard_error":0.00046636468785740004},"MedianAbsDev":{"confidence_interval":{"confidence_level":0.95,"lower_bound":0.0031336972833840024,"upper_bound":0.00624845563357451},"point_estimate":0.004270164220894814,"standard_error":0.0008497128897143082},"Slope":{"confidence_interval":{"confidence_level":0.95,"lower_bound":2.534874713933072,"upper_bound":2.539027193212091},"point_estimate":2.536843147284497,"standard_error":0.001062535904135665},"StdDev":{"confidence_interval":{"confidence_level":0.95,"lower_bound":0.009270947325058477,"upper_bound":0.031052277945613476},"point_estimate":0.021309443631805834,"standard_error":0.0056692921540919166}}