{"Mean":{"confidence_interval":{"confidence_level":0.95,"lower_bound":2.564690657206357,"upper_bound":2.572350153518334},"point_estimate":2.568347442309411,"standard_error":0.0019501423475389902},"Median":{"confidence_interval":{"confidence_level":0.95,"lower_bound":2.562494075280746,"upper_bound":2.5682437404055625},"point_estimate":2.5649202985303186,"standard_error":0.0013492177995324424},"MedianAbsDev":{"confidence_interval":{"confidence_level":0.95,"lower_bound":0.00926045311147111,"upper_bound":0.015681011640188727},"point_estimate":0.012627976867850757,"standard_error":0.0016278901022319175},"Slope":{"confidence_interval":{"confidence_level":0.95,"lower_bound":2.559558201344508,"upper_bound":2.563631328336534},"point_estimate":2.561446203852463,"standard_error":0.0010417937267593177},"StdDev":{"confidence_interval":{"confidence_level":0.95,"lower_bound":0.013468993987472106,"upper_bound":0.025331070507645905},"point_estimate":0.01967063232992174,"standard_error":0.0030417261044082163}}