{"Mean":{"confidence_interval":{"confidence_level":0.95,"lower_bound":20937.122717444705,"upper_bound":21132.945672818172},"point_estimate":21032.02801491083,"standard_error":49.98044135267954},"Median":{"confidence_interval":{"confidence_level":0.95,"lower_bound":20679.848148148147,"upper_bound":20828.244505083734},"point_estimate":20711.533896348396,"standard_error":49.3673714343554},"MedianAbsDev":{"confidence_interval":{"confidence_level":0.95,"lower_bound":54.79719855367142,"upper_bound":280.09915585467434},"point_estimate":113.22157752373822,"standard_error":68.2682203687415},"Slope":{"confidence_interval":{"confidence_level":0.95,"lower_bound":21159.172900415862,"upper_bound":21462.371209803554},"point_estimate":21321.61534271711,"standard_error":77.42848830299694},"StdDev":{"confidence_interval":{"confidence_level":0.95,"lower_bound":428.07093136817286,"upper_bound":556.753256505108},"point_estimate":499.64007494787023,"standard_error":32.90907893112502}}