{"Mean":{"confidence_interval":{"confidence_level":0.95,"lower_bound":20777.550731850344,"upper_bound":20992.07533743436},"point_estimate":20872.74021750502,"standard_error":55.12990388847193},"Median":{"confidence_interval":{"confidence_level":0.95,"lower_bound":20690.204006410255,"upper_bound":20732.131543209878},"point_estimate":20707.394248188408,"standard_error":12.39482199697477},"MedianAbsDev":{"confidence_interval":{"confidence_level":0.95,"lower_bound":39.83060115454539,"upper_bound":99.87956774432588},"point_estimate":63.15699052369805,"standard_error":15.666080734284998},"Slope":{"confidence_interval":{"confidence_level":0.95,"lower_bound":20759.69541833365,"upper_bound":20934.548651819274},"point_estimate":20835.13290373627,"standard_error":45.07397272353002},"StdDev":{"confidence_interval":{"confidence_level":0.95,"lower_bound":235.56563958830662,"upper_bound":803.9173832552236},"point_estimate":554.2961447699311,"standard_error":145.94186876791113}}