{"Mean":{"confidence_interval":{"confidence_level":0.95,"lower_bound":4.0520684715097435,"upper_bound":4.112637678953479},"point_estimate":4.078707583807917,"standard_error":0.01526463747552265},"Median":{"confidence_interval":{"confidence_level":0.95,"lower_bound":4.047541805387409,"upper_bound":4.0478930779383155},"point_estimate":4.047665002872738,"standard_error":0.00009019674158860109},"MedianAbsDev":{"confidence_interval":{"confidence_level":0.95,"lower_bound":0.0003873239988394688,"upper_bound":0.0008319355210590943},"point_estimate":0.0005742255611971022,"standard_error":0.00011252805838962551},"Slope":{"confidence_interval":{"confidence_level":0.95,"lower_bound":4.050294414191959,"upper_bound":4.126667167825545},"point_estimate":4.083647045231971,"standard_error":0.01929800913432356},"StdDev":{"confidence_interval":{"confidence_level":0.95,"lower_bound":0.022958835285425753,"upper_bound":0.22798687092618175},"point_estimate":0.1538247402961733,"standard_error":0.04638952285387214}}