{"mean":{"confidence_interval":{"confidence_level":0.95,"lower_bound":10.457480446833781,"upper_bound":10.515149028002433},"point_estimate":10.48606132736805,"standard_error":0.014665475083668457},"median":{"confidence_interval":{"confidence_level":0.95,"lower_bound":10.505906881425938,"upper_bound":10.537280671700769},"point_estimate":10.516751927278419,"standard_error":0.008013731584193223},"median_abs_dev":{"confidence_interval":{"confidence_level":0.95,"lower_bound":0.0508809628920399,"upper_bound":0.1987985486556823},"point_estimate":0.0922524224644865,"standard_error":0.03901219149745689},"slope":{"confidence_interval":{"confidence_level":0.95,"lower_bound":10.510219582753157,"upper_bound":10.553642657503307},"point_estimate":10.533371433698685,"standard_error":0.011077968105860073},"std_dev":{"confidence_interval":{"confidence_level":0.95,"lower_bound":0.12185575460505793,"upper_bound":0.17728972507742005},"point_estimate":0.14755255844571868,"standard_error":0.014687546407638374}}