{"Mean":{"confidence_interval":{"confidence_level":0.95,"lower_bound":2.6097537376252347,"upper_bound":2.6163492986178496},"point_estimate":2.612578903499022,"standard_error":0.0017113070833084882},"Median":{"confidence_interval":{"confidence_level":0.95,"lower_bound":2.607400294337505,"upper_bound":2.6090551255305003},"point_estimate":2.607893201977682,"standard_error":0.00038616167140588444},"MedianAbsDev":{"confidence_interval":{"confidence_level":0.95,"lower_bound":0.0018332882011250038,"upper_bound":0.00379692659017373},"point_estimate":0.002497070101901161,"standard_error":0.0005055396454550251},"Slope":{"confidence_interval":{"confidence_level":0.95,"lower_bound":2.6091670158027944,"upper_bound":2.6115337588546317},"point_estimate":2.610302178372541,"standard_error":0.0006055451017577811},"StdDev":{"confidence_interval":{"confidence_level":0.95,"lower_bound":0.005405934311072578,"upper_bound":0.026477614906786007},"point_estimate":0.017184912102582932,"standard_error":0.005505118256097127}}