{"Mean":{"confidence_interval":{"confidence_level":0.95,"lower_bound":2.067253248124971,"upper_bound":2.079181761929897},"point_estimate":2.0729944871324095,"standard_error":0.0030454839572596907},"Median":{"confidence_interval":{"confidence_level":0.95,"lower_bound":2.0592642697744274,"upper_bound":2.06705118035726},"point_estimate":2.0617950146049804,"standard_error":0.0024459127291622104},"MedianAbsDev":{"confidence_interval":{"confidence_level":0.95,"lower_bound":0.012003403438990319,"upper_bound":0.02319056528427562},"point_estimate":0.016970894293211317,"standard_error":0.0030872043872059197},"Slope":{"confidence_interval":{"confidence_level":0.95,"lower_bound":2.06698236149887,"upper_bound":2.0776488427528714},"point_estimate":2.072026741836687,"standard_error":0.0027245173535451754},"StdDev":{"confidence_interval":{"confidence_level":0.95,"lower_bound":0.023708272490247775,"upper_bound":0.036478887015993375},"point_estimate":0.030602281883516626,"standard_error":0.00327062691157718}}