{"Mean":{"confidence_interval":{"confidence_level":0.95,"lower_bound":3.0638590070800316,"upper_bound":3.0781575776359023},"point_estimate":3.0704411460077012,"standard_error":0.0036506145046764507},"Median":{"confidence_interval":{"confidence_level":0.95,"lower_bound":3.0603493815691203,"upper_bound":3.061072251836911},"point_estimate":3.0606213681986265,"standard_error":0.00024058447961310735},"MedianAbsDev":{"confidence_interval":{"confidence_level":0.95,"lower_bound":0.0019636438195174393,"upper_bound":0.010432710579177459},"point_estimate":0.008984165876405274,"standard_error":0.0025947428342594837},"Slope":{"confidence_interval":{"confidence_level":0.95,"lower_bound":3.06035045317526,"upper_bound":3.0767643708397676},"point_estimate":3.067699872856458,"standard_error":0.004231317128867691},"StdDev":{"confidence_interval":{"confidence_level":0.95,"lower_bound":0.022904008366613465,"upper_bound":0.04797254750643358},"point_estimate":0.036684906669193565,"standard_error":0.006392519902736828}}