{"Mean":{"confidence_interval":{"confidence_level":0.95,"lower_bound":2.204701430335709,"upper_bound":2.20925182739254},"point_estimate":2.206690571477207,"standard_error":0.0011700014779022806},"Median":{"confidence_interval":{"confidence_level":0.95,"lower_bound":2.20267105862189,"upper_bound":2.2038733734329226},"point_estimate":2.203162804882253,"standard_error":0.0003300341768506993},"MedianAbsDev":{"confidence_interval":{"confidence_level":0.95,"lower_bound":0.0017165711515320582,"upper_bound":0.003531997009222258},"point_estimate":0.002397669963176217,"standard_error":0.00048516895242456154},"Slope":{"confidence_interval":{"confidence_level":0.95,"lower_bound":2.203618981784051,"upper_bound":2.2055020653997492},"point_estimate":2.2045095658047305,"standard_error":0.0004812358605137159},"StdDev":{"confidence_interval":{"confidence_level":0.95,"lower_bound":0.005372685908637268,"upper_bound":0.017716524539332312},"point_estimate":0.011778521641703687,"standard_error":0.0034025751351042283}}