{"Mean":{"confidence_interval":{"confidence_level":0.95,"lower_bound":7.854566501463559,"upper_bound":7.9519491286910196},"point_estimate":7.897083741660554,"standard_error":0.025162660095480568},"Median":{"confidence_interval":{"confidence_level":0.95,"lower_bound":7.822448413695302,"upper_bound":7.835471646994656},"point_estimate":7.8264402312068695,"standard_error":0.003044975606421403},"MedianAbsDev":{"confidence_interval":{"confidence_level":0.95,"lower_bound":0.015813659716586572,"upper_bound":0.0322336113429654},"point_estimate":0.022126002601276222,"standard_error":0.0038173045340305343},"Slope":{"confidence_interval":{"confidence_level":0.95,"lower_bound":7.819406984691728,"upper_bound":7.8272646194761215},"point_estimate":7.822933273160749,"standard_error":0.002003211446251735},"StdDev":{"confidence_interval":{"confidence_level":0.95,"lower_bound":0.10026595925630394,"upper_bound":0.3808954965886859},"point_estimate":0.2530448747617124,"standard_error":0.07388517219456532}}