{"Mean":{"confidence_interval":{"confidence_level":0.95,"lower_bound":7.778983010217329,"upper_bound":7.82914028665057},"point_estimate":7.801049611318867,"standard_error":0.012953039116565293},"Median":{"confidence_interval":{"confidence_level":0.95,"lower_bound":7.7560822246278125,"upper_bound":7.769445795438987},"point_estimate":7.76067145974309,"standard_error":0.0034672576680552765},"MedianAbsDev":{"confidence_interval":{"confidence_level":0.95,"lower_bound":0.01396285677825287,"upper_bound":0.028672243095030314},"point_estimate":0.021212026035170133,"standard_error":0.004060797891637827},"Slope":{"confidence_interval":{"confidence_level":0.95,"lower_bound":7.753741378647835,"upper_bound":7.761329352368195},"point_estimate":7.75729732146208,"standard_error":0.0019363288488706968},"StdDev":{"confidence_interval":{"confidence_level":0.95,"lower_bound":0.05872471165044124,"upper_bound":0.1938758242317503},"point_estimate":0.1302777630997393,"standard_error":0.03585592506865163}}