{"Mean":{"confidence_interval":{"confidence_level":0.95,"lower_bound":2.610808391997951,"upper_bound":2.6286456189095713},"point_estimate":2.618695330891383,"standard_error":0.004596237641098714},"Median":{"confidence_interval":{"confidence_level":0.95,"lower_bound":2.6030677545356267,"upper_bound":2.607235141876055},"point_estimate":2.604580133578434,"standard_error":0.001113897477185518},"MedianAbsDev":{"confidence_interval":{"confidence_level":0.95,"lower_bound":0.005253618772655515,"upper_bound":0.011797462859904462},"point_estimate":0.007957953701256196,"standard_error":0.0016235057963652254},"Slope":{"confidence_interval":{"confidence_level":0.95,"lower_bound":2.602429886510943,"upper_bound":2.6062200854300777},"point_estimate":2.6041608583827394,"standard_error":0.0009724195303020899},"StdDev":{"confidence_interval":{"confidence_level":0.95,"lower_bound":0.020810013924365187,"upper_bound":0.06691810574896036},"point_estimate":0.04615642490090126,"standard_error":0.011876966695694793}}