{"Mean":{"confidence_interval":{"confidence_level":0.95,"lower_bound":2.098814332603299,"upper_bound":2.121942287424777},"point_estimate":2.1084237870829545,"standard_error":0.005991731756145121},"Median":{"confidence_interval":{"confidence_level":0.95,"lower_bound":2.0947999426358814,"upper_bound":2.0949785908913974},"point_estimate":2.0948594930851883,"standard_error":0.00006003617747881653},"MedianAbsDev":{"confidence_interval":{"confidence_level":0.95,"lower_bound":0.00026931879630905163,"upper_bound":0.0006348228770132525},"point_estimate":0.0003415191690783512,"standard_error":0.00008518374768407116},"Slope":{"confidence_interval":{"confidence_level":0.95,"lower_bound":2.0983278494932898,"upper_bound":2.125438835666892},"point_estimate":2.109117419082589,"standard_error":0.007197633798382459},"StdDev":{"confidence_interval":{"confidence_level":0.95,"lower_bound":0.014987163220346019,"upper_bound":0.09523340318680577},"point_estimate":0.0601611584846269,"standard_error":0.021869217621180274}}