{"Mean":{"confidence_interval":{"confidence_level":0.95,"lower_bound":3.0675822440854854,"upper_bound":3.114957566312222},"point_estimate":3.0855374224095784,"standard_error":0.012747967937183202},"Median":{"confidence_interval":{"confidence_level":0.95,"lower_bound":3.0563430488572028,"upper_bound":3.058167330677291},"point_estimate":3.0566812116612914,"standard_error":0.0005074879748266304},"MedianAbsDev":{"confidence_interval":{"confidence_level":0.95,"lower_bound":0.0005800110769143129,"upper_bound":0.005982110204250966},"point_estimate":0.0011505428618081943,"standard_error":0.001312728588021774},"Slope":{"confidence_interval":{"confidence_level":0.95,"lower_bound":3.0632335606660805,"upper_bound":3.081137897392765},"point_estimate":3.0714166829063236,"standard_error":0.004609835154846966},"StdDev":{"confidence_interval":{"confidence_level":0.95,"lower_bound":0.031475070348766836,"upper_bound":0.21258048939363533},"point_estimate":0.12805596017124796,"standard_error":0.060392570352676124}}