{"Mean":{"confidence_interval":{"confidence_level":0.95,"lower_bound":2.8302180525639313,"upper_bound":2.8550291836333037},"point_estimate":2.8410720268008833,"standard_error":0.006400155133477271},"Median":{"confidence_interval":{"confidence_level":0.95,"lower_bound":2.8228281078141135,"upper_bound":2.8233294816943046},"point_estimate":2.82311278594931,"standard_error":0.0001453163482564295},"MedianAbsDev":{"confidence_interval":{"confidence_level":0.95,"lower_bound":0.0013494415462159662,"upper_bound":0.003751781177064665},"point_estimate":0.0032923729730679795,"standard_error":0.0006609589583936109},"Slope":{"confidence_interval":{"confidence_level":0.95,"lower_bound":2.8306436164569964,"upper_bound":2.881873431479691},"point_estimate":2.850337159671555,"standard_error":0.013833488724481533},"StdDev":{"confidence_interval":{"confidence_level":0.95,"lower_bound":0.028824737508873023,"upper_bound":0.09657146550645218},"point_estimate":0.06440714170577755,"standard_error":0.018530968286986027}}