{"mean":{"confidence_interval":{"confidence_level":0.95,"lower_bound":82.7436123196085,"upper_bound":82.98264659626133},"point_estimate":82.85713951388841,"standard_error":0.06120134150109278},"median":{"confidence_interval":{"confidence_level":0.95,"lower_bound":82.57425324227373,"upper_bound":82.69336332345765},"point_estimate":82.62219183617155,"standard_error":0.03153963113557514},"median_abs_dev":{"confidence_interval":{"confidence_level":0.95,"lower_bound":0.1865259080953933,"upper_bound":0.36607476767635155},"point_estimate":0.2695718019678461,"standard_error":0.04598599016383056},"slope":{"confidence_interval":{"confidence_level":0.95,"lower_bound":82.54033815096449,"upper_bound":82.73507046012806},"point_estimate":82.6203604676767,"standard_error":0.050839796280893045},"std_dev":{"confidence_interval":{"confidence_level":0.95,"lower_bound":0.4480693189270592,"upper_bound":0.7594051715339258},"point_estimate":0.6156016682305785,"standard_error":0.0794417130698887}}