{"Mean":{"confidence_interval":{"confidence_level":0.95,"lower_bound":2.624289572924445,"upper_bound":2.6325798455469314},"point_estimate":2.627926233642407,"standard_error":0.0021311759689862982},"Median":{"confidence_interval":{"confidence_level":0.95,"lower_bound":2.620291626261018,"upper_bound":2.6230698956618395},"point_estimate":2.621460777464809,"standard_error":0.0007145943004549761},"MedianAbsDev":{"confidence_interval":{"confidence_level":0.95,"lower_bound":0.002417607376187205,"upper_bound":0.0060868652631186765},"point_estimate":0.003660851243411449,"standard_error":0.0009313647257720913},"Slope":{"confidence_interval":{"confidence_level":0.95,"lower_bound":2.622575196172144,"upper_bound":2.625877796950584},"point_estimate":2.624139401082331,"standard_error":0.0008433158802722146},"StdDev":{"confidence_interval":{"confidence_level":0.95,"lower_bound":0.00862615602395388,"upper_bound":0.03160887677263612},"point_estimate":0.021449184968791134,"standard_error":0.005947275979254182}}