{"Mean":{"confidence_interval":{"confidence_level":0.95,"lower_bound":2.9167749131838594,"upper_bound":2.9364288371087013},"point_estimate":2.9254567275708747,"standard_error":0.005047803300797513},"Median":{"confidence_interval":{"confidence_level":0.95,"lower_bound":2.9085217109051733,"upper_bound":2.9140608796002763},"point_estimate":2.911203928300465,"standard_error":0.001351986482382473},"MedianAbsDev":{"confidence_interval":{"confidence_level":0.95,"lower_bound":0.005360466127869795,"upper_bound":0.011471103706911682},"point_estimate":0.00866290234300731,"standard_error":0.0014995195327114554},"Slope":{"confidence_interval":{"confidence_level":0.95,"lower_bound":2.907878424228752,"upper_bound":2.911228638800523},"point_estimate":2.909452984676602,"standard_error":0.0008570065494118047},"StdDev":{"confidence_interval":{"confidence_level":0.95,"lower_bound":0.022939071950920802,"upper_bound":0.07337460014172092},"point_estimate":0.05061631256339587,"standard_error":0.01299951232117506}}