{"mean":{"confidence_interval":{"confidence_level":0.95,"lower_bound":322.5549881679042,"upper_bound":324.60680790172177},"point_estimate":323.45443748306747,"standard_error":0.5298571803204631},"median":{"confidence_interval":{"confidence_level":0.95,"lower_bound":321.82111460403195,"upper_bound":322.72461155408007},"point_estimate":322.33082610398276,"standard_error":0.23803292596457723},"median_abs_dev":{"confidence_interval":{"confidence_level":0.95,"lower_bound":1.3506129310474555,"upper_bound":2.322656705857331},"point_estimate":1.7909282613250097,"standard_error":0.25332670479037633},"slope":{"confidence_interval":{"confidence_level":0.95,"lower_bound":321.65505329455624,"upper_bound":322.3079539646339},"point_estimate":321.97035940879783,"standard_error":0.16706255857387153},"std_dev":{"confidence_interval":{"confidence_level":0.95,"lower_bound":2.435452931077005,"upper_bound":8.016548318511154},"point_estimate":5.314819659075534,"standard_error":1.5125433452119978}}