{"Mean":{"confidence_interval":{"confidence_level":0.95,"lower_bound":4.9086277385889705,"upper_bound":4.972937549948695},"point_estimate":4.937120910894655,"standard_error":0.016543609968168158},"Median":{"confidence_interval":{"confidence_level":0.95,"lower_bound":4.868917378917379,"upper_bound":4.869307081807081},"point_estimate":4.869043250185015,"standard_error":0.00024924873472842386},"MedianAbsDev":{"confidence_interval":{"confidence_level":0.95,"lower_bound":0.00030457859355382665,"upper_bound":0.0010141222829012414},"point_estimate":0.0005010531046577821,"standard_error":0.00039033957565432745},"Slope":{"confidence_interval":{"confidence_level":0.95,"lower_bound":4.901460480630849,"upper_bound":4.984600087488934},"point_estimate":4.937189505632538,"standard_error":0.021578655703924615},"StdDev":{"confidence_interval":{"confidence_level":0.95,"lower_bound":0.08473700481683237,"upper_bound":0.24558911236669537},"point_estimate":0.16635514835903598,"standard_error":0.04423550081558098}}