{"Mean":{"confidence_interval":{"confidence_level":0.95,"lower_bound":4.9312883826239045,"upper_bound":5.0991545450828495},"point_estimate":5.009201760923477,"standard_error":0.04277792088537049},"Median":{"confidence_interval":{"confidence_level":0.95,"lower_bound":4.872821802675729,"upper_bound":4.872977474619289},"point_estimate":4.872902809382111,"standard_error":0.00003583304804044433},"MedianAbsDev":{"confidence_interval":{"confidence_level":0.95,"lower_bound":0.00017774666167010686,"upper_bound":0.0003985421273434907},"point_estimate":0.00029215267443003716,"standard_error":0.00005818138879992523},"Slope":{"confidence_interval":{"confidence_level":0.95,"lower_bound":4.88702828857748,"upper_bound":5.057464706918357},"point_estimate":4.952431334807092,"standard_error":0.04621984655226388},"StdDev":{"confidence_interval":{"confidence_level":0.95,"lower_bound":0.26758737726029014,"upper_bound":0.5477168991016498},"point_estimate":0.4310121869935788,"standard_error":0.06921358137485}}