{"Mean":{"confidence_interval":{"confidence_level":0.95,"lower_bound":4.904451140244918,"upper_bound":4.9841231592065345},"point_estimate":4.939926438259843,"standard_error":0.020385619836959606},"Median":{"confidence_interval":{"confidence_level":0.95,"lower_bound":4.861397090321061,"upper_bound":4.861794614015427},"point_estimate":4.861523707891093,"standard_error":0.00012126157297551494},"MedianAbsDev":{"confidence_interval":{"confidence_level":0.95,"lower_bound":0.00026228592065058876,"upper_bound":0.0009209893752636833},"point_estimate":0.0004627698538366053,"standard_error":0.00019658093298336083},"Slope":{"confidence_interval":{"confidence_level":0.95,"lower_bound":4.904935618287008,"upper_bound":4.974155056677895},"point_estimate":4.937074774641643,"standard_error":0.017753002771063963},"StdDev":{"confidence_interval":{"confidence_level":0.95,"lower_bound":0.09858788429017633,"upper_bound":0.2980213134194527},"point_estimate":0.2044653131192332,"standard_error":0.051986678371497924}}