{"mean":{"confidence_interval":{"confidence_level":0.95,"lower_bound":4.421412176843247,"upper_bound":4.427688191694838},"point_estimate":4.423920784529071,"standard_error":0.0016455561159899044},"median":{"confidence_interval":{"confidence_level":0.95,"lower_bound":4.418887599463292,"upper_bound":4.422012042616001},"point_estimate":4.419945415895507,"standard_error":0.0009753547562939689},"median_abs_dev":{"confidence_interval":{"confidence_level":0.95,"lower_bound":0.0028998989313324475,"upper_bound":0.007137371739217499},"point_estimate":0.004340391932148502,"standard_error":0.0012541687292461422},"slope":{"confidence_interval":{"confidence_level":0.95,"lower_bound":4.420666407754685,"upper_bound":4.423495426887926},"point_estimate":4.422016957857496,"standard_error":0.000723390815807426},"std_dev":{"confidence_interval":{"confidence_level":0.95,"lower_bound":0.005399897735888986,"upper_bound":0.02683670458005229},"point_estimate":0.0165073322047793,"standard_error":0.0069225385384585215}}