{"mean":{"confidence_interval":{"confidence_level":0.95,"lower_bound":2.498353690587234,"upper_bound":2.5128745652791635},"point_estimate":2.5044970011804635,"standard_error":0.0037692871720527254},"median":{"confidence_interval":{"confidence_level":0.95,"lower_bound":2.49322719398859,"upper_bound":2.495830582525143},"point_estimate":2.4939228597178387,"standard_error":0.0006012684224501121},"median_abs_dev":{"confidence_interval":{"confidence_level":0.95,"lower_bound":0.0034927746883749006,"upper_bound":0.006875672889512086},"point_estimate":0.004854341949509864,"standard_error":0.0008984304979745202},"slope":{"confidence_interval":{"confidence_level":0.95,"lower_bound":2.491906644782323,"upper_bound":2.4941358795766293},"point_estimate":2.4928387775661633,"standard_error":0.0005756645023373455},"std_dev":{"confidence_interval":{"confidence_level":0.95,"lower_bound":0.013593991369861703,"upper_bound":0.05933513868813376},"point_estimate":0.037990766392700416,"standard_error":0.012747240130727531}}