{"Mean":{"confidence_interval":{"confidence_level":0.95,"lower_bound":3.3486978009868773,"upper_bound":3.504830192646377},"point_estimate":3.4052962533255022,"standard_error":0.044385039469549074},"Median":{"confidence_interval":{"confidence_level":0.95,"lower_bound":3.345326104082038,"upper_bound":3.3456672443674176},"point_estimate":3.3454995374306487,"standard_error":0.00009694788738399793},"MedianAbsDev":{"confidence_interval":{"confidence_level":0.95,"lower_bound":0.0004980205547089118,"upper_bound":0.0010094931164945252},"point_estimate":0.0007132002273060867,"standard_error":0.00012587188304630028},"Slope":{"confidence_interval":{"confidence_level":0.95,"lower_bound":3.347117377168995,"upper_bound":3.3552992713161998},"point_estimate":3.3504166411622927,"standard_error":0.0021333228924971664},"StdDev":{"confidence_interval":{"confidence_level":0.95,"lower_bound":0.013702971795454,"upper_bound":0.752945795492834},"point_estimate":0.4450569440171565,"standard_error":0.23654274506719625}}