{"Mean":{"confidence_interval":{"confidence_level":0.95,"lower_bound":3.347372297156731,"upper_bound":3.413372212490375},"point_estimate":3.370411277446072,"standard_error":0.02016101865236665},"Median":{"confidence_interval":{"confidence_level":0.95,"lower_bound":3.345258375922771,"upper_bound":3.345538012218131},"point_estimate":3.3453845262551356,"standard_error":0.00007767678941078023},"MedianAbsDev":{"confidence_interval":{"confidence_level":0.95,"lower_bound":0.0003997101995555623,"upper_bound":0.0009876098133371474},"point_estimate":0.0006748646153433059,"standard_error":0.00014740196973140216},"Slope":{"confidence_interval":{"confidence_level":0.95,"lower_bound":3.3466907544036157,"upper_bound":3.355387577425732},"point_estimate":3.35046732829351,"standard_error":0.0022351249339791664},"StdDev":{"confidence_interval":{"confidence_level":0.95,"lower_bound":0.008197826396714427,"upper_bound":0.34806264592728847},"point_estimate":0.20362929798278295,"standard_error":0.11887555876086173}}