{"Mean":{"confidence_interval":{"confidence_level":0.95,"lower_bound":4745.274912051183,"upper_bound":4756.233974599042},"point_estimate":4750.5404212254625,"standard_error":2.798057932022693},"Median":{"confidence_interval":{"confidence_level":0.95,"lower_bound":4741.70155904467,"upper_bound":4748.085526315789},"point_estimate":4744.1630291153415,"standard_error":1.7460389018926996},"MedianAbsDev":{"confidence_interval":{"confidence_level":0.95,"lower_bound":9.59576780886586,"upper_bound":20.091294106605044},"point_estimate":15.415897944766318,"standard_error":2.662360794469265},"Slope":{"confidence_interval":{"confidence_level":0.95,"lower_bound":4748.092208573712,"upper_bound":4759.819537256995},"point_estimate":4753.229883218094,"standard_error":3.0448993449148656},"StdDev":{"confidence_interval":{"confidence_level":0.95,"lower_bound":20.93748128393811,"upper_bound":34.550570421389104},"point_estimate":28.14569193906454,"standard_error":3.4880464017179595}}