{"Mean":{"confidence_interval":{"confidence_level":0.95,"lower_bound":2.1884296004333885,"upper_bound":2.19065058979751},"point_estimate":2.1893551865432452,"standard_error":0.0005773115105103725},"Median":{"confidence_interval":{"confidence_level":0.95,"lower_bound":2.1875719294618654,"upper_bound":2.1883402611554352},"point_estimate":2.1879148263236794,"standard_error":0.00021995516177522275},"MedianAbsDev":{"confidence_interval":{"confidence_level":0.95,"lower_bound":0.0009733533866681339,"upper_bound":0.0021959210791753126},"point_estimate":0.00165652854678871,"standard_error":0.0003202100815131393},"Slope":{"confidence_interval":{"confidence_level":0.95,"lower_bound":2.188441043438483,"upper_bound":2.1896782175451066},"point_estimate":2.1890198041948823,"standard_error":0.00031694194060697724},"StdDev":{"confidence_interval":{"confidence_level":0.95,"lower_bound":0.0023913552688295146,"upper_bound":0.009145726373661964},"point_estimate":0.005795243577243329,"standard_error":0.0021506239855166795}}