{"Mean":{"confidence_interval":{"confidence_level":0.95,"lower_bound":2.3114650826827425,"upper_bound":2.3176951256114435},"point_estimate":2.314237660275634,"standard_error":0.0016033962752825769},"Median":{"confidence_interval":{"confidence_level":0.95,"lower_bound":2.3091248808068996,"upper_bound":2.3113492525859427},"point_estimate":2.310487993437948,"standard_error":0.0005742750812452783},"MedianAbsDev":{"confidence_interval":{"confidence_level":0.95,"lower_bound":0.0029547923929946554,"upper_bound":0.0058030815528249905},"point_estimate":0.004255001332285257,"standard_error":0.0007596515742557295},"Slope":{"confidence_interval":{"confidence_level":0.95,"lower_bound":2.31091307241969,"upper_bound":2.3135131338976107},"point_estimate":2.312168207913173,"standard_error":0.0006644609542892232},"StdDev":{"confidence_interval":{"confidence_level":0.95,"lower_bound":0.006632905669622164,"upper_bound":0.023113688588949608},"point_estimate":0.016120740549219165,"standard_error":0.004092522101003761}}