{"Mean":{"confidence_interval":{"confidence_level":0.95,"lower_bound":9.726115789398847,"upper_bound":10.253164942243709},"point_estimate":9.97417250690453,"standard_error":0.13505123651466722},"Median":{"confidence_interval":{"confidence_level":0.95,"lower_bound":9.348301000661099,"upper_bound":9.400975737103863},"point_estimate":9.371399921806375,"standard_error":0.014380957957666737},"MedianAbsDev":{"confidence_interval":{"confidence_level":0.95,"lower_bound":0.04990165355144034,"upper_bound":0.13483643866109488},"point_estimate":0.08560778694644254,"standard_error":0.024049668399232792},"Slope":{"confidence_interval":{"confidence_level":0.95,"lower_bound":9.501731014432156,"upper_bound":10.191590462443658},"point_estimate":9.813072197723809,"standard_error":0.1774925844971277},"StdDev":{"confidence_interval":{"confidence_level":0.95,"lower_bound":0.9640629519114478,"upper_bound":1.6530633150886709},"point_estimate":1.3536459885497472,"standard_error":0.17597387636581033}}