{"Mean":{"confidence_interval":{"confidence_level":0.95,"lower_bound":52.96169086599902,"upper_bound":53.27621130782835},"point_estimate":53.09428642911268,"standard_error":0.08175436612021472},"Median":{"confidence_interval":{"confidence_level":0.95,"lower_bound":52.848589779254944,"upper_bound":52.91424410801525},"point_estimate":52.874709583910516,"standard_error":0.015492587501502975},"MedianAbsDev":{"confidence_interval":{"confidence_level":0.95,"lower_bound":0.06211074567261246,"upper_bound":0.1421702020643365},"point_estimate":0.0921907872507121,"standard_error":0.02129811731688456},"Slope":{"confidence_interval":{"confidence_level":0.95,"lower_bound":52.83068531433545,"upper_bound":52.85424571477959},"point_estimate":52.84128248710189,"standard_error":0.006021618554605156},"StdDev":{"confidence_interval":{"confidence_level":0.95,"lower_bound":0.28015097984394666,"upper_bound":1.2911861572025687},"point_estimate":0.8217373197023112,"standard_error":0.28661320886791086}}