{"Mean":{"confidence_interval":{"confidence_level":0.95,"lower_bound":1.0556181249119132,"upper_bound":1.0653969413837352},"point_estimate":1.059482681838109,"standard_error":0.002591629900952485},"Median":{"confidence_interval":{"confidence_level":0.95,"lower_bound":1.0541454171367644,"upper_bound":1.0547487098912538},"point_estimate":1.0545303848387566,"standard_error":0.00016551367575803923},"MedianAbsDev":{"confidence_interval":{"confidence_level":0.95,"lower_bound":0.0010179614451461942,"upper_bound":0.001909157391461539},"point_estimate":0.0013831482408255037,"standard_error":0.00022623506202674247},"Slope":{"confidence_interval":{"confidence_level":0.95,"lower_bound":1.0548401783751464,"upper_bound":1.0565261034636093},"point_estimate":1.055620035687908,"standard_error":0.00043138928885872845},"StdDev":{"confidence_interval":{"confidence_level":0.95,"lower_bound":0.005984943740533971,"upper_bound":0.042621918139396704},"point_estimate":0.02604601707389982,"standard_error":0.01117030401503854}}