{"Mean":{"confidence_interval":{"confidence_level":0.95,"lower_bound":2.2062153949550183,"upper_bound":2.2098851153811414},"point_estimate":2.2077275638493,"standard_error":0.0009582594572312555},"Median":{"confidence_interval":{"confidence_level":0.95,"lower_bound":2.2054629283772416,"upper_bound":2.2065948504942643},"point_estimate":2.206266775665498,"standard_error":0.00032016182706461337},"MedianAbsDev":{"confidence_interval":{"confidence_level":0.95,"lower_bound":0.001429711281265137,"upper_bound":0.0022831001382575523},"point_estimate":0.001908511968786064,"standard_error":0.00022482543735473235},"Slope":{"confidence_interval":{"confidence_level":0.95,"lower_bound":2.205966520002657,"upper_bound":2.2075898687680118},"point_estimate":2.2066705375087188,"standard_error":0.0004184684507282125},"StdDev":{"confidence_interval":{"confidence_level":0.95,"lower_bound":0.00296919812227682,"upper_bound":0.015400696809969089},"point_estimate":0.009626375009866383,"standard_error":0.0036508063930535905}}