{"Mean":{"confidence_interval":{"confidence_level":0.95,"lower_bound":4.755659968976588,"upper_bound":4.913804830158829},"point_estimate":4.828554250735734,"standard_error":0.03971022670117155},"Median":{"confidence_interval":{"confidence_level":0.95,"lower_bound":4.707764534093996,"upper_bound":4.708521501510139},"point_estimate":4.708055361508906,"standard_error":0.00017401804968139218},"MedianAbsDev":{"confidence_interval":{"confidence_level":0.95,"lower_bound":0.0009518836300647108,"upper_bound":0.001855201509728323},"point_estimate":0.0012897122326035384,"standard_error":0.00021542523191691912},"Slope":{"confidence_interval":{"confidence_level":0.95,"lower_bound":4.836544386256448,"upper_bound":5.1958431822725855},"point_estimate":5.013819419930535,"standard_error":0.09136518698574844},"StdDev":{"confidence_interval":{"confidence_level":0.95,"lower_bound":0.25221461541364093,"upper_bound":0.5057595885390866},"point_estimate":0.39819908933772047,"standard_error":0.06444776406231438}}