{"Mean":{"confidence_interval":{"confidence_level":0.95,"lower_bound":4.332753947468404,"upper_bound":4.390470599454814},"point_estimate":4.357690228746826,"standard_error":0.014808521074969876},"Median":{"confidence_interval":{"confidence_level":0.95,"lower_bound":4.3265491263361335,"upper_bound":4.333131357643862},"point_estimate":4.3291400425985085,"standard_error":0.001869464089590734},"MedianAbsDev":{"confidence_interval":{"confidence_level":0.95,"lower_bound":0.005548753895100349,"upper_bound":0.015385445540862805},"point_estimate":0.010510882329684659,"standard_error":0.002561997936809032},"Slope":{"confidence_interval":{"confidence_level":0.95,"lower_bound":4.328042608719295,"upper_bound":4.3435072709280265},"point_estimate":4.3349699152357655,"standard_error":0.003987652347681515},"StdDev":{"confidence_interval":{"confidence_level":0.95,"lower_bound":0.02782201790161576,"upper_bound":0.22113119380364737},"point_estimate":0.14931037752041837,"standard_error":0.04712966401257567}}