{"Mean":{"confidence_interval":{"confidence_level":0.95,"lower_bound":4.099968836609028,"upper_bound":4.183176392758392},"point_estimate":4.130104385553063,"standard_error":0.02402109004299988},"Median":{"confidence_interval":{"confidence_level":0.95,"lower_bound":4.096633310719132,"upper_bound":4.096934160366996},"point_estimate":4.096727293317019,"standard_error":0.00008426756666208986},"MedianAbsDev":{"confidence_interval":{"confidence_level":0.95,"lower_bound":0.0007914449612648108,"upper_bound":0.006694296866733884},"point_estimate":0.001709730727620851,"standard_error":0.0017924590573657716},"Slope":{"confidence_interval":{"confidence_level":0.95,"lower_bound":4.096955528012236,"upper_bound":4.110965400279293},"point_estimate":4.102970561703085,"standard_error":0.0035973321435683425},"StdDev":{"confidence_interval":{"confidence_level":0.95,"lower_bound":0.026283508775943227,"upper_bound":0.4102455150412568},"point_estimate":0.2419362398508072,"standard_error":0.13046287897438913}}