{"mean":{"confidence_interval":{"confidence_level":0.95,"lower_bound":29.84533163109733,"upper_bound":30.09123530338758},"point_estimate":29.940300042595613,"standard_error":0.06568233437119424},"median":{"confidence_interval":{"confidence_level":0.95,"lower_bound":29.79105979452866,"upper_bound":29.868881798636842},"point_estimate":29.82882568416988,"standard_error":0.02274419272359109},"median_abs_dev":{"confidence_interval":{"confidence_level":0.95,"lower_bound":0.11486118374990635,"upper_bound":0.19063270297227763},"point_estimate":0.15349355710695958,"standard_error":0.019270762883223432},"slope":{"confidence_interval":{"confidence_level":0.95,"lower_bound":29.842190812475447,"upper_bound":29.954920025647738},"point_estimate":29.893268474622637,"standard_error":0.028806803546206274},"std_dev":{"confidence_interval":{"confidence_level":0.95,"lower_bound":0.16421995862931613,"upper_bound":1.0901288312901338},"point_estimate":0.6589840877085483,"standard_error":0.30167945869249835}}