{"mean":{"confidence_interval":{"confidence_level":0.95,"lower_bound":32.72567546709248,"upper_bound":32.85720022209355},"point_estimate":32.78697563219831,"standard_error":0.033667978702084794},"median":{"confidence_interval":{"confidence_level":0.95,"lower_bound":32.696575383905596,"upper_bound":32.80563981593676},"point_estimate":32.72975637975931,"standard_error":0.02880078623511763},"median_abs_dev":{"confidence_interval":{"confidence_level":0.95,"lower_bound":0.18194689043163165,"upper_bound":0.29270546856902807},"point_estimate":0.23602236379274566,"standard_error":0.027619776197622868},"slope":{"confidence_interval":{"confidence_level":0.95,"lower_bound":32.70339095319166,"upper_bound":32.80676483410611},"point_estimate":32.755256510719676,"standard_error":0.02623415606814421},"std_dev":{"confidence_interval":{"confidence_level":0.95,"lower_bound":0.20711557409670517,"upper_bound":0.4545127537099333},"point_estimate":0.3381361070650005,"standard_error":0.06392138018124378}}