{"Mean":{"confidence_interval":{"confidence_level":0.95,"lower_bound":8.051833467329901,"upper_bound":8.181317985935598},"point_estimate":8.109203092379271,"standard_error":0.03351460041525952},"Median":{"confidence_interval":{"confidence_level":0.95,"lower_bound":8.01883649307452,"upper_bound":8.019249331749332},"point_estimate":8.018987313104962,"standard_error":0.00011708318496537691},"MedianAbsDev":{"confidence_interval":{"confidence_level":0.95,"lower_bound":0.0003817331856140003,"upper_bound":0.001000755982990389},"point_estimate":0.0006267425119414924,"standard_error":0.00015737712575080847},"Slope":{"confidence_interval":{"confidence_level":0.95,"lower_bound":8.037111768884891,"upper_bound":8.106476837823864},"point_estimate":8.067540851146585,"standard_error":0.017812678375895813},"StdDev":{"confidence_interval":{"confidence_level":0.95,"lower_bound":0.14341645072307974,"upper_bound":0.4890154809713194},"point_estimate":0.33766186093552186,"standard_error":0.08840475884253235}}