{"Mean":{"confidence_interval":{"confidence_level":0.95,"lower_bound":8.04952310551376,"upper_bound":8.183213166171724},"point_estimate":8.105776535978656,"standard_error":0.034654663423725085},"Median":{"confidence_interval":{"confidence_level":0.95,"lower_bound":8.018948285458462,"upper_bound":8.019334698398845},"point_estimate":8.019073810585628,"standard_error":0.00009463066446110888},"MedianAbsDev":{"confidence_interval":{"confidence_level":0.95,"lower_bound":0.0003563059249967471,"upper_bound":0.0009215689435133758},"point_estimate":0.0005527498544371438,"standard_error":0.00013829269958340128},"Slope":{"confidence_interval":{"confidence_level":0.95,"lower_bound":8.0368621123043,"upper_bound":8.096364179925523},"point_estimate":8.063746359229086,"standard_error":0.015332103616970369},"StdDev":{"confidence_interval":{"confidence_level":0.95,"lower_bound":0.11319936453605142,"upper_bound":0.546771774546234},"point_estimate":0.347716380331998,"standard_error":0.12103295468207668}}