{"Mean":{"confidence_interval":{"confidence_level":0.95,"lower_bound":9.17533422463782,"upper_bound":9.228146646878695},"point_estimate":9.198529233124736,"standard_error":0.013580551217384574},"Median":{"confidence_interval":{"confidence_level":0.95,"lower_bound":9.16456167283046,"upper_bound":9.165090386301511},"point_estimate":9.164798116287159,"standard_error":0.00014299888995439393},"MedianAbsDev":{"confidence_interval":{"confidence_level":0.95,"lower_bound":0.000559105395301349,"upper_bound":0.001310371601372342},"point_estimate":0.0008898260266265713,"standard_error":0.00020633270746206966},"Slope":{"confidence_interval":{"confidence_level":0.95,"lower_bound":9.172785089061955,"upper_bound":9.210937583886988},"point_estimate":9.189614981363224,"standard_error":0.00980334262592495},"StdDev":{"confidence_interval":{"confidence_level":0.95,"lower_bound":0.04340840178525218,"upper_bound":0.19684166744758796},"point_estimate":0.1367567638723475,"standard_error":0.03695307427465041}}