{"mean":{"confidence_interval":{"confidence_level":0.95,"lower_bound":40.000068857889175,"upper_bound":40.386848927858445},"point_estimate":40.17004363950408,"standard_error":0.09902162009419192},"median":{"confidence_interval":{"confidence_level":0.95,"lower_bound":39.81948527979113,"upper_bound":40.024927626137305},"point_estimate":39.95091249447391,"standard_error":0.04964665077227468},"median_abs_dev":{"confidence_interval":{"confidence_level":0.95,"lower_bound":0.2929090632381505,"upper_bound":0.519088672131008},"point_estimate":0.38744761691950247,"standard_error":0.05834911839992587},"slope":{"confidence_interval":{"confidence_level":0.95,"lower_bound":40.15890193684255,"upper_bound":40.715438918428006},"point_estimate":40.40230344386692,"standard_error":0.14393745082479767},"std_dev":{"confidence_interval":{"confidence_level":0.95,"lower_bound":0.5058382740919453,"upper_bound":1.4874735032285717},"point_estimate":0.9981670366748104,"standard_error":0.2835769124033312}}