{"mean":{"confidence_interval":{"confidence_level":0.95,"lower_bound":2.3178318891786396,"upper_bound":2.319819197092958},"point_estimate":2.3187284832371677,"standard_error":0.0005104875626868415},"median":{"confidence_interval":{"confidence_level":0.95,"lower_bound":2.3170639065890803,"upper_bound":2.3179508702389136},"point_estimate":2.317540817602601,"standard_error":0.000226988180225249},"median_abs_dev":{"confidence_interval":{"confidence_level":0.95,"lower_bound":0.0013593361098625243,"upper_bound":0.0022554443531197766},"point_estimate":0.001885987669458654,"standard_error":0.00024059727734636143},"slope":{"confidence_interval":{"confidence_level":0.95,"lower_bound":2.3176893170518555,"upper_bound":2.320837554826104},"point_estimate":2.318954320191368,"standard_error":0.000832144186329824},"std_dev":{"confidence_interval":{"confidence_level":0.95,"lower_bound":0.002545855532539666,"upper_bound":0.007263243617859611},"point_estimate":0.005133305990293516,"standard_error":0.0012278027019004983}}