{"Mean":{"confidence_interval":{"confidence_level":0.95,"lower_bound":2.7374774027801565,"upper_bound":2.753070900142606},"point_estimate":2.7448434902997474,"standard_error":0.003986735535793099},"Median":{"confidence_interval":{"confidence_level":0.95,"lower_bound":2.726018858089935,"upper_bound":2.7347134597099},"point_estimate":2.732010291636221,"standard_error":0.0022155677105099576},"MedianAbsDev":{"confidence_interval":{"confidence_level":0.95,"lower_bound":0.01196891980122195,"upper_bound":0.025284683126628706},"point_estimate":0.018327505074484645,"standard_error":0.0033692726891264785},"Slope":{"confidence_interval":{"confidence_level":0.95,"lower_bound":2.7367275867141094,"upper_bound":2.7540706019173418},"point_estimate":2.7449513323438928,"standard_error":0.004431851613288586},"StdDev":{"confidence_interval":{"confidence_level":0.95,"lower_bound":0.028569851452689952,"upper_bound":0.05019692327056925},"point_estimate":0.0401216124071432,"standard_error":0.005538270813685683}}