{"Mean":{"confidence_interval":{"confidence_level":0.95,"lower_bound":2.7043717850361895,"upper_bound":2.7086295478734206},"point_estimate":2.706298381596869,"standard_error":0.001091145755993404},"Median":{"confidence_interval":{"confidence_level":0.95,"lower_bound":2.702509425532344,"upper_bound":2.7040694245513524},"point_estimate":2.703230823277051,"standard_error":0.0004337678591926111},"MedianAbsDev":{"confidence_interval":{"confidence_level":0.95,"lower_bound":0.003043153293013869,"upper_bound":0.005746752310375934},"point_estimate":0.004232336811863635,"standard_error":0.0006937393753890186},"Slope":{"confidence_interval":{"confidence_level":0.95,"lower_bound":2.703254857341893,"upper_bound":2.7060051689853055},"point_estimate":2.7044550920094665,"standard_error":0.0007057290604088323},"StdDev":{"confidence_interval":{"confidence_level":0.95,"lower_bound":0.005644778398605772,"upper_bound":0.015474703315831013},"point_estimate":0.010974306746741025,"standard_error":0.0025885933156319955}}