{"Mean":{"confidence_interval":{"confidence_level":0.95,"lower_bound":195870.7830743943,"upper_bound":196284.36779093277},"point_estimate":196042.33928485392,"standard_error":107.96321923708449},"Median":{"confidence_interval":{"confidence_level":0.95,"lower_bound":195737.65750111372,"upper_bound":195822.29223744292},"point_estimate":195784.89734791353,"standard_error":19.300674820957816},"MedianAbsDev":{"confidence_interval":{"confidence_level":0.95,"lower_bound":107.34739802900663,"upper_bound":227.17794791380553},"point_estimate":157.973052087022,"standard_error":29.600792716297402},"Slope":{"confidence_interval":{"confidence_level":0.95,"lower_bound":195817.7937681989,"upper_bound":195942.59069759762},"point_estimate":195877.15298753756,"standard_error":31.90990980657274},"StdDev":{"confidence_interval":{"confidence_level":0.95,"lower_bound":274.28466308900005,"upper_bound":1720.153979058991},"point_estimate":1085.2840370569952,"standard_error":400.6734683251713}}