{"Mean":{"confidence_interval":{"confidence_level":0.95,"lower_bound":43.39732405065761,"upper_bound":43.50789082363345},"point_estimate":43.437914062177185,"standard_error":0.03138925705351958},"Median":{"confidence_interval":{"confidence_level":0.95,"lower_bound":43.38331192585457,"upper_bound":43.40102967984552},"point_estimate":43.39180728622863,"standard_error":0.004333920552114513},"MedianAbsDev":{"confidence_interval":{"confidence_level":0.95,"lower_bound":0.027345793325613824,"upper_bound":0.05722245713225296},"point_estimate":0.041327097983615925,"standard_error":0.007624195007812144},"Slope":{"confidence_interval":{"confidence_level":0.95,"lower_bound":43.38944685035951,"upper_bound":43.41959531964532},"point_estimate":43.402959650307956,"standard_error":0.007682581540799051},"StdDev":{"confidence_interval":{"confidence_level":0.95,"lower_bound":0.0539456006780249,"upper_bound":0.5342870110350103},"point_estimate":0.3158029893233621,"standard_error":0.16698154207446708}}