{"Mean":{"confidence_interval":{"confidence_level":0.95,"lower_bound":2.486437720310736,"upper_bound":2.4913362937459915},"point_estimate":2.4886507831990965,"standard_error":0.0012542964243719079},"Median":{"confidence_interval":{"confidence_level":0.95,"lower_bound":2.4843408047157958,"upper_bound":2.4860902953191752},"point_estimate":2.4852852560092056,"standard_error":0.0005139560342624925},"MedianAbsDev":{"confidence_interval":{"confidence_level":0.95,"lower_bound":0.0022617860471166014,"upper_bound":0.004306567874665308},"point_estimate":0.003100441919998761,"standard_error":0.0005338598147830726},"Slope":{"confidence_interval":{"confidence_level":0.95,"lower_bound":2.4855539714236965,"upper_bound":2.48729259140418},"point_estimate":2.4863932171560763,"standard_error":0.0004436777797482888},"StdDev":{"confidence_interval":{"confidence_level":0.95,"lower_bound":0.006606313067185754,"upper_bound":0.01732166461682172},"point_estimate":0.012576729962105904,"standard_error":0.0027160422613972984}}