{"Mean":{"confidence_interval":{"confidence_level":0.95,"lower_bound":9.580897220071575,"upper_bound":9.642502822499702},"point_estimate":9.608801185401411,"standard_error":0.015840420222018533},"Median":{"confidence_interval":{"confidence_level":0.95,"lower_bound":9.553034167761252,"upper_bound":9.566470918265999},"point_estimate":9.561886542273776,"standard_error":0.0038466183217708907},"MedianAbsDev":{"confidence_interval":{"confidence_level":0.95,"lower_bound":0.01613656400235647,"upper_bound":0.031604016548723475},"point_estimate":0.025143212097933167,"standard_error":0.004455780748898004},"Slope":{"confidence_interval":{"confidence_level":0.95,"lower_bound":9.552197301788722,"upper_bound":9.561412986692828},"point_estimate":9.55654431649948,"standard_error":0.0023511787824696245},"StdDev":{"confidence_interval":{"confidence_level":0.95,"lower_bound":0.08308536466028732,"upper_bound":0.2219357202001115},"point_estimate":0.15930101442267344,"standard_error":0.035591872211194815}}