{"Mean":{"confidence_interval":{"confidence_level":0.95,"lower_bound":3.425495496515314,"upper_bound":3.4472891886791106},"point_estimate":3.434918338526472,"standard_error":0.005617804814725255},"Median":{"confidence_interval":{"confidence_level":0.95,"lower_bound":3.416270186613419,"upper_bound":3.422658847741812},"point_estimate":3.419519553029847,"standard_error":0.0014919837389994947},"MedianAbsDev":{"confidence_interval":{"confidence_level":0.95,"lower_bound":0.0057496835664502905,"upper_bound":0.012837291810659204},"point_estimate":0.009249532025437815,"standard_error":0.0017271571814132405},"Slope":{"confidence_interval":{"confidence_level":0.95,"lower_bound":3.4154689872969186,"upper_bound":3.420608826747539},"point_estimate":3.4175947664848447,"standard_error":0.0013239838230201674},"StdDev":{"confidence_interval":{"confidence_level":0.95,"lower_bound":0.021470460572179103,"upper_bound":0.08577641175606812},"point_estimate":0.05628649273582831,"standard_error":0.01697419130170253}}