{"Mean":{"confidence_interval":{"confidence_level":0.95,"lower_bound":26.723349416708828,"upper_bound":26.919628661063925},"point_estimate":26.809037718726508,"standard_error":0.050626302546626985},"Median":{"confidence_interval":{"confidence_level":0.95,"lower_bound":26.66713990998356,"upper_bound":26.700958884774664},"point_estimate":26.677039695999994,"standard_error":0.008189780543273933},"MedianAbsDev":{"confidence_interval":{"confidence_level":0.95,"lower_bound":0.045837333979056746,"upper_bound":0.08021438833419167},"point_estimate":0.062223414591371734,"standard_error":0.009020160726481317},"Slope":{"confidence_interval":{"confidence_level":0.95,"lower_bound":26.650159383160226,"upper_bound":26.669390916825037},"point_estimate":26.658987796622,"standard_error":0.004922084173749446},"StdDev":{"confidence_interval":{"confidence_level":0.95,"lower_bound":0.17383648910337568,"upper_bound":0.7477253599087188},"point_estimate":0.5082107941861117,"standard_error":0.14764533772214786}}