{"Mean":{"confidence_interval":{"confidence_level":0.95,"lower_bound":7.737705415357624,"upper_bound":7.843273624093976},"point_estimate":7.779280203062411,"standard_error":0.027901653314372846},"Median":{"confidence_interval":{"confidence_level":0.95,"lower_bound":7.732584012584013,"upper_bound":7.7330530530530535},"point_estimate":7.732693225376153,"standard_error":0.00013708964919036676},"MedianAbsDev":{"confidence_interval":{"confidence_level":0.95,"lower_bound":0.00037439779353759436,"upper_bound":0.0010388588404147952},"point_estimate":0.00053949288889357,"standard_error":0.00018282576936690944},"Slope":{"confidence_interval":{"confidence_level":0.95,"lower_bound":7.736051151809773,"upper_bound":7.788771993529369},"point_estimate":7.75522425632371,"standard_error":0.014406160424573804},"StdDev":{"confidence_interval":{"confidence_level":0.95,"lower_bound":0.016139470539254675,"upper_bound":0.4641377411295323},"point_estimate":0.2804375673572953,"standard_error":0.12658140746829696}}