{"Mean":{"confidence_interval":{"confidence_level":0.95,"lower_bound":7.7415376917603265,"upper_bound":7.763403012429772},"point_estimate":7.751589647624821,"standard_error":0.005625491066864869},"Median":{"confidence_interval":{"confidence_level":0.95,"lower_bound":7.732655622489959,"upper_bound":7.733215757767914},"point_estimate":7.732931726907631,"standard_error":0.0001362824841963363},"MedianAbsDev":{"confidence_interval":{"confidence_level":0.95,"lower_bound":0.0005527671993742226,"upper_bound":0.0013616232129607738},"point_estimate":0.0009041152592793515,"standard_error":0.00020422893275482705},"Slope":{"confidence_interval":{"confidence_level":0.95,"lower_bound":7.73703416080813,"upper_bound":7.771085066467426},"point_estimate":7.75234905040585,"standard_error":0.008658064061734656},"StdDev":{"confidence_interval":{"confidence_level":0.95,"lower_bound":0.03318202750741912,"upper_bound":0.07440045855732953},"point_estimate":0.05671225748416762,"standard_error":0.010711846702394008}}