{"mean":{"confidence_interval":{"confidence_level":0.95,"lower_bound":9957.380185502923,"upper_bound":10002.731003130377},"point_estimate":9977.68740827854,"standard_error":11.675815275706508},"median":{"confidence_interval":{"confidence_level":0.95,"lower_bound":9948.059835271317,"upper_bound":9952.722444444444},"point_estimate":9950.169965811965,"standard_error":1.096050525746127},"median_abs_dev":{"confidence_interval":{"confidence_level":0.95,"lower_bound":8.53432199848625,"upper_bound":18.1418567973839},"point_estimate":11.028626377599219,"standard_error":2.2911739195986},"slope":{"confidence_interval":{"confidence_level":0.95,"lower_bound":9951.11260954598,"upper_bound":9957.808541794962},"point_estimate":9954.308125107138,"standard_error":1.7096676715672419},"std_dev":{"confidence_interval":{"confidence_level":0.95,"lower_bound":53.85811460174545,"upper_bound":164.69503499799},"point_estimate":117.74282484284619,"standard_error":27.78850518384333}}