{"mean":{"confidence_interval":{"confidence_level":0.95,"lower_bound":71.62649453959162,"upper_bound":72.12525187110059},"point_estimate":71.84334424611043,"standard_error":0.12822937933304024},"median":{"confidence_interval":{"confidence_level":0.95,"lower_bound":71.44788150325218,"upper_bound":71.54805228168449},"point_estimate":71.49546711098775,"standard_error":0.02821185433188179},"median_abs_dev":{"confidence_interval":{"confidence_level":0.95,"lower_bound":0.1283121211007371,"upper_bound":0.2572115835226684},"point_estimate":0.18468653812759253,"standard_error":0.034278061986170776},"slope":{"confidence_interval":{"confidence_level":0.95,"lower_bound":71.41559354993707,"upper_bound":71.47679159071706},"point_estimate":71.44368803825812,"standard_error":0.01562105201447042},"std_dev":{"confidence_interval":{"confidence_level":0.95,"lower_bound":0.48623729245074837,"upper_bound":1.9561201578614358},"point_estimate":1.2919025845606986,"standard_error":0.3830560997022369}}