{"Mean":{"confidence_interval":{"confidence_level":0.95,"lower_bound":2.197897454483089,"upper_bound":2.256387941488311},"point_estimate":2.2241047347814518,"standard_error":0.01498924718034188},"Median":{"confidence_interval":{"confidence_level":0.95,"lower_bound":2.1840144490337288,"upper_bound":2.1861315755470674},"point_estimate":2.1850506482795566,"standard_error":0.0004971822646523498},"MedianAbsDev":{"confidence_interval":{"confidence_level":0.95,"lower_bound":0.0027099188757541957,"upper_bound":0.0060317591654475075},"point_estimate":0.004201770524955431,"standard_error":0.0008596047517784111},"Slope":{"confidence_interval":{"confidence_level":0.95,"lower_bound":2.1918756713406022,"upper_bound":2.2268257334278543},"point_estimate":2.206800428687029,"standard_error":0.008979592931447575},"StdDev":{"confidence_interval":{"confidence_level":0.95,"lower_bound":0.07625270530749179,"upper_bound":0.20499371714897194},"point_estimate":0.15029851914999126,"standard_error":0.03420124748696625}}