{"Mean":{"confidence_interval":{"confidence_level":0.95,"lower_bound":1.7766694482750507,"upper_bound":1.7825225772151385},"point_estimate":1.7793410861962493,"standard_error":0.0015056850751008143},"Median":{"confidence_interval":{"confidence_level":0.95,"lower_bound":1.7744817002548066,"upper_bound":1.774636567200848},"point_estimate":1.7745557917399064,"standard_error":0.00004297149124649481},"MedianAbsDev":{"confidence_interval":{"confidence_level":0.95,"lower_bound":0.000280463510764899,"upper_bound":0.0005087918187168747},"point_estimate":0.0003928578113743205,"standard_error":0.00006120109131521402},"Slope":{"confidence_interval":{"confidence_level":0.95,"lower_bound":1.7753247583660574,"upper_bound":1.7804992093136045},"point_estimate":1.7772684222671176,"standard_error":0.0014035262929924866},"StdDev":{"confidence_interval":{"confidence_level":0.95,"lower_bound":0.009000454360383452,"upper_bound":0.020379085609184496},"point_estimate":0.015172531932840422,"standard_error":0.002933562477855598}}