{"Mean":{"confidence_interval":{"confidence_level":0.95,"lower_bound":7.445473602975766,"upper_bound":7.488064787959665},"point_estimate":7.4634833888912775,"standard_error":0.01102179215934973},"Median":{"confidence_interval":{"confidence_level":0.95,"lower_bound":7.430258496128957,"upper_bound":7.438121666917973},"point_estimate":7.433727702449918,"standard_error":0.0021413360378634214},"MedianAbsDev":{"confidence_interval":{"confidence_level":0.95,"lower_bound":0.007869874821987612,"upper_bound":0.018318826624972234},"point_estimate":0.012531353090298984,"standard_error":0.0026992318075491338},"Slope":{"confidence_interval":{"confidence_level":0.95,"lower_bound":7.428531374159377,"upper_bound":7.432908248941837},"point_estimate":7.430537235957579,"standard_error":0.0011220726560332176},"StdDev":{"confidence_interval":{"confidence_level":0.95,"lower_bound":0.039092139716946465,"upper_bound":0.17399209353738185},"point_estimate":0.11120825670133054,"standard_error":0.0380291903401313}}