{"Mean":{"confidence_interval":{"confidence_level":0.95,"lower_bound":411.0573259381565,"upper_bound":415.181068392235},"point_estimate":412.8556459934534,"standard_error":1.061926559647391},"Median":{"confidence_interval":{"confidence_level":0.95,"lower_bound":409.2975119334263,"upper_bound":410.35018915126},"point_estimate":409.7753008608504,"standard_error":0.24943402893564226},"MedianAbsDev":{"confidence_interval":{"confidence_level":0.95,"lower_bound":1.039102259274012,"upper_bound":2.349470985219798},"point_estimate":1.6452679376918076,"standard_error":0.3112732321802184},"Slope":{"confidence_interval":{"confidence_level":0.95,"lower_bound":408.9818036740144,"upper_bound":409.33095455832273},"point_estimate":409.14119372796904,"standard_error":0.08914543500884795},"StdDev":{"confidence_interval":{"confidence_level":0.95,"lower_bound":4.411968606368734,"upper_bound":16.12338205559563},"point_estimate":10.658168137430401,"standard_error":3.142196159900738}}