{"Mean":{"confidence_interval":{"confidence_level":0.95,"lower_bound":7.014868487250606,"upper_bound":7.0670768215534725},"point_estimate":7.038665237094811,"standard_error":0.013361213581132556},"Median":{"confidence_interval":{"confidence_level":0.95,"lower_bound":6.988539648428826,"upper_bound":7.005631434749802},"point_estimate":6.995292050907593,"standard_error":0.00448516452828357},"MedianAbsDev":{"confidence_interval":{"confidence_level":0.95,"lower_bound":0.015282285224040163,"upper_bound":0.03374959937599977},"point_estimate":0.022048385557400543,"standard_error":0.004565623403111717},"Slope":{"confidence_interval":{"confidence_level":0.95,"lower_bound":6.987070483849271,"upper_bound":7.018242464163398},"point_estimate":6.99826161095255,"standard_error":0.00857075162105444},"StdDev":{"confidence_interval":{"confidence_level":0.95,"lower_bound":0.07678403251062069,"upper_bound":0.1842351367431032},"point_estimate":0.13415871512645636,"standard_error":0.027641559473477885}}