{"Mean":{"confidence_interval":{"confidence_level":0.95,"lower_bound":43.84023264236518,"upper_bound":44.09482088883824},"point_estimate":43.94825047266405,"standard_error":0.06598105856319182},"Median":{"confidence_interval":{"confidence_level":0.95,"lower_bound":43.75078664950286,"upper_bound":43.80393216302046},"point_estimate":43.77426493398612,"standard_error":0.013596622859133496},"MedianAbsDev":{"confidence_interval":{"confidence_level":0.95,"lower_bound":0.061886655527127195,"upper_bound":0.11849062003505918},"point_estimate":0.0907220335750351,"standard_error":0.014490454390748132},"Slope":{"confidence_interval":{"confidence_level":0.95,"lower_bound":43.73265160394482,"upper_bound":43.75453471633305},"point_estimate":43.7426543646212,"standard_error":0.005582326453447621},"StdDev":{"confidence_interval":{"confidence_level":0.95,"lower_bound":0.2416332035899745,"upper_bound":1.033572434982984},"point_estimate":0.6628008038161212,"standard_error":0.22364389912480195}}