{"Mean":{"confidence_interval":{"confidence_level":0.95,"lower_bound":43.6836908624583,"upper_bound":43.797194456868695},"point_estimate":43.731985033539274,"standard_error":0.02932831255982542},"Median":{"confidence_interval":{"confidence_level":0.95,"lower_bound":43.650757541965895,"upper_bound":43.676411220745564},"point_estimate":43.66597781584778,"standard_error":0.006143872351526636},"MedianAbsDev":{"confidence_interval":{"confidence_level":0.95,"lower_bound":0.03964115494188661,"upper_bound":0.06926901929690399},"point_estimate":0.05673506616004412,"standard_error":0.007134313383602806},"Slope":{"confidence_interval":{"confidence_level":0.95,"lower_bound":43.66941849963311,"upper_bound":43.73922369266024},"point_estimate":43.69826964705734,"standard_error":0.018186747698619887},"StdDev":{"confidence_interval":{"confidence_level":0.95,"lower_bound":0.07888736102813992,"upper_bound":0.4532786840366177},"point_estimate":0.2960909344820525,"standard_error":0.09691736031935029}}