{"Mean":{"confidence_interval":{"confidence_level":0.95,"lower_bound":43.99996809831531,"upper_bound":44.32128866529111},"point_estimate":44.15396926842426,"standard_error":0.08209089861579119},"Median":{"confidence_interval":{"confidence_level":0.95,"lower_bound":43.706570990171734,"upper_bound":43.90824966536964},"point_estimate":43.80902687970881,"standard_error":0.05114670577417062},"MedianAbsDev":{"confidence_interval":{"confidence_level":0.95,"lower_bound":0.20410408780950806,"upper_bound":0.4471058089901894},"point_estimate":0.33167999214338545,"standard_error":0.06428876318835734},"Slope":{"confidence_interval":{"confidence_level":0.95,"lower_bound":43.780680250701934,"upper_bound":43.94834724649375},"point_estimate":43.85946230431718,"standard_error":0.04281752422186706},"StdDev":{"confidence_interval":{"confidence_level":0.95,"lower_bound":0.6557016707984785,"upper_bound":0.9554761317316606},"point_estimate":0.8229316117178245,"standard_error":0.07660272711230183}}