{"Mean":{"confidence_interval":{"confidence_level":0.95,"lower_bound":2.8501629493259384,"upper_bound":2.8673565526664104},"point_estimate":2.858328299477674,"standard_error":0.00441308003649412},"Median":{"confidence_interval":{"confidence_level":0.95,"lower_bound":2.8344227437391716,"upper_bound":2.835046651267456},"point_estimate":2.8348165994050465,"standard_error":0.0001941291248361978},"MedianAbsDev":{"confidence_interval":{"confidence_level":0.95,"lower_bound":0.0010018636234270224,"upper_bound":0.0032789690707834204},"point_estimate":0.001779065236277403,"standard_error":0.0005906821282640282},"Slope":{"confidence_interval":{"confidence_level":0.95,"lower_bound":2.8745533840764947,"upper_bound":2.8994841336022894},"point_estimate":2.887593461513375,"standard_error":0.006341204047068072},"StdDev":{"confidence_interval":{"confidence_level":0.95,"lower_bound":0.03355227460676153,"upper_bound":0.05553747598615745},"point_estimate":0.04446224964964193,"standard_error":0.005705353001971212}}