{"Mean":{"confidence_interval":{"confidence_level":0.95,"lower_bound":1.774206828473204,"upper_bound":1.7865092610181146},"point_estimate":1.7796670524225906,"standard_error":0.003158952672149024},"Median":{"confidence_interval":{"confidence_level":0.95,"lower_bound":1.769352152190028,"upper_bound":1.77192005459021},"point_estimate":1.7705522186213618,"standard_error":0.0007003828028271333},"MedianAbsDev":{"confidence_interval":{"confidence_level":0.95,"lower_bound":0.004529069062532507,"upper_bound":0.008080103808979198},"point_estimate":0.005987434881449944,"standard_error":0.0008797629732342283},"Slope":{"confidence_interval":{"confidence_level":0.95,"lower_bound":1.7676274016980176,"upper_bound":1.769407512212899},"point_estimate":1.7684486904802654,"standard_error":0.00045359097786557044},"StdDev":{"confidence_interval":{"confidence_level":0.95,"lower_bound":0.014888282981115237,"upper_bound":0.046433020663450945},"point_estimate":0.03183511384686168,"standard_error":0.008186213077757274}}