{"mean":{"confidence_interval":{"confidence_level":0.95,"lower_bound":2.72192230300374,"upper_bound":2.7382591279888304},"point_estimate":2.728948107864303,"standard_error":0.004206251854966709},"median":{"confidence_interval":{"confidence_level":0.95,"lower_bound":2.716316170392659,"upper_bound":2.719278297514026},"point_estimate":2.7180853703024734,"standard_error":0.0008414440707493288},"median_abs_dev":{"confidence_interval":{"confidence_level":0.95,"lower_bound":0.004002499535076916,"upper_bound":0.007823676014587274},"point_estimate":0.006088100609435336,"standard_error":0.001087356578862646},"slope":{"confidence_interval":{"confidence_level":0.95,"lower_bound":2.7149573005703065,"upper_bound":2.7170603640481152},"point_estimate":2.715922835687084,"standard_error":0.0005391413639110182},"std_dev":{"confidence_interval":{"confidence_level":0.95,"lower_bound":0.01523717972068634,"upper_bound":0.0655807136625554},"point_estimate":0.04261431231128338,"standard_error":0.01325755000115038}}