{"Mean":{"confidence_interval":{"confidence_level":0.95,"lower_bound":2.7349410440473787,"upper_bound":2.7641614299544446},"point_estimate":2.748518515541832,"standard_error":0.00746320501161825},"Median":{"confidence_interval":{"confidence_level":0.95,"lower_bound":2.721653533117322,"upper_bound":2.7351674562270394},"point_estimate":2.726147053904799,"standard_error":0.0029920239848021265},"MedianAbsDev":{"confidence_interval":{"confidence_level":0.95,"lower_bound":0.01556004914522065,"upper_bound":0.038382668419075665},"point_estimate":0.022789179745225235,"standard_error":0.005911471458745864},"Slope":{"confidence_interval":{"confidence_level":0.95,"lower_bound":2.7263256072607684,"upper_bound":2.7498937352660864},"point_estimate":2.7373305020163743,"standard_error":0.006018332505163026},"StdDev":{"confidence_interval":{"confidence_level":0.95,"lower_bound":0.04928583382774984,"upper_bound":0.10299124924561566},"point_estimate":0.07489884126788902,"standard_error":0.01481622483502912}}