{"Mean":{"confidence_interval":{"confidence_level":0.95,"lower_bound":2.0394516505649904,"upper_bound":2.0466318286060927},"point_estimate":2.042459545155039,"standard_error":0.0018527800130905096},"Median":{"confidence_interval":{"confidence_level":0.95,"lower_bound":2.037197080734992,"upper_bound":2.038246024221939},"point_estimate":2.0375019602203666,"standard_error":0.0003099600768065485},"MedianAbsDev":{"confidence_interval":{"confidence_level":0.95,"lower_bound":0.001805204551745354,"upper_bound":0.0036513433853369573},"point_estimate":0.0025399210903496935,"standard_error":0.00048161586626133314},"Slope":{"confidence_interval":{"confidence_level":0.95,"lower_bound":2.0382350260911912,"upper_bound":2.040094681045638},"point_estimate":2.0391134720293262,"standard_error":0.0004751007387521555},"StdDev":{"confidence_interval":{"confidence_level":0.95,"lower_bound":0.006160484746855092,"upper_bound":0.02925545690374089},"point_estimate":0.018642942080674522,"standard_error":0.006335406124311761}}