{"Mean":{"confidence_interval":{"confidence_level":0.95,"lower_bound":2.0659058859812083,"upper_bound":2.0958726683462614},"point_estimate":2.078930698136672,"standard_error":0.007735408530032673},"Median":{"confidence_interval":{"confidence_level":0.95,"lower_bound":2.053978664510449,"upper_bound":2.061153700200866},"point_estimate":2.0589320662086057,"standard_error":0.001987901088637678},"MedianAbsDev":{"confidence_interval":{"confidence_level":0.95,"lower_bound":0.011293003887665435,"upper_bound":0.025184447387078104},"point_estimate":0.0199192389412122,"standard_error":0.003725637787131744},"Slope":{"confidence_interval":{"confidence_level":0.95,"lower_bound":2.061744858812206,"upper_bound":2.0731911527149895},"point_estimate":2.067286355430031,"standard_error":0.002917213277459998},"StdDev":{"confidence_interval":{"confidence_level":0.95,"lower_bound":0.027386538889591246,"upper_bound":0.1158747135350644},"point_estimate":0.07761617762286356,"standard_error":0.022844379655759747}}