{"Mean":{"confidence_interval":{"confidence_level":0.95,"lower_bound":6.268744692318478,"upper_bound":6.305231309874083},"point_estimate":6.284181477942258,"standard_error":0.00944505007510415},"Median":{"confidence_interval":{"confidence_level":0.95,"lower_bound":6.254296130258842,"upper_bound":6.260490365424273},"point_estimate":6.257985171169912,"standard_error":0.0015101474423179421},"MedianAbsDev":{"confidence_interval":{"confidence_level":0.95,"lower_bound":0.008488992320902748,"upper_bound":0.016911345386592416},"point_estimate":0.013298378679196475,"standard_error":0.002184285336676921},"Slope":{"confidence_interval":{"confidence_level":0.95,"lower_bound":6.251699169719078,"upper_bound":6.259673060618042},"point_estimate":6.254734655550783,"standard_error":0.0021074961199953036},"StdDev":{"confidence_interval":{"confidence_level":0.95,"lower_bound":0.03509356288830128,"upper_bound":0.14855369264766496},"point_estimate":0.09507226676508666,"standard_error":0.031938739882342394}}