{"Mean":{"confidence_interval":{"confidence_level":0.95,"lower_bound":9032.228757849622,"upper_bound":9171.58783869478},"point_estimate":9097.896801673573,"standard_error":35.50486598520934},"Median":{"confidence_interval":{"confidence_level":0.95,"lower_bound":8936.082636381572,"upper_bound":8956.872483975189},"point_estimate":8945.0461418466,"standard_error":5.090146987595341},"MedianAbsDev":{"confidence_interval":{"confidence_level":0.95,"lower_bound":21.135712264479945,"upper_bound":48.64047427349479},"point_estimate":32.04927873107623,"standard_error":6.71968309336304},"Slope":{"confidence_interval":{"confidence_level":0.95,"lower_bound":8989.191646254834,"upper_bound":9170.043262651767},"point_estimate":9071.342476128757,"standard_error":46.54888014670648},"StdDev":{"confidence_interval":{"confidence_level":0.95,"lower_bound":258.5845093639081,"upper_bound":440.6359883700566},"point_estimate":356.98131395242,"standard_error":46.46097836506105}}