{"Mean":{"confidence_interval":{"confidence_level":0.95,"lower_bound":3.229799018140575,"upper_bound":3.233868413379058},"point_estimate":3.23147458105412,"standard_error":0.0010578938522289767},"Median":{"confidence_interval":{"confidence_level":0.95,"lower_bound":3.2286910900326315,"upper_bound":3.2301577025464376},"point_estimate":3.229306936907966,"standard_error":0.00034093905587127653},"MedianAbsDev":{"confidence_interval":{"confidence_level":0.95,"lower_bound":0.0025012519106112087,"upper_bound":0.004393131140428684},"point_estimate":0.003474121745770578,"standard_error":0.0005070748286569692},"Slope":{"confidence_interval":{"confidence_level":0.95,"lower_bound":3.2296638475746886,"upper_bound":3.231559352570709},"point_estimate":3.2305171007178015,"standard_error":0.0004865472560982741},"StdDev":{"confidence_interval":{"confidence_level":0.95,"lower_bound":0.004074407651009563,"upper_bound":0.016917880621931978},"point_estimate":0.01062477797691523,"standard_error":0.004076843124449741}}