{"Mean":{"confidence_interval":{"confidence_level":0.95,"lower_bound":2.5057895311751253,"upper_bound":2.5524824438540823},"point_estimate":2.524737492736442,"standard_error":0.012776014256231179},"Median":{"confidence_interval":{"confidence_level":0.95,"lower_bound":2.504752398025703,"upper_bound":2.5051289979192837},"point_estimate":2.5049302846676413,"standard_error":0.00010820507017913241},"MedianAbsDev":{"confidence_interval":{"confidence_level":0.95,"lower_bound":0.0006795652584697307,"upper_bound":0.00113642018212569},"point_estimate":0.0009061521948268503,"standard_error":0.00011155043981179008},"Slope":{"confidence_interval":{"confidence_level":0.95,"lower_bound":2.5051687142080032,"upper_bound":2.5498788018092053},"point_estimate":2.5197849387577453,"standard_error":0.012850265223359785},"StdDev":{"confidence_interval":{"confidence_level":0.95,"lower_bound":0.003487186472359194,"upper_bound":0.19989721829070586},"point_estimate":0.12839169201484915,"standard_error":0.05357565334024846}}