{"Mean":{"confidence_interval":{"confidence_level":0.95,"lower_bound":13277.54997541078,"upper_bound":13352.2558576259},"point_estimate":13312.214148640915,"standard_error":19.15457190115306},"Median":{"confidence_interval":{"confidence_level":0.95,"lower_bound":13234.522181818182,"upper_bound":13250.656788637458},"point_estimate":13240.92858218994,"standard_error":4.854890709692353},"MedianAbsDev":{"confidence_interval":{"confidence_level":0.95,"lower_bound":24.755340834870573,"upper_bound":64.18122369139115},"point_estimate":38.48693242976495,"standard_error":9.729992169181022},"Slope":{"confidence_interval":{"confidence_level":0.95,"lower_bound":13300.60576309228,"upper_bound":13390.90808819715},"point_estimate":13345.55939920201,"standard_error":23.073122530606504},"StdDev":{"confidence_interval":{"confidence_level":0.95,"lower_bound":125.9697312766421,"upper_bound":257.8175767549986},"point_estimate":192.63633388530215,"standard_error":34.34763176680234}}