{"mean":{"confidence_interval":{"confidence_level":0.95,"lower_bound":63638.04880365335,"upper_bound":63717.629609328185},"point_estimate":63675.77068593074,"standard_error":20.284773586137337},"median":{"confidence_interval":{"confidence_level":0.95,"lower_bound":63598.59753726833,"upper_bound":63666.75355113636},"point_estimate":63627.74184782609,"standard_error":17.400590497981998},"median_abs_dev":{"confidence_interval":{"confidence_level":0.95,"lower_bound":98.47543550826262,"upper_bound":155.80505248752718},"point_estimate":135.70988466215329,"standard_error":14.999939576559035},"slope":{"confidence_interval":{"confidence_level":0.95,"lower_bound":63645.30546532715,"upper_bound":63717.27081123889},"point_estimate":63678.727722218115,"standard_error":18.364594455412142},"std_dev":{"confidence_interval":{"confidence_level":0.95,"lower_bound":144.05153818924924,"upper_bound":261.4090573489529},"point_estimate":203.81276353117428,"standard_error":30.255570930866035}}