{"Mean":{"confidence_interval":{"confidence_level":0.95,"lower_bound":2.8329500746693825,"upper_bound":2.839540615668435},"point_estimate":2.8358145959264305,"standard_error":0.0016932641933456677},"Median":{"confidence_interval":{"confidence_level":0.95,"lower_bound":2.8317437450597334,"upper_bound":2.833064470481689},"point_estimate":2.8320666456428043,"standard_error":0.00037705930746072486},"MedianAbsDev":{"confidence_interval":{"confidence_level":0.95,"lower_bound":0.001501001128282947,"upper_bound":0.002351958145493063},"point_estimate":0.001902811674173035,"standard_error":0.00020566962336638234},"Slope":{"confidence_interval":{"confidence_level":0.95,"lower_bound":2.8324652118870075,"upper_bound":2.841299962731077},"point_estimate":2.8357365044599745,"standard_error":0.002408473891578239},"StdDev":{"confidence_interval":{"confidence_level":0.95,"lower_bound":0.0035683990190836044,"upper_bound":0.02542533703110382},"point_estimate":0.01710134788065528,"standard_error":0.005276470122646826}}