{"Mean":{"confidence_interval":{"confidence_level":0.95,"lower_bound":9017.692606130868,"upper_bound":9211.984977035227},"point_estimate":9107.739353174902,"standard_error":49.928091735178604},"Median":{"confidence_interval":{"confidence_level":0.95,"lower_bound":8947.506006493506,"upper_bound":8956.80568016769},"point_estimate":8950.123841178585,"standard_error":2.8547586965466802},"MedianAbsDev":{"confidence_interval":{"confidence_level":0.95,"lower_bound":12.078898678880801,"upper_bound":26.12148170424799},"point_estimate":18.061975952509783,"standard_error":3.543538956441958},"Slope":{"confidence_interval":{"confidence_level":0.95,"lower_bound":8977.995818416379,"upper_bound":9199.225282415053},"point_estimate":9072.987217969558,"standard_error":57.313357429533085},"StdDev":{"confidence_interval":{"confidence_level":0.95,"lower_bound":325.13468043242204,"upper_bound":638.6670291947044},"point_estimate":500.48023121639403,"standard_error":82.0975596326242}}