{"Mean":{"confidence_interval":{"confidence_level":0.95,"lower_bound":6.968567860721544,"upper_bound":7.10558354018173},"point_estimate":7.031532712315072,"standard_error":0.03508769834530172},"Median":{"confidence_interval":{"confidence_level":0.95,"lower_bound":6.873345935727788,"upper_bound":6.883152173913044},"point_estimate":6.8743159014898145,"standard_error":0.002434201604214314},"MedianAbsDev":{"confidence_interval":{"confidence_level":0.95,"lower_bound":0.0007624623940946348,"upper_bound":0.01521585776675614},"point_estimate":0.0022090449465928235,"standard_error":0.003599722919435684},"Slope":{"confidence_interval":{"confidence_level":0.95,"lower_bound":6.954463463970688,"upper_bound":7.072996815952993},"point_estimate":7.009776416561189,"standard_error":0.030315291557808145},"StdDev":{"confidence_interval":{"confidence_level":0.95,"lower_bound":0.21997782610071295,"upper_bound":0.4743465205293099},"point_estimate":0.3519731279604633,"standard_error":0.06604642428657156}}