{"Mean":{"confidence_interval":{"confidence_level":0.95,"lower_bound":6.879701845793236,"upper_bound":6.932184135572261},"point_estimate":6.900562985492173,"standard_error":0.013770039373596665},"Median":{"confidence_interval":{"confidence_level":0.95,"lower_bound":6.873253951833154,"upper_bound":6.873510753520037},"point_estimate":6.873351637892341,"standard_error":0.00006611894168731003},"MedianAbsDev":{"confidence_interval":{"confidence_level":0.95,"lower_bound":0.0003162896246188237,"upper_bound":0.0006764340255568827},"point_estimate":0.00045133612787290756,"standard_error":0.00009478477745969244},"Slope":{"confidence_interval":{"confidence_level":0.95,"lower_bound":6.879571393818378,"upper_bound":6.981972218877213},"point_estimate":6.917400134207929,"standard_error":0.02774394310735584},"StdDev":{"confidence_interval":{"confidence_level":0.95,"lower_bound":0.02896333746864763,"upper_bound":0.22584880663921952},"point_estimate":0.1385309633538143,"standard_error":0.05735034652466328}}