{"Mean":{"confidence_interval":{"confidence_level":0.95,"lower_bound":196188.28075622936,"upper_bound":196656.68212376317},"point_estimate":196383.6808897914,"standard_error":121.91780351077969},"Median":{"confidence_interval":{"confidence_level":0.95,"lower_bound":196011.2511246923,"upper_bound":196150.40074277576},"point_estimate":196041.0428662358,"standard_error":37.67409742605254},"MedianAbsDev":{"confidence_interval":{"confidence_level":0.95,"lower_bound":146.06027319490036,"upper_bound":336.3785968058583},"point_estimate":233.11604719202035,"standard_error":50.30018649442018},"Slope":{"confidence_interval":{"confidence_level":0.95,"lower_bound":196154.08987172847,"upper_bound":196340.38526855732},"point_estimate":196242.82836658292,"standard_error":47.64393103941896},"StdDev":{"confidence_interval":{"confidence_level":0.95,"lower_bound":386.37701628030226,"upper_bound":1938.6534204057166},"point_estimate":1224.5228258420225,"standard_error":441.4034499644461}}