{"Mean":{"confidence_interval":{"confidence_level":0.95,"lower_bound":1.3138713603253713,"upper_bound":1.3183606020264664},"point_estimate":1.315833410036104,"standard_error":0.001155298947245848},"Median":{"confidence_interval":{"confidence_level":0.95,"lower_bound":1.312577054712894,"upper_bound":1.3130483519301817},"point_estimate":1.3128874690923236,"standard_error":0.00012761136778256853},"MedianAbsDev":{"confidence_interval":{"confidence_level":0.95,"lower_bound":0.0007895377583099588,"upper_bound":0.0015186730147482663},"point_estimate":0.0011333039552079572,"standard_error":0.00018427889258304758},"Slope":{"confidence_interval":{"confidence_level":0.95,"lower_bound":1.3132830310705499,"upper_bound":1.3148840096284566},"point_estimate":1.3140059982712986,"standard_error":0.00040968421687976567},"StdDev":{"confidence_interval":{"confidence_level":0.95,"lower_bound":0.004252616958101294,"upper_bound":0.017124221848761657},"point_estimate":0.011636701864156296,"standard_error":0.003345366853265219}}