{"Mean":{"confidence_interval":{"confidence_level":0.95,"lower_bound":4.8775804980204995,"upper_bound":4.915984618803037},"point_estimate":4.89548476603487,"standard_error":0.009852713905927225},"Median":{"confidence_interval":{"confidence_level":0.95,"lower_bound":4.843539530581772,"upper_bound":4.8588781981091635},"point_estimate":4.848664339075942,"standard_error":0.0032701292053540373},"MedianAbsDev":{"confidence_interval":{"confidence_level":0.95,"lower_bound":0.007594907352653182,"upper_bound":0.02914735852941857},"point_estimate":0.014692892419951979,"standard_error":0.00471263385065563},"Slope":{"confidence_interval":{"confidence_level":0.95,"lower_bound":4.85031885695605,"upper_bound":4.870906687568915},"point_estimate":4.859326347919029,"standard_error":0.005277711122773374},"StdDev":{"confidence_interval":{"confidence_level":0.95,"lower_bound":0.06716624233845754,"upper_bound":0.13087857417261078},"point_estimate":0.09916464757538447,"standard_error":0.016631320545783423}}