{"Mean":{"confidence_interval":{"confidence_level":0.95,"lower_bound":457.4686844476304,"upper_bound":460.46537452244274},"point_estimate":458.8014870991364,"standard_error":0.7716738016136849},"Median":{"confidence_interval":{"confidence_level":0.95,"lower_bound":455.8661188411642,"upper_bound":456.7686875441809},"point_estimate":456.11142823357414,"standard_error":0.24860054638618143},"MedianAbsDev":{"confidence_interval":{"confidence_level":0.95,"lower_bound":0.7398652792624473,"upper_bound":1.9075450712462176},"point_estimate":1.1926334741453657,"standard_error":0.3053107714878325},"Slope":{"confidence_interval":{"confidence_level":0.95,"lower_bound":455.71249446885724,"upper_bound":456.1430871786027},"point_estimate":455.90470141043954,"standard_error":0.11007251123425593},"StdDev":{"confidence_interval":{"confidence_level":0.95,"lower_bound":3.6749538379188222,"upper_bound":11.391167183058853},"point_estimate":7.7603892085886965,"standard_error":2.0466865530768223}}