{"Mean":{"confidence_interval":{"confidence_level":0.95,"lower_bound":2.2217337739223324,"upper_bound":2.2368719260678347},"point_estimate":2.2285167603375293,"standard_error":0.003893434694639747},"Median":{"confidence_interval":{"confidence_level":0.95,"lower_bound":2.214442781899194,"upper_bound":2.2188426866970894},"point_estimate":2.216108363755221,"standard_error":0.0011910433092567397},"MedianAbsDev":{"confidence_interval":{"confidence_level":0.95,"lower_bound":0.00507713352752046,"upper_bound":0.010343577107442268},"point_estimate":0.00726472256604031,"standard_error":0.0013905729817070512},"Slope":{"confidence_interval":{"confidence_level":0.95,"lower_bound":2.2140991871954103,"upper_bound":2.2227148569712885},"point_estimate":2.2176212658182957,"standard_error":0.0022613386360700338},"StdDev":{"confidence_interval":{"confidence_level":0.95,"lower_bound":0.019300552398102484,"upper_bound":0.056057737235335796},"point_estimate":0.03922535249254611,"standard_error":0.00950377994954734}}