{"Mean":{"confidence_interval":{"confidence_level":0.95,"lower_bound":2.2350968272099156,"upper_bound":2.4046824853984914},"point_estimate":2.3184865412771236,"standard_error":0.0430980462317581},"Median":{"confidence_interval":{"confidence_level":0.95,"lower_bound":2.01159967206558,"upper_bound":2.0157290829868915},"point_estimate":2.0123670608009085,"standard_error":0.012923871604484383},"MedianAbsDev":{"confidence_interval":{"confidence_level":0.95,"lower_bound":0.0030436059485416662,"upper_bound":0.010573888467086708},"point_estimate":0.005136703481284527,"standard_error":0.011423481735690013},"Slope":{"confidence_interval":{"confidence_level":0.95,"lower_bound":2.069443749947284,"upper_bound":2.152076688919207},"point_estimate":2.104806975942954,"standard_error":0.02116063753665477},"StdDev":{"confidence_interval":{"confidence_level":0.95,"lower_bound":0.3935001552343216,"upper_bound":0.45733905919261275},"point_estimate":0.4343044653588879,"standard_error":0.01645426572648084}}