{"Mean":{"confidence_interval":{"confidence_level":0.95,"lower_bound":86.87590175309137,"upper_bound":89.52518607795018},"point_estimate":88.17060449823515,"standard_error":0.6773792861436468},"Median":{"confidence_interval":{"confidence_level":0.95,"lower_bound":83.68006917442725,"upper_bound":84.11728408279801},"point_estimate":83.80726583356548,"standard_error":0.12962936769189082},"MedianAbsDev":{"confidence_interval":{"confidence_level":0.95,"lower_bound":0.23240640784677563,"upper_bound":1.0510896066070916},"point_estimate":0.4442811861483099,"standard_error":0.23257269819210988},"Slope":{"confidence_interval":{"confidence_level":0.95,"lower_bound":86.46684565536526,"upper_bound":89.9677059801874},"point_estimate":88.12767922399578,"standard_error":0.8969100271312037},"StdDev":{"confidence_interval":{"confidence_level":0.95,"lower_bound":5.989851866232415,"upper_bound":7.331504005357139},"point_estimate":6.8032591968441585,"standard_error":0.346110817168511}}