{"Mean":{"confidence_interval":{"confidence_level":0.95,"lower_bound":82.4445747724676,"upper_bound":82.90101425163196},"point_estimate":82.66106739845429,"standard_error":0.11648581447284777},"Median":{"confidence_interval":{"confidence_level":0.95,"lower_bound":82.13075967350312,"upper_bound":82.46076978300641},"point_estimate":82.24444937478013,"standard_error":0.09193600627711068},"MedianAbsDev":{"confidence_interval":{"confidence_level":0.95,"lower_bound":0.41364170449559173,"upper_bound":0.7665034678623436},"point_estimate":0.5569859887954135,"standard_error":0.08942332183270119},"Slope":{"confidence_interval":{"confidence_level":0.95,"lower_bound":82.45288873702371,"upper_bound":83.02564868714255},"point_estimate":82.71935558263183,"standard_error":0.1466010630331277},"StdDev":{"confidence_interval":{"confidence_level":0.95,"lower_bound":0.8466030878740992,"upper_bound":1.4824747403764762},"point_estimate":1.1744129584174836,"standard_error":0.16277747323061723}}