{"mean":{"confidence_interval":{"confidence_level":0.95,"lower_bound":2.877671288622793,"upper_bound":2.8970847635144574},"point_estimate":2.886129578795105,"standard_error":0.0049985239960331565},"median":{"confidence_interval":{"confidence_level":0.95,"lower_bound":2.8703362320960117,"upper_bound":2.8736715203631227},"point_estimate":2.87139857937678,"standard_error":0.0008406483193483955},"median_abs_dev":{"confidence_interval":{"confidence_level":0.95,"lower_bound":0.004151652655923801,"upper_bound":0.00875226595680334},"point_estimate":0.006043007389686767,"standard_error":0.001125808941614322},"slope":{"confidence_interval":{"confidence_level":0.95,"lower_bound":2.8687712180019527,"upper_bound":2.876213297170448},"point_estimate":2.8713504613930794,"standard_error":0.002019905635799207},"std_dev":{"confidence_interval":{"confidence_level":0.95,"lower_bound":0.01976240777217557,"upper_bound":0.07449256265156627},"point_estimate":0.04992991056107236,"standard_error":0.01402626453088945}}