{"Mean":{"confidence_interval":{"confidence_level":0.95,"lower_bound":2.524267049034984,"upper_bound":2.6532047144404562},"point_estimate":2.580058392546037,"standard_error":0.03329217050159151},"Median":{"confidence_interval":{"confidence_level":0.95,"lower_bound":2.4849277989116527,"upper_bound":2.485913400393109},"point_estimate":2.4852503074222163,"standard_error":0.00023052299283543476},"MedianAbsDev":{"confidence_interval":{"confidence_level":0.95,"lower_bound":0.0012274710306252998,"upper_bound":0.0028610721258277407},"point_estimate":0.0019186710083305427,"standard_error":0.0004004347224910256},"Slope":{"confidence_interval":{"confidence_level":0.95,"lower_bound":2.51113509912127,"upper_bound":2.6407453435315995},"point_estimate":2.563514448199755,"standard_error":0.0341982973011576},"StdDev":{"confidence_interval":{"confidence_level":0.95,"lower_bound":0.14293153355199353,"upper_bound":0.5084619878383044},"point_estimate":0.3335075692702348,"standard_error":0.10259347404052042}}