{"Mean":{"confidence_interval":{"confidence_level":0.95,"lower_bound":10.048481132864392,"upper_bound":10.121897543426762},"point_estimate":10.079512640225458,"standard_error":0.019046718763042456},"Median":{"confidence_interval":{"confidence_level":0.95,"lower_bound":10.02769193109146,"upper_bound":10.038882188802685},"point_estimate":10.031825427081753,"standard_error":0.0026907947210886773},"MedianAbsDev":{"confidence_interval":{"confidence_level":0.95,"lower_bound":0.01215929672526893,"upper_bound":0.026159164317764137},"point_estimate":0.016085019407308984,"standard_error":0.003716183170086501},"Slope":{"confidence_interval":{"confidence_level":0.95,"lower_bound":10.024967005630838,"upper_bound":10.03126415219571},"point_estimate":10.027661330705028,"standard_error":0.001612011960921545},"StdDev":{"confidence_interval":{"confidence_level":0.95,"lower_bound":0.049772714002657197,"upper_bound":0.29876600887144406},"point_estimate":0.19125989913087285,"standard_error":0.06549080432960333}}