{"Mean":{"confidence_interval":{"confidence_level":0.95,"lower_bound":2.018777596905745,"upper_bound":2.0204285568757268},"point_estimate":2.019546224163862,"standard_error":0.00042439020076635414},"Median":{"confidence_interval":{"confidence_level":0.95,"lower_bound":2.0181343047196707,"upper_bound":2.0187473767728505},"point_estimate":2.0184538193419046,"standard_error":0.00015405587493196846},"MedianAbsDev":{"confidence_interval":{"confidence_level":0.95,"lower_bound":0.0011737615623812724,"upper_bound":0.0028331332315937323},"point_estimate":0.0017311950484048088,"standard_error":0.0004034453214885897},"Slope":{"confidence_interval":{"confidence_level":0.95,"lower_bound":2.0185888800822145,"upper_bound":2.020179157648815},"point_estimate":2.0192767579741653,"standard_error":0.0004114806428992617},"StdDev":{"confidence_interval":{"confidence_level":0.95,"lower_bound":0.002650694472066316,"upper_bound":0.005713849903979114},"point_estimate":0.004272641214375332,"standard_error":0.0007879955352234391}}