{"Mean":{"confidence_interval":{"confidence_level":0.95,"lower_bound":54.061921648093964,"upper_bound":54.27652874523499},"point_estimate":54.16500979848677,"standard_error":0.05476605900435425},"Median":{"confidence_interval":{"confidence_level":0.95,"lower_bound":53.93347364892973,"upper_bound":54.156286194914784},"point_estimate":54.04013054682281,"standard_error":0.0629670683335327},"MedianAbsDev":{"confidence_interval":{"confidence_level":0.95,"lower_bound":0.31220488666955826,"upper_bound":0.5235895945408856},"point_estimate":0.3985516582900583,"standard_error":0.05668346427678155},"Slope":{"confidence_interval":{"confidence_level":0.95,"lower_bound":54.23128466526209,"upper_bound":54.51493075632173},"point_estimate":54.37240982802882,"standard_error":0.07236870780531691},"StdDev":{"confidence_interval":{"confidence_level":0.95,"lower_bound":0.4217077230679151,"upper_bound":0.6665473365059819},"point_estimate":0.5488508742379367,"standard_error":0.06271711684954356}}