{"Mean":{"confidence_interval":{"confidence_level":0.95,"lower_bound":54.333773166634955,"upper_bound":54.592246296231195},"point_estimate":54.45028916309917,"standard_error":0.06658949774208119},"Median":{"confidence_interval":{"confidence_level":0.95,"lower_bound":54.248513905404664,"upper_bound":54.29365422431662},"point_estimate":54.26642596990176,"standard_error":0.01100973090378425},"MedianAbsDev":{"confidence_interval":{"confidence_level":0.95,"lower_bound":0.07577592229461752,"upper_bound":0.12810591097566537},"point_estimate":0.10647490601423722,"standard_error":0.012816389569661593},"Slope":{"confidence_interval":{"confidence_level":0.95,"lower_bound":54.27029764056981,"upper_bound":54.323403354828706},"point_estimate":54.29536913580505,"standard_error":0.013559236099127885},"StdDev":{"confidence_interval":{"confidence_level":0.95,"lower_bound":0.33113770487201,"upper_bound":0.9220997308401202},"point_estimate":0.6689126596366269,"standard_error":0.15139447446701407}}