{"Mean":{"confidence_interval":{"confidence_level":0.95,"lower_bound":2.5706119251411415,"upper_bound":2.680237719583945},"point_estimate":2.6195295992370844,"standard_error":0.028192172027404774},"Median":{"confidence_interval":{"confidence_level":0.95,"lower_bound":2.5422308585998787,"upper_bound":2.5478263688258753},"point_estimate":2.544366977585609,"standard_error":0.0013897810423692866},"MedianAbsDev":{"confidence_interval":{"confidence_level":0.95,"lower_bound":0.006742426152499757,"upper_bound":0.012584075644557715},"point_estimate":0.009394142279714104,"standard_error":0.0015429034571917005},"Slope":{"confidence_interval":{"confidence_level":0.95,"lower_bound":2.554746444894987,"upper_bound":2.658512294168289},"point_estimate":2.598639392316361,"standard_error":0.0267568540601692},"StdDev":{"confidence_interval":{"confidence_level":0.95,"lower_bound":0.1357463667465692,"upper_bound":0.3941942389517983},"point_estimate":0.2834548111890936,"standard_error":0.06684903899371201}}