{"Mean":{"confidence_interval":{"confidence_level":0.95,"lower_bound":2.563349316917513,"upper_bound":2.5889902719420115},"point_estimate":2.575501192023871,"standard_error":0.006530219600520506},"Median":{"confidence_interval":{"confidence_level":0.95,"lower_bound":2.5418136947454295,"upper_bound":2.5478074092804963},"point_estimate":2.544287648068982,"standard_error":0.0015286077223400276},"MedianAbsDev":{"confidence_interval":{"confidence_level":0.95,"lower_bound":0.00915475943022673,"upper_bound":0.01845671386620358},"point_estimate":0.012483659856122133,"standard_error":0.0023462789870629273},"Slope":{"confidence_interval":{"confidence_level":0.95,"lower_bound":2.5455170050909897,"upper_bound":2.559041265356377},"point_estimate":2.55141738971843,"standard_error":0.003463708182749972},"StdDev":{"confidence_interval":{"confidence_level":0.95,"lower_bound":0.04956328683705102,"upper_bound":0.07963528144685757},"point_estimate":0.06550479917827594,"standard_error":0.007682979832816319}}