{"mean":{"confidence_interval":{"confidence_level":0.95,"lower_bound":69.36554473106517,"upper_bound":69.75654573651158},"point_estimate":69.53002240735638,"standard_error":0.10163435351946998},"median":{"confidence_interval":{"confidence_level":0.95,"lower_bound":69.23829999238404,"upper_bound":69.32661909630576},"point_estimate":69.28203950987111,"standard_error":0.025430957565943504},"median_abs_dev":{"confidence_interval":{"confidence_level":0.95,"lower_bound":0.13099767011570299,"upper_bound":0.22976958020247715},"point_estimate":0.17309163052353657,"standard_error":0.02325644283246966},"slope":{"confidence_interval":{"confidence_level":0.95,"lower_bound":69.21687994515145,"upper_bound":69.30423885583483},"point_estimate":69.25493757713515,"standard_error":0.022517665703064887},"std_dev":{"confidence_interval":{"confidence_level":0.95,"lower_bound":0.3610262730146944,"upper_bound":1.5984757341506208},"point_estimate":1.0205552381714518,"standard_error":0.3516675763523093}}