{"Mean":{"confidence_interval":{"confidence_level":0.95,"lower_bound":2.50182523351736,"upper_bound":2.524441104056603},"point_estimate":2.5104142910999574,"standard_error":0.0060880292217698005},"Median":{"confidence_interval":{"confidence_level":0.95,"lower_bound":2.5006697539132765,"upper_bound":2.5011569014073487},"point_estimate":2.5008132726089785,"standard_error":0.0001307774858519544},"MedianAbsDev":{"confidence_interval":{"confidence_level":0.95,"lower_bound":0.000762284262461,"upper_bound":0.0015170059645436343},"point_estimate":0.001046645969525589,"standard_error":0.0002083845052129805},"Slope":{"confidence_interval":{"confidence_level":0.95,"lower_bound":2.5009009586487267,"upper_bound":2.5545169756829202},"point_estimate":2.5204847897951703,"standard_error":0.014783440225443504},"StdDev":{"confidence_interval":{"confidence_level":0.95,"lower_bound":0.004945393274494957,"upper_bound":0.10289757796668672},"point_estimate":0.06154165964376782,"standard_error":0.02970655581331443}}