{"Mean":{"confidence_interval":{"confidence_level":0.95,"lower_bound":2.497891585023434,"upper_bound":2.5094164380741706},"point_estimate":2.502929544940622,"standard_error":0.0029612938843708923},"Median":{"confidence_interval":{"confidence_level":0.95,"lower_bound":2.494812072000496,"upper_bound":2.495128711703477},"point_estimate":2.494938054407762,"standard_error":0.00007840432620100986},"MedianAbsDev":{"confidence_interval":{"confidence_level":0.95,"lower_bound":0.0006405201084508995,"upper_bound":0.0013545495700494127},"point_estimate":0.0009530775584333445,"standard_error":0.0001950500389038218},"Slope":{"confidence_interval":{"confidence_level":0.95,"lower_bound":2.4974515613151493,"upper_bound":2.510804138688958},"point_estimate":2.5035504972256417,"standard_error":0.003403107143768678},"StdDev":{"confidence_interval":{"confidence_level":0.95,"lower_bound":0.0131284585136276,"upper_bound":0.04378564649165566},"point_estimate":0.0296870066387349,"standard_error":0.00800964360128346}}