{"Mean":{"confidence_interval":{"confidence_level":0.95,"lower_bound":2.6603458116539263,"upper_bound":2.805373784731017},"point_estimate":2.728132828377663,"standard_error":0.03674772778207512},"Median":{"confidence_interval":{"confidence_level":0.95,"lower_bound":2.594150076008718,"upper_bound":2.59522402175198},"point_estimate":2.5946854294383552,"standard_error":0.00027517014624527184},"MedianAbsDev":{"confidence_interval":{"confidence_level":0.95,"lower_bound":0.002812223867248349,"upper_bound":0.0074139723035274415},"point_estimate":0.0063360314190519604,"standard_error":0.001191242461305423},"Slope":{"confidence_interval":{"confidence_level":0.95,"lower_bound":2.602655705204948,"upper_bound":2.6256571210431456},"point_estimate":2.612567448969729,"standard_error":0.005861722964181934},"StdDev":{"confidence_interval":{"confidence_level":0.95,"lower_bound":0.25998308106331397,"upper_bound":0.4499014443217672},"point_estimate":0.36928167426477776,"standard_error":0.04670851301471517}}