{"Mean":{"confidence_interval":{"confidence_level":0.95,"lower_bound":1.7690443626589079,"upper_bound":1.8122264097700989},"point_estimate":1.7880399510368077,"standard_error":0.011226654208473859},"Median":{"confidence_interval":{"confidence_level":0.95,"lower_bound":1.760848031500219,"upper_bound":1.7619745071801507},"point_estimate":1.7613188866018974,"standard_error":0.0003255344025318728},"MedianAbsDev":{"confidence_interval":{"confidence_level":0.95,"lower_bound":0.0018687270313760766,"upper_bound":0.0037926043528683346},"point_estimate":0.002631022007886704,"standard_error":0.0005069126373770646},"Slope":{"confidence_interval":{"confidence_level":0.95,"lower_bound":1.7766745562344959,"upper_bound":1.886869520925525},"point_estimate":1.8263282258304392,"standard_error":0.029287547264909154},"StdDev":{"confidence_interval":{"confidence_level":0.95,"lower_bound":0.05037350011133883,"upper_bound":0.15839456624971415},"point_estimate":0.11272544413718982,"standard_error":0.028357323976104746}}