{"Mean":{"confidence_interval":{"confidence_level":0.95,"lower_bound":5.870977026090605,"upper_bound":5.983706863606003},"point_estimate":5.910059650296286,"standard_error":0.034492948361084},"Median":{"confidence_interval":{"confidence_level":0.95,"lower_bound":5.866599879769829,"upper_bound":5.873999487088091},"point_estimate":5.872100225225225,"standard_error":0.002531238373923058},"MedianAbsDev":{"confidence_interval":{"confidence_level":0.95,"lower_bound":0.003898684649763962,"upper_bound":0.010789207724234808},"point_estimate":0.008374963317284172,"standard_error":0.00203894770435318},"Slope":{"confidence_interval":{"confidence_level":0.95,"lower_bound":5.869624469517808,"upper_bound":5.877846500561156},"point_estimate":5.872955277576971,"standard_error":0.00213792776757485},"StdDev":{"confidence_interval":{"confidence_level":0.95,"lower_bound":0.007465336671956311,"upper_bound":0.5924909695232101},"point_estimate":0.34663386431143756,"standard_error":0.20267530226130046}}