{"Mean":{"confidence_interval":{"confidence_level":0.95,"lower_bound":5.90260661200209,"upper_bound":6.05361048492017},"point_estimate":5.960362362985544,"standard_error":0.04073057031138986},"Median":{"confidence_interval":{"confidence_level":0.95,"lower_bound":5.873597916177966,"upper_bound":5.875535714285714},"point_estimate":5.8747069156451674,"standard_error":0.0005308116644795732},"MedianAbsDev":{"confidence_interval":{"confidence_level":0.95,"lower_bound":0.006528627205049274,"upper_bound":0.01404529549675979},"point_estimate":0.012821286607387176,"standard_error":0.0018631472273439391},"Slope":{"confidence_interval":{"confidence_level":0.95,"lower_bound":5.9310789127746455,"upper_bound":6.026163151983483},"point_estimate":5.979298787242153,"standard_error":0.02431352974846204},"StdDev":{"confidence_interval":{"confidence_level":0.95,"lower_bound":0.09734782830707389,"upper_bound":0.6826982130083575},"point_estimate":0.41079948442701986,"standard_error":0.19516862987301267}}