{"Mean":{"confidence_interval":{"confidence_level":0.95,"lower_bound":7.854981592895224,"upper_bound":7.903354343599457},"point_estimate":7.875861712851609,"standard_error":0.012479771093435389},"Median":{"confidence_interval":{"confidence_level":0.95,"lower_bound":7.835880669546852,"upper_bound":7.843972328061152},"point_estimate":7.841429643500691,"standard_error":0.00189431585033002},"MedianAbsDev":{"confidence_interval":{"confidence_level":0.95,"lower_bound":0.012943465249275879,"upper_bound":0.02413068937707998},"point_estimate":0.019112918866529344,"standard_error":0.0028286429931837086},"Slope":{"confidence_interval":{"confidence_level":0.95,"lower_bound":7.830856724671832,"upper_bound":7.835173198120491},"point_estimate":7.832827969417846,"standard_error":0.0011023616195514143},"StdDev":{"confidence_interval":{"confidence_level":0.95,"lower_bound":0.04977276953800953,"upper_bound":0.19289376022172988},"point_estimate":0.12546674173401626,"standard_error":0.03970883107210293}}