{"Mean":{"confidence_interval":{"confidence_level":0.95,"lower_bound":5.113560955981028,"upper_bound":5.145028159609076},"point_estimate":5.127206850748909,"standard_error":0.008086601479470048},"Median":{"confidence_interval":{"confidence_level":0.95,"lower_bound":5.099134814627092,"upper_bound":5.105757647342457},"point_estimate":5.102648877910063,"standard_error":0.0017182732875581617},"MedianAbsDev":{"confidence_interval":{"confidence_level":0.95,"lower_bound":0.007040497156024448,"upper_bound":0.016393485158481422},"point_estimate":0.010713901133749173,"standard_error":0.0024799325371383405},"Slope":{"confidence_interval":{"confidence_level":0.95,"lower_bound":5.096637537023281,"upper_bound":5.104964010572532},"point_estimate":5.100017418057544,"standard_error":0.0021755238879259007},"StdDev":{"confidence_interval":{"confidence_level":0.95,"lower_bound":0.03557141585877091,"upper_bound":0.12307125816391862},"point_estimate":0.08108637243760781,"standard_error":0.02407461767222226}}