{"Mean":{"confidence_interval":{"confidence_level":0.95,"lower_bound":1.3404840535617364,"upper_bound":1.3460306628020728},"point_estimate":1.343077321193598,"standard_error":0.0014254873164897843},"Median":{"confidence_interval":{"confidence_level":0.95,"lower_bound":1.3372676085422648,"upper_bound":1.3381872261925434},"point_estimate":1.337691782791778,"standard_error":0.00024300779341188667},"MedianAbsDev":{"confidence_interval":{"confidence_level":0.95,"lower_bound":0.0011629966220255928,"upper_bound":0.0024968789318274513},"point_estimate":0.0017509822440162645,"standard_error":0.00037260014595754586},"Slope":{"confidence_interval":{"confidence_level":0.95,"lower_bound":1.338532353762008,"upper_bound":1.3415825571689823},"point_estimate":1.3398206639181705,"standard_error":0.0007847103287284204},"StdDev":{"confidence_interval":{"confidence_level":0.95,"lower_bound":0.00970480785236223,"upper_bound":0.017970105339085735},"point_estimate":0.014297616492995052,"standard_error":0.002119914708281082}}