{"Mean":{"confidence_interval":{"confidence_level":0.95,"lower_bound":10.708651118081745,"upper_bound":10.733065243893535},"point_estimate":10.718195587867926,"standard_error":0.006497044304598107},"Median":{"confidence_interval":{"confidence_level":0.95,"lower_bound":10.70546278837736,"upper_bound":10.708253267298494},"point_estimate":10.706514609147952,"standard_error":0.0007661110003328741},"MedianAbsDev":{"confidence_interval":{"confidence_level":0.95,"lower_bound":0.0034379876657471297,"upper_bound":0.00743387409518041},"point_estimate":0.0052049104951320604,"standard_error":0.0009333901121442174},"Slope":{"confidence_interval":{"confidence_level":0.95,"lower_bound":10.707350032660063,"upper_bound":10.712109387550933},"point_estimate":10.709497978802176,"standard_error":0.0012291516946832208},"StdDev":{"confidence_interval":{"confidence_level":0.95,"lower_bound":0.009245879717603708,"upper_bound":0.1073626332128024},"point_estimate":0.06526907479839038,"standard_error":0.0287507447592724}}