{"Mean":{"confidence_interval":{"confidence_level":0.95,"lower_bound":6.641701569875718,"upper_bound":6.69106768174031},"point_estimate":6.663900017209167,"standard_error":0.012668215482774537},"Median":{"confidence_interval":{"confidence_level":0.95,"lower_bound":6.6138608491029816,"upper_bound":6.629548118980015},"point_estimate":6.6214422786213385,"standard_error":0.003996407129604102},"MedianAbsDev":{"confidence_interval":{"confidence_level":0.95,"lower_bound":0.014523203610100526,"upper_bound":0.03422827326715473},"point_estimate":0.02520542353408282,"standard_error":0.005214547258003323},"Slope":{"confidence_interval":{"confidence_level":0.95,"lower_bound":6.626678728051222,"upper_bound":6.668900901187878},"point_estimate":6.646509435819458,"standard_error":0.010803274969806534},"StdDev":{"confidence_interval":{"confidence_level":0.95,"lower_bound":0.06079696225619404,"upper_bound":0.18201967992633364},"point_estimate":0.12806372999351204,"standard_error":0.03142951153205126}}