{"Mean":{"confidence_interval":{"confidence_level":0.95,"lower_bound":8967.665248566149,"upper_bound":9000.371280316082},"point_estimate":8981.965164810501,"standard_error":8.473474154754244},"Median":{"confidence_interval":{"confidence_level":0.95,"lower_bound":8956.356798659124,"upper_bound":8962.22654114789},"point_estimate":8958.336073773242,"standard_error":1.471930112425118},"MedianAbsDev":{"confidence_interval":{"confidence_level":0.95,"lower_bound":7.724584255606522,"upper_bound":19.378645175163513},"point_estimate":12.016843944899033,"standard_error":2.966776683873978},"Slope":{"confidence_interval":{"confidence_level":0.95,"lower_bound":8963.64129204067,"upper_bound":8999.350267276666},"point_estimate":8976.579809755078,"standard_error":9.853573416218929},"StdDev":{"confidence_interval":{"confidence_level":0.95,"lower_bound":29.724088776990506,"upper_bound":126.37278986786194},"point_estimate":84.85679336974147,"standard_error":25.077329511231472}}