{"Mean":{"confidence_interval":{"confidence_level":0.95,"lower_bound":2.032186506601087,"upper_bound":2.045482059387457},"point_estimate":2.038585502949387,"standard_error":0.003394290529363701},"Median":{"confidence_interval":{"confidence_level":0.95,"lower_bound":2.0168037961352794,"upper_bound":2.023111630434508},"point_estimate":2.0190736447449185,"standard_error":0.0017696494977857344},"MedianAbsDev":{"confidence_interval":{"confidence_level":0.95,"lower_bound":0.004218952475247387,"upper_bound":0.013731329770767962},"point_estimate":0.007392545674785063,"standard_error":0.002585363450369206},"Slope":{"confidence_interval":{"confidence_level":0.95,"lower_bound":2.026676664126689,"upper_bound":2.0385193375094413},"point_estimate":2.0321868077487757,"standard_error":0.0030399206748285956},"StdDev":{"confidence_interval":{"confidence_level":0.95,"lower_bound":0.027349687678046377,"upper_bound":0.040013518587022616},"point_estimate":0.03404899231811934,"standard_error":0.0032418816600819187}}