{"Mean":{"confidence_interval":{"confidence_level":0.95,"lower_bound":3.288886917473791,"upper_bound":3.3151927919579802},"point_estimate":3.2999494760535555,"standard_error":0.0068478637278852885},"Median":{"confidence_interval":{"confidence_level":0.95,"lower_bound":3.2806279533825875,"upper_bound":3.2840837502418734},"point_estimate":3.282843082498773,"standard_error":0.0010541147121042728},"MedianAbsDev":{"confidence_interval":{"confidence_level":0.95,"lower_bound":0.005205964748093914,"upper_bound":0.010461662055030583},"point_estimate":0.007764968887928597,"standard_error":0.0013293084830307365},"Slope":{"confidence_interval":{"confidence_level":0.95,"lower_bound":3.2829042073802226,"upper_bound":3.289470805179313},"point_estimate":3.2859877144640697,"standard_error":0.0016806955289470017},"StdDev":{"confidence_interval":{"confidence_level":0.95,"lower_bound":0.020957480646617198,"upper_bound":0.1087622353292693},"point_estimate":0.06887100418805955,"standard_error":0.024603285071786718}}