{"Mean":{"confidence_interval":{"confidence_level":0.95,"lower_bound":417.35484794462207,"upper_bound":421.4613364774009},"point_estimate":419.27117337815775,"standard_error":1.05239514525124},"Median":{"confidence_interval":{"confidence_level":0.95,"lower_bound":414.97564102564104,"upper_bound":416.98518501695736},"point_estimate":415.9319781215162,"standard_error":0.5493589657382283},"MedianAbsDev":{"confidence_interval":{"confidence_level":0.95,"lower_bound":2.7742238251936304,"upper_bound":4.83098709654472},"point_estimate":3.634538784636161,"standard_error":0.529936719429283},"Slope":{"confidence_interval":{"confidence_level":0.95,"lower_bound":414.3336097141022,"upper_bound":415.6756587560521},"point_estimate":414.9554910922349,"standard_error":0.3424647859552764},"StdDev":{"confidence_interval":{"confidence_level":0.95,"lower_bound":6.921225161473638,"upper_bound":13.807557992277639},"point_estimate":10.580481125183384,"standard_error":1.7643490137383386}}