{"Mean":{"confidence_interval":{"confidence_level":0.95,"lower_bound":3.4968996486879145,"upper_bound":3.558903306098502},"point_estimate":3.5247271112050305,"standard_error":0.015303675833199236},"Median":{"confidence_interval":{"confidence_level":0.95,"lower_bound":3.487787362274647,"upper_bound":3.4889603672827363},"point_estimate":3.4883591150231608,"standard_error":0.0003142510738682044},"MedianAbsDev":{"confidence_interval":{"confidence_level":0.95,"lower_bound":0.002155644237045532,"upper_bound":0.004187330980832865},"point_estimate":0.002910269232456407,"standard_error":0.0005334014570585502},"Slope":{"confidence_interval":{"confidence_level":0.95,"lower_bound":3.511015497352584,"upper_bound":3.668509367329725},"point_estimate":3.588107938186206,"standard_error":0.0395668002819499},"StdDev":{"confidence_interval":{"confidence_level":0.95,"lower_bound":0.070829933606089,"upper_bound":0.21033758082350185},"point_estimate":0.15337018155768334,"standard_error":0.03390490031367937}}