{"Mean":{"confidence_interval":{"confidence_level":0.95,"lower_bound":2.5827553607039664,"upper_bound":2.5933059363733837},"point_estimate":2.587598679402875,"standard_error":0.0027048674149612473},"Median":{"confidence_interval":{"confidence_level":0.95,"lower_bound":2.577623715900269,"upper_bound":2.5779336450679136},"point_estimate":2.57771654419951,"standard_error":0.00006415285058226663},"MedianAbsDev":{"confidence_interval":{"confidence_level":0.95,"lower_bound":0.000192755691218716,"upper_bound":0.0006067254830780226},"point_estimate":0.00033061239540356626,"standard_error":0.00009419898913254243},"Slope":{"confidence_interval":{"confidence_level":0.95,"lower_bound":2.584579682880196,"upper_bound":2.5993605017706556},"point_estimate":2.591572211957534,"standard_error":0.003779036432366779},"StdDev":{"confidence_interval":{"confidence_level":0.95,"lower_bound":0.016802608151177716,"upper_bound":0.036663348980348745},"point_estimate":0.02711198339641937,"standard_error":0.005149001349457565}}