{"mean":{"confidence_interval":{"confidence_level":0.95,"lower_bound":44.87962879179639,"upper_bound":45.652090322465426},"point_estimate":45.22187032517656,"standard_error":0.19882993625260276},"median":{"confidence_interval":{"confidence_level":0.95,"lower_bound":44.51047847557302,"upper_bound":44.75600987642151},"point_estimate":44.618632271604696,"standard_error":0.06444652040369372},"median_abs_dev":{"confidence_interval":{"confidence_level":0.95,"lower_bound":0.24770390202783585,"upper_bound":0.5417124061890525},"point_estimate":0.34745910716856326,"standard_error":0.07472907735900362},"slope":{"confidence_interval":{"confidence_level":0.95,"lower_bound":44.43330218453661,"upper_bound":44.50848361461537},"point_estimate":44.467892912739785,"standard_error":0.019189004456118996},"std_dev":{"confidence_interval":{"confidence_level":0.95,"lower_bound":0.8920033332762103,"upper_bound":2.966109070102666},"point_estimate":1.9906601030206545,"standard_error":0.5521649200877353}}