{"Mean":{"confidence_interval":{"confidence_level":0.95,"lower_bound":6.877046530674673,"upper_bound":6.899568065938954},"point_estimate":6.886802905801634,"standard_error":0.005819919806783273},"Median":{"confidence_interval":{"confidence_level":0.95,"lower_bound":6.873290878441655,"upper_bound":6.873486174506163},"point_estimate":6.873386721572189,"standard_error":0.00004905184453644172},"MedianAbsDev":{"confidence_interval":{"confidence_level":0.95,"lower_bound":0.0002658894602586027,"upper_bound":0.0005020342841968416},"point_estimate":0.00037469501954195494,"standard_error":0.00005991254072484411},"Slope":{"confidence_interval":{"confidence_level":0.95,"lower_bound":6.874825573973184,"upper_bound":6.897068220014249},"point_estimate":6.88361143438931,"standard_error":0.005913616065132479},"StdDev":{"confidence_interval":{"confidence_level":0.95,"lower_bound":0.016839244647589215,"upper_bound":0.08792500689434224},"point_estimate":0.05871087211473463,"standard_error":0.018095911407177503}}