{"Mean":{"confidence_interval":{"confidence_level":0.95,"lower_bound":6.883146470231598,"upper_bound":6.917208933583468},"point_estimate":6.898051165060983,"standard_error":0.00878437403302473},"Median":{"confidence_interval":{"confidence_level":0.95,"lower_bound":6.873301149184027,"upper_bound":6.8737734165923285},"point_estimate":6.873471118135072,"standard_error":0.0001161172119708979},"MedianAbsDev":{"confidence_interval":{"confidence_level":0.95,"lower_bound":0.0003376772198855343,"upper_bound":0.0009875643522593857},"point_estimate":0.0005559577322581335,"standard_error":0.00016641998989251115},"Slope":{"confidence_interval":{"confidence_level":0.95,"lower_bound":6.880312283444592,"upper_bound":6.908252013206161},"point_estimate":6.892779816306954,"standard_error":0.007211064182875401},"StdDev":{"confidence_interval":{"confidence_level":0.95,"lower_bound":0.03415656494865089,"upper_bound":0.13060789683585664},"point_estimate":0.08829294402327924,"standard_error":0.024973603532218586}}