{"Mean":{"confidence_interval":{"confidence_level":0.95,"lower_bound":7.986759680525779,"upper_bound":8.053419598907775},"point_estimate":8.016082612270923,"standard_error":0.017108088103469206},"Median":{"confidence_interval":{"confidence_level":0.95,"lower_bound":7.961530567261457,"upper_bound":7.973736039185865},"point_estimate":7.967535081134991,"standard_error":0.0028316225490462007},"MedianAbsDev":{"confidence_interval":{"confidence_level":0.95,"lower_bound":0.014369011453722652,"upper_bound":0.0278435656911476},"point_estimate":0.02010847899680751,"standard_error":0.003423742339910117},"Slope":{"confidence_interval":{"confidence_level":0.95,"lower_bound":7.958801085567116,"upper_bound":7.964489556870264},"point_estimate":7.961407596772776,"standard_error":0.0014544558776643736},"StdDev":{"confidence_interval":{"confidence_level":0.95,"lower_bound":0.06743938548633788,"upper_bound":0.2505951211255632},"point_estimate":0.17203248606770044,"standard_error":0.04656967817776748}}