{"Mean":{"confidence_interval":{"confidence_level":0.95,"lower_bound":1.0655902195632696,"upper_bound":1.107500440043369},"point_estimate":1.08399834287066,"standard_error":0.01082489810292742},"Median":{"confidence_interval":{"confidence_level":0.95,"lower_bound":1.0522168272308146,"upper_bound":1.055964160090554},"point_estimate":1.0534090233627706,"standard_error":0.0009881223090902435},"MedianAbsDev":{"confidence_interval":{"confidence_level":0.95,"lower_bound":0.00327709723677314,"upper_bound":0.010125003180434257},"point_estimate":0.005828203658564647,"standard_error":0.001689561564549778},"Slope":{"confidence_interval":{"confidence_level":0.95,"lower_bound":1.0660350746334948,"upper_bound":1.1080930759618934},"point_estimate":1.0838446503531594,"standard_error":0.010813002455423845},"StdDev":{"confidence_interval":{"confidence_level":0.95,"lower_bound":0.04371908786859079,"upper_bound":0.15424701239547267},"point_estimate":0.10861174185083451,"standard_error":0.02810776378463876}}