{"Mean":{"confidence_interval":{"confidence_level":0.95,"lower_bound":1.0541230260980836,"upper_bound":1.0629171293453155},"point_estimate":1.0578675511571922,"standard_error":0.00227434328184317},"Median":{"confidence_interval":{"confidence_level":0.95,"lower_bound":1.052243565165014,"upper_bound":1.052930005142578},"point_estimate":1.052617423534277,"standard_error":0.0001378153872329909},"MedianAbsDev":{"confidence_interval":{"confidence_level":0.95,"lower_bound":0.0011005424984482537,"upper_bound":0.0017840225327766092},"point_estimate":0.0014965570717306567,"standard_error":0.00017167991820946004},"Slope":{"confidence_interval":{"confidence_level":0.95,"lower_bound":1.0526323246238924,"upper_bound":1.0537747424028543},"point_estimate":1.0531649221130426,"standard_error":0.0002925720658361838},"StdDev":{"confidence_interval":{"confidence_level":0.95,"lower_bound":0.006632919180748197,"upper_bound":0.03553742522376118},"point_estimate":0.022869419583019798,"standard_error":0.007427411977290676}}