{"Mean":{"confidence_interval":{"confidence_level":0.95,"lower_bound":4.1937810118437255,"upper_bound":4.239909567743709},"point_estimate":4.214944528497714,"standard_error":0.011802811212839305},"Median":{"confidence_interval":{"confidence_level":0.95,"lower_bound":4.126178861788618,"upper_bound":4.260524920466596},"point_estimate":4.22588781573486,"standard_error":0.05095116464472313},"MedianAbsDev":{"confidence_interval":{"confidence_level":0.95,"lower_bound":0.003945703305165424,"upper_bound":0.19278598799561159},"point_estimate":0.14737504534979762,"standard_error":0.06410497047479279},"Slope":{"confidence_interval":{"confidence_level":0.95,"lower_bound":4.189346259455021,"upper_bound":4.282744149107624},"point_estimate":4.227956756505647,"standard_error":0.02444191083433935},"StdDev":{"confidence_interval":{"confidence_level":0.95,"lower_bound":0.07800655883588943,"upper_bound":0.16526651312321816},"point_estimate":0.11854497449532872,"standard_error":0.025583197840920543}}