{"Mean":{"confidence_interval":{"confidence_level":0.95,"lower_bound":49.60349914039094,"upper_bound":49.78959356824941},"point_estimate":49.69168513440402,"standard_error":0.04771773537135837},"Median":{"confidence_interval":{"confidence_level":0.95,"lower_bound":49.486671311305514,"upper_bound":49.52346787210675},"point_estimate":49.50036100484554,"standard_error":0.009066800522362637},"MedianAbsDev":{"confidence_interval":{"confidence_level":0.95,"lower_bound":0.06337252348852415,"upper_bound":0.1167391089772901},"point_estimate":0.08248609963089946,"standard_error":0.013542267113598018},"Slope":{"confidence_interval":{"confidence_level":0.95,"lower_bound":49.65772211864611,"upper_bound":49.97580864915452},"point_estimate":49.812275894120205,"standard_error":0.0814526973307814},"StdDev":{"confidence_interval":{"confidence_level":0.95,"lower_bound":0.36371223682313586,"upper_bound":0.5639307898116107},"point_estimate":0.47713149399788196,"standard_error":0.05117677211928488}}