{"Mean":{"confidence_interval":{"confidence_level":0.95,"lower_bound":15.92688555064707,"upper_bound":15.979802740302032},"point_estimate":15.95441531693702,"standard_error":0.013489408182546767},"Median":{"confidence_interval":{"confidence_level":0.95,"lower_bound":15.981781376518219,"upper_bound":15.988444455832862},"point_estimate":15.98472850678733,"standard_error":0.0017957081169809785},"MedianAbsDev":{"confidence_interval":{"confidence_level":0.95,"lower_bound":0.009875208388048567,"upper_bound":0.01857830380423067},"point_estimate":0.01369723784495909,"standard_error":0.0022328469075501363},"Slope":{"confidence_interval":{"confidence_level":0.95,"lower_bound":15.897323158863456,"upper_bound":15.961743425272394},"point_estimate":15.932118215991036,"standard_error":0.016550997239025547},"StdDev":{"confidence_interval":{"confidence_level":0.95,"lower_bound":0.08878116249188643,"upper_bound":0.17324595837914575},"point_estimate":0.13515856578619734,"standard_error":0.021476187704966225}}