{"Mean":{"confidence_interval":{"confidence_level":0.95,"lower_bound":0.730768660264347,"upper_bound":0.7696983425634811},"point_estimate":0.7491470196318697,"standard_error":0.00995005855894003},"Median":{"confidence_interval":{"confidence_level":0.95,"lower_bound":0.706633913961473,"upper_bound":0.7074759574315287},"point_estimate":0.7070036266043782,"standard_error":0.00017554849724912307},"MedianAbsDev":{"confidence_interval":{"confidence_level":0.95,"lower_bound":0.0008339113191870277,"upper_bound":0.0021010273699551374},"point_estimate":0.0013637221074548921,"standard_error":0.0002994240576995032},"Slope":{"confidence_interval":{"confidence_level":0.95,"lower_bound":0.7245140383922097,"upper_bound":0.7634458728082193},"point_estimate":0.7422292574871219,"standard_error":0.00998414932576134},"StdDev":{"confidence_interval":{"confidence_level":0.95,"lower_bound":0.07431158017181032,"upper_bound":0.11933715368988858},"point_estimate":0.09994881632401527,"standard_error":0.011540291046150937}}