{"Mean":{"confidence_interval":{"confidence_level":0.95,"lower_bound":1.3313474792247062,"upper_bound":1.3340341120192545},"point_estimate":1.332573657338176,"standard_error":0.0006891350021256723},"Median":{"confidence_interval":{"confidence_level":0.95,"lower_bound":1.3298313771368675,"upper_bound":1.3307380058241671},"point_estimate":1.3303063183470862,"standard_error":0.00021501009578445257},"MedianAbsDev":{"confidence_interval":{"confidence_level":0.95,"lower_bound":0.0013685420722867733,"upper_bound":0.0028528593599840436},"point_estimate":0.0020273134616748084,"standard_error":0.00036896310546304627},"Slope":{"confidence_interval":{"confidence_level":0.95,"lower_bound":1.3309599652220083,"upper_bound":1.3332561175681132},"point_estimate":1.33201643772622,"standard_error":0.0005902453116724314},"StdDev":{"confidence_interval":{"confidence_level":0.95,"lower_bound":0.003940490029863435,"upper_bound":0.00964694959411458},"point_estimate":0.006943570970352581,"standard_error":0.0014842702086857835}}