{"Mean":{"confidence_interval":{"confidence_level":0.95,"lower_bound":0.7160742785476109,"upper_bound":0.7289883729222687},"point_estimate":0.7215488397821456,"standard_error":0.0033597319743281138},"Median":{"confidence_interval":{"confidence_level":0.95,"lower_bound":0.7137538321024102,"upper_bound":0.7165075200886041},"point_estimate":0.7148937698559124,"standard_error":0.0007642882676520772},"MedianAbsDev":{"confidence_interval":{"confidence_level":0.95,"lower_bound":0.004336741763290553,"upper_bound":0.00747019146466697},"point_estimate":0.005741343899904651,"standard_error":0.0007405055900617144},"Slope":{"confidence_interval":{"confidence_level":0.95,"lower_bound":0.7159231988956712,"upper_bound":0.7269064901200261},"point_estimate":0.7203758047775891,"standard_error":0.0028548580250836162},"StdDev":{"confidence_interval":{"confidence_level":0.95,"lower_bound":0.008180590761194097,"upper_bound":0.052362454735852534},"point_estimate":0.033873507788606746,"standard_error":0.01175249062980208}}