{"Mean":{"confidence_interval":{"confidence_level":0.95,"lower_bound":0.7120938458323262,"upper_bound":0.7137309327936732},"point_estimate":0.7128362532637904,"standard_error":0.00041947536752010874},"Median":{"confidence_interval":{"confidence_level":0.95,"lower_bound":0.7112042103010359,"upper_bound":0.711729051453986},"point_estimate":0.7114939080970426,"standard_error":0.0001307605386564731},"MedianAbsDev":{"confidence_interval":{"confidence_level":0.95,"lower_bound":0.0007467903033059175,"upper_bound":0.0014672822847672435},"point_estimate":0.001061806187092774,"standard_error":0.00017892651607546458},"Slope":{"confidence_interval":{"confidence_level":0.95,"lower_bound":0.7116730275828443,"upper_bound":0.7124935263609072},"point_estimate":0.7120590150474665,"standard_error":0.00021022106126087042},"StdDev":{"confidence_interval":{"confidence_level":0.95,"lower_bound":0.002306116237694807,"upper_bound":0.005796336982055592},"point_estimate":0.0042091539324680665,"standard_error":0.0008919263314428936}}