{"Mean":{"confidence_interval":{"confidence_level":0.95,"lower_bound":2.03632870386956,"upper_bound":2.0441316564747387},"point_estimate":2.040025198745489,"standard_error":0.001993390438080002},"Median":{"confidence_interval":{"confidence_level":0.95,"lower_bound":2.0308475088585705,"upper_bound":2.0329407647998536},"point_estimate":2.0319090891655005,"standard_error":0.0005114045064898241},"MedianAbsDev":{"confidence_interval":{"confidence_level":0.95,"lower_bound":0.0026754631232980015,"upper_bound":0.005364710037625624},"point_estimate":0.0037016014788398485,"standard_error":0.0006556158951626216},"Slope":{"confidence_interval":{"confidence_level":0.95,"lower_bound":2.0391229653455043,"upper_bound":2.0540295741663335},"point_estimate":2.046564945564994,"standard_error":0.0038023718180970746},"StdDev":{"confidence_interval":{"confidence_level":0.95,"lower_bound":0.014986925794612043,"upper_bound":0.024049832646329525},"point_estimate":0.020030244548801732,"standard_error":0.0023119187870086306}}