{"Mean":{"confidence_interval":{"confidence_level":0.95,"lower_bound":7.1681938103132525,"upper_bound":7.203389593893566},"point_estimate":7.183163370081782,"standard_error":0.009101949557490007},"Median":{"confidence_interval":{"confidence_level":0.95,"lower_bound":7.155781791103695,"upper_bound":7.167302474977204},"point_estimate":7.161120261277386,"standard_error":0.0029517696751965227},"MedianAbsDev":{"confidence_interval":{"confidence_level":0.95,"lower_bound":0.014140374473753239,"upper_bound":0.024862231662981675},"point_estimate":0.01884880295207863,"standard_error":0.002552212162245807},"Slope":{"confidence_interval":{"confidence_level":0.95,"lower_bound":7.1506718053078675,"upper_bound":7.156468860535023},"point_estimate":7.153397872256963,"standard_error":0.0014824268747735433},"StdDev":{"confidence_interval":{"confidence_level":0.95,"lower_bound":0.0337108995743889,"upper_bound":0.14309153087921572},"point_estimate":0.09184912430162644,"standard_error":0.030597615575771165}}