{"Mean":{"confidence_interval":{"confidence_level":0.95,"lower_bound":44.04789458303084,"upper_bound":44.38616905692587},"point_estimate":44.199607565226835,"standard_error":0.08719518074538286},"Median":{"confidence_interval":{"confidence_level":0.95,"lower_bound":43.900587403488395,"upper_bound":43.947563741544975},"point_estimate":43.915626457467305,"standard_error":0.012213757254641173},"MedianAbsDev":{"confidence_interval":{"confidence_level":0.95,"lower_bound":0.06230753943194051,"upper_bound":0.1277858908673861},"point_estimate":0.08648221851977622,"standard_error":0.016982778350369813},"Slope":{"confidence_interval":{"confidence_level":0.95,"lower_bound":43.88694674634429,"upper_bound":44.02472991894965},"point_estimate":43.94096956415423,"standard_error":0.035942009603082255},"StdDev":{"confidence_interval":{"confidence_level":0.95,"lower_bound":0.4291729985065013,"upper_bound":1.232081073412245},"point_estimate":0.8765947817820176,"standard_error":0.20553346635697428}}