{"Mean":{"confidence_interval":{"confidence_level":0.95,"lower_bound":1.33580846096297,"upper_bound":1.3409150045867495},"point_estimate":1.338216642635048,"standard_error":0.0013046632366928443},"Median":{"confidence_interval":{"confidence_level":0.95,"lower_bound":1.3323226476002732,"upper_bound":1.3363101766649472},"point_estimate":1.334010991313952,"standard_error":0.001095570172610717},"MedianAbsDev":{"confidence_interval":{"confidence_level":0.95,"lower_bound":0.005115192942735632,"upper_bound":0.010035458160160252},"point_estimate":0.007380365513885728,"standard_error":0.001205226344677093},"Slope":{"confidence_interval":{"confidence_level":0.95,"lower_bound":1.3346767055128006,"upper_bound":1.3396930941445029},"point_estimate":1.3371181086184858,"standard_error":0.001284263716839836},"StdDev":{"confidence_interval":{"confidence_level":0.95,"lower_bound":0.009391948890011983,"upper_bound":0.016704182873477028},"point_estimate":0.013077364558974767,"standard_error":0.0018930363630912076}}