{"Mean":{"confidence_interval":{"confidence_level":0.95,"lower_bound":6.035560275261479,"upper_bound":6.073948174354456},"point_estimate":6.052610324614935,"standard_error":0.009848239994128856},"Median":{"confidence_interval":{"confidence_level":0.95,"lower_bound":6.009757303606374,"upper_bound":6.018223821127503},"point_estimate":6.014503763666724,"standard_error":0.002264202934546351},"MedianAbsDev":{"confidence_interval":{"confidence_level":0.95,"lower_bound":0.009394655593122742,"upper_bound":0.023554749481094706},"point_estimate":0.01622529504957066,"standard_error":0.0037993178032162257},"Slope":{"confidence_interval":{"confidence_level":0.95,"lower_bound":6.010396927645133,"upper_bound":6.02267021299644},"point_estimate":6.015734503260181,"standard_error":0.003140910569257743},"StdDev":{"confidence_interval":{"confidence_level":0.95,"lower_bound":0.05444719470555772,"upper_bound":0.1451913476799044},"point_estimate":0.09925699974264318,"standard_error":0.025889450083896884}}