{"Mean":{"confidence_interval":{"confidence_level":0.95,"lower_bound":84.01373837254316,"upper_bound":84.37145761271589},"point_estimate":84.18614941121793,"standard_error":0.09117301036931331},"Median":{"confidence_interval":{"confidence_level":0.95,"lower_bound":83.87401959217274,"upper_bound":84.09548982545937},"point_estimate":83.94699374551251,"standard_error":0.05064296732663693},"MedianAbsDev":{"confidence_interval":{"confidence_level":0.95,"lower_bound":0.39157558718776014,"upper_bound":0.8494649010489985},"point_estimate":0.6209132533375051,"standard_error":0.11298306265185364},"Slope":{"confidence_interval":{"confidence_level":0.95,"lower_bound":84.00231081708569,"upper_bound":84.50128121314093},"point_estimate":84.23637226714258,"standard_error":0.12743709238186882},"StdDev":{"confidence_interval":{"confidence_level":0.95,"lower_bound":0.7331469944884631,"upper_bound":1.0828517883355102},"point_estimate":0.9195550873214008,"standard_error":0.08927517773369519}}