{"Mean":{"confidence_interval":{"confidence_level":0.95,"lower_bound":8.151714980224828,"upper_bound":8.169488530700033},"point_estimate":8.159032018872796,"standard_error":0.00462717010658941},"Median":{"confidence_interval":{"confidence_level":0.95,"lower_bound":8.14780172683472,"upper_bound":8.15291243045608},"point_estimate":8.151157395556584,"standard_error":0.0014389936493884768},"MedianAbsDev":{"confidence_interval":{"confidence_level":0.95,"lower_bound":0.008790392553991376,"upper_bound":0.01593780733040149},"point_estimate":0.012381351420791022,"standard_error":0.0017748466130778253},"Slope":{"confidence_interval":{"confidence_level":0.95,"lower_bound":8.151103863042737,"upper_bound":8.157767031467179},"point_estimate":8.153874809212128,"standard_error":0.001726433570800227},"StdDev":{"confidence_interval":{"confidence_level":0.95,"lower_bound":0.011663196352985752,"upper_bound":0.07433529268734107},"point_estimate":0.04651218746523844,"standard_error":0.017481415527762154}}