{"Mean":{"confidence_interval":{"confidence_level":0.95,"lower_bound":3.0298899122768836,"upper_bound":3.0578331528952716},"point_estimate":3.040549799861465,"standard_error":0.007561851796827261},"Median":{"confidence_interval":{"confidence_level":0.95,"lower_bound":3.026827193340951,"upper_bound":3.0381363050904406},"point_estimate":3.037845596882422,"standard_error":0.0026903087439126335},"MedianAbsDev":{"confidence_interval":{"confidence_level":0.95,"lower_bound":0.002484560912378029,"upper_bound":0.02812929781499178},"point_estimate":0.005146895704967316,"standard_error":0.006790530271583855},"Slope":{"confidence_interval":{"confidence_level":0.95,"lower_bound":3.0246547237015684,"upper_bound":3.036688675797529},"point_estimate":3.0299775775596482,"standard_error":0.0030917231263839634},"StdDev":{"confidence_interval":{"confidence_level":0.95,"lower_bound":0.014776930055104553,"upper_bound":0.12697700316361707},"point_estimate":0.07616694985658969,"standard_error":0.03624483395399902}}