{"Mean":{"confidence_interval":{"confidence_level":0.95,"lower_bound":7.0333764161221675,"upper_bound":7.087355272311903},"point_estimate":7.056602575791547,"standard_error":0.013888906476464095},"Median":{"confidence_interval":{"confidence_level":0.95,"lower_bound":7.018807441962152,"upper_bound":7.024968580143465},"point_estimate":7.021934801981082,"standard_error":0.001468681613808773},"MedianAbsDev":{"confidence_interval":{"confidence_level":0.95,"lower_bound":0.011119199544229312,"upper_bound":0.01960557980799033},"point_estimate":0.015140172100079247,"standard_error":0.0021802041883609864},"Slope":{"confidence_interval":{"confidence_level":0.95,"lower_bound":7.015043858367694,"upper_bound":7.019898839303901},"point_estimate":7.017216524741978,"standard_error":0.0012423216962580378},"StdDev":{"confidence_interval":{"confidence_level":0.95,"lower_bound":0.040303773382566244,"upper_bound":0.21099109064883048},"point_estimate":0.1398661752085119,"standard_error":0.043096036898513095}}