{"Mean":{"confidence_interval":{"confidence_level":0.95,"lower_bound":4.657999186992726,"upper_bound":4.785709832393848},"point_estimate":4.707674817991236,"standard_error":0.03374313521183637},"Median":{"confidence_interval":{"confidence_level":0.95,"lower_bound":4.645872883991441,"upper_bound":4.646705638676169},"point_estimate":4.646271428145363,"standard_error":0.00023339457058920292},"MedianAbsDev":{"confidence_interval":{"confidence_level":0.95,"lower_bound":0.0010977053938300181,"upper_bound":0.0025106403455408496},"point_estimate":0.0015661651191121082,"standard_error":0.00034634063622714166},"Slope":{"confidence_interval":{"confidence_level":0.95,"lower_bound":4.652797409455798,"upper_bound":4.67782701165318},"point_estimate":4.66404976787193,"standard_error":0.0064231855106437665},"StdDev":{"confidence_interval":{"confidence_level":0.95,"lower_bound":0.039387406871078404,"upper_bound":0.5617382333591628},"point_estimate":0.33944332587357595,"standard_error":0.15205186699824183}}