{"Mean":{"confidence_interval":{"confidence_level":0.95,"lower_bound":2.086958687230535,"upper_bound":2.0953262316213928},"point_estimate":2.0905699540251557,"standard_error":0.002162252188679942},"Median":{"confidence_interval":{"confidence_level":0.95,"lower_bound":2.0838701605435834,"upper_bound":2.0852939132891155},"point_estimate":2.08433664050588,"standard_error":0.00040603236511498514},"MedianAbsDev":{"confidence_interval":{"confidence_level":0.95,"lower_bound":0.001793054013839207,"upper_bound":0.0037977555191231593},"point_estimate":0.002617778893963153,"standard_error":0.0005281476345779842},"Slope":{"confidence_interval":{"confidence_level":0.95,"lower_bound":2.0857608819404976,"upper_bound":2.0892939244321918},"point_estimate":2.0873935708664213,"standard_error":0.0009040443591337048},"StdDev":{"confidence_interval":{"confidence_level":0.95,"lower_bound":0.007977590805869038,"upper_bound":0.0327858934368244},"point_estimate":0.021722786161255652,"standard_error":0.006598119486003419}}