{"Mean":{"confidence_interval":{"confidence_level":0.95,"lower_bound":13004.25555051555,"upper_bound":13046.84326722979},"point_estimate":13023.024902215953,"standard_error":10.977086375456095},"Median":{"confidence_interval":{"confidence_level":0.95,"lower_bound":12986.301710526315,"upper_bound":12999.474960894368},"point_estimate":12989.823273910584,"standard_error":3.0777267062869598},"MedianAbsDev":{"confidence_interval":{"confidence_level":0.95,"lower_bound":14.539604236020438,"upper_bound":31.412813120801253},"point_estimate":22.022705735711497,"standard_error":4.053206201467209},"Slope":{"confidence_interval":{"confidence_level":0.95,"lower_bound":12996.207782723752,"upper_bound":13011.00497025227},"point_estimate":13002.921590613892,"standard_error":3.77204438537563},"StdDev":{"confidence_interval":{"confidence_level":0.95,"lower_bound":45.36571002953249,"upper_bound":160.47892791621862},"point_estimate":110.21377860437865,"standard_error":29.91111071559655}}