{"Mean":{"confidence_interval":{"confidence_level":0.95,"lower_bound":8.016515464657228,"upper_bound":8.377497937122634},"point_estimate":8.17959527108646,"standard_error":0.09074788141838541},"Median":{"confidence_interval":{"confidence_level":0.95,"lower_bound":7.929738604689561,"upper_bound":7.933085801921059},"point_estimate":7.930649351425847,"standard_error":0.0009011932530000398},"MedianAbsDev":{"confidence_interval":{"confidence_level":0.95,"lower_bound":0.003509384844303534,"upper_bound":0.009143478743852627},"point_estimate":0.005185756127658213,"standard_error":0.0014897071923222714},"Slope":{"confidence_interval":{"confidence_level":0.95,"lower_bound":8.011507907959432,"upper_bound":8.368412233041845},"point_estimate":8.168328740596726,"standard_error":0.09127144010727621},"StdDev":{"confidence_interval":{"confidence_level":0.95,"lower_bound":0.4283073532298905,"upper_bound":1.246513061717609},"point_estimate":0.9105297656259133,"standard_error":0.19750167886159972}}