{"Mean":{"confidence_interval":{"confidence_level":0.95,"lower_bound":41.30120767133408,"upper_bound":41.50196434605804},"point_estimate":41.39129875809461,"standard_error":0.0516547671285563},"Median":{"confidence_interval":{"confidence_level":0.95,"lower_bound":41.241460737405006,"upper_bound":41.24450464396285},"point_estimate":41.24297032650766,"standard_error":0.0009092015595184507},"MedianAbsDev":{"confidence_interval":{"confidence_level":0.95,"lower_bound":0.002954052579134235,"upper_bound":0.0072317373481104365},"point_estimate":0.005070250811971072,"standard_error":0.0012340621868181148},"Slope":{"confidence_interval":{"confidence_level":0.95,"lower_bound":41.268144629655076,"upper_bound":41.460347554358734},"point_estimate":41.35153002574413,"standard_error":0.04958419068626595},"StdDev":{"confidence_interval":{"confidence_level":0.95,"lower_bound":0.2324639477072276,"upper_bound":0.7258733033934053},"point_estimate":0.5205109636610924,"standard_error":0.12241095670180857}}