{"mean":{"confidence_interval":{"confidence_level":0.95,"lower_bound":40.9600588559446,"upper_bound":41.19446083230289},"point_estimate":41.07250910865593,"standard_error":0.0596783621721169},"median":{"confidence_interval":{"confidence_level":0.95,"lower_bound":40.85047568494549,"upper_bound":41.197769443002386},"point_estimate":40.99519375612796,"standard_error":0.10074580926752566},"median_abs_dev":{"confidence_interval":{"confidence_level":0.95,"lower_bound":0.44169190878083436,"upper_bound":0.6730060247112221},"point_estimate":0.5747970061855401,"standard_error":0.05621807740831248},"slope":{"confidence_interval":{"confidence_level":0.95,"lower_bound":40.86460770995587,"upper_bound":41.08194555879341},"point_estimate":40.97068474447117,"standard_error":0.05553852109995682},"std_dev":{"confidence_interval":{"confidence_level":0.95,"lower_bound":0.4586852215867836,"upper_bound":0.743291393682769},"point_estimate":0.6020805701602621,"standard_error":0.0733852811274708}}