{"Mean":{"confidence_interval":{"confidence_level":0.95,"lower_bound":2.8352375022165845,"upper_bound":2.850480926582143},"point_estimate":2.841035301349281,"standard_error":0.004089787745959753},"Median":{"confidence_interval":{"confidence_level":0.95,"lower_bound":2.8344051710031093,"upper_bound":2.8349863463426606},"point_estimate":2.834696507468967,"standard_error":0.00012586239212135995},"MedianAbsDev":{"confidence_interval":{"confidence_level":0.95,"lower_bound":0.0008743281522401243,"upper_bound":0.0020413498348926034},"point_estimate":0.0014966107981719452,"standard_error":0.0003095587835111238},"Slope":{"confidence_interval":{"confidence_level":0.95,"lower_bound":2.835006087831726,"upper_bound":2.8412306867842854},"point_estimate":2.837276886031645,"standard_error":0.001676581797861579},"StdDev":{"confidence_interval":{"confidence_level":0.95,"lower_bound":0.0035008989639568975,"upper_bound":0.0686992230890516},"point_estimate":0.04124144109549263,"standard_error":0.0194883596870661}}