{"Mean":{"confidence_interval":{"confidence_level":0.95,"lower_bound":2.835304011496065,"upper_bound":2.8593037358020386},"point_estimate":2.8450808243166357,"standard_error":0.006263868282351803},"Median":{"confidence_interval":{"confidence_level":0.95,"lower_bound":2.8297929005339184,"upper_bound":2.8304045605001837},"point_estimate":2.8301954654609176,"standard_error":0.00014896967911742594},"MedianAbsDev":{"confidence_interval":{"confidence_level":0.95,"lower_bound":0.0012117355272244588,"upper_bound":0.002717152035992927},"point_estimate":0.0021066153375232832,"standard_error":0.00038385777300417156},"Slope":{"confidence_interval":{"confidence_level":0.95,"lower_bound":2.833289467514102,"upper_bound":2.846138839623796},"point_estimate":2.838993171163109,"standard_error":0.0033087822640713777},"StdDev":{"confidence_interval":{"confidence_level":0.95,"lower_bound":0.020075723044835486,"upper_bound":0.10089509964272306},"point_estimate":0.06297277558888785,"standard_error":0.024440273300664183}}