{"mean":{"confidence_interval":{"confidence_level":0.95,"lower_bound":86.40402874932253,"upper_bound":86.8572270911965},"point_estimate":86.59604585988754,"standard_error":0.11766661172133346},"median":{"confidence_interval":{"confidence_level":0.95,"lower_bound":86.24535422494434,"upper_bound":86.3553798881172},"point_estimate":86.29956774742993,"standard_error":0.028082633696593605},"median_abs_dev":{"confidence_interval":{"confidence_level":0.95,"lower_bound":0.15565811832886453,"upper_bound":0.2882471985952813},"point_estimate":0.22037321065952212,"standard_error":0.03464508314829641},"slope":{"confidence_interval":{"confidence_level":0.95,"lower_bound":86.21459482479898,"upper_bound":86.29168029535677},"point_estimate":86.25024395224618,"standard_error":0.019747471630282887},"std_dev":{"confidence_interval":{"confidence_level":0.95,"lower_bound":0.41984185916381794,"upper_bound":1.8497897492778785},"point_estimate":1.184455688606379,"standard_error":0.39951951161358074}}