{"Mean":{"confidence_interval":{"confidence_level":0.95,"lower_bound":2.5220940963650924,"upper_bound":2.5255273650435384},"point_estimate":2.5235000787577926,"standard_error":0.0008965515210686883},"Median":{"confidence_interval":{"confidence_level":0.95,"lower_bound":2.5213299345043616,"upper_bound":2.5233739976896965},"point_estimate":2.5225694355504746,"standard_error":0.0004634402118352356},"MedianAbsDev":{"confidence_interval":{"confidence_level":0.95,"lower_bound":0.0029420331612155584,"upper_bound":0.004822593301590856},"point_estimate":0.003903966002064653,"standard_error":0.000494120395151916},"Slope":{"confidence_interval":{"confidence_level":0.95,"lower_bound":2.522167025028642,"upper_bound":2.5236862572880066},"point_estimate":2.52289741059081,"standard_error":0.00038647825813483707},"StdDev":{"confidence_interval":{"confidence_level":0.95,"lower_bound":0.0035905237979322446,"upper_bound":0.01449136883624366},"point_estimate":0.009035135656503693,"standard_error":0.0035945947627201626}}