{"Mean":{"confidence_interval":{"confidence_level":0.95,"lower_bound":2.2816581339519906,"upper_bound":2.3316599340999975},"point_estimate":2.2990697538733933,"standard_error":0.015231848804584683},"Median":{"confidence_interval":{"confidence_level":0.95,"lower_bound":2.2806584404210586,"upper_bound":2.280925733768159},"point_estimate":2.280825771997441,"standard_error":0.00006572576706705348},"MedianAbsDev":{"confidence_interval":{"confidence_level":0.95,"lower_bound":0.00044798368998874403,"upper_bound":0.0008166009866244191},"point_estimate":0.0006203759275800655,"standard_error":0.00009554252612960677},"Slope":{"confidence_interval":{"confidence_level":0.95,"lower_bound":2.281357613896194,"upper_bound":2.282724913287235},"point_estimate":2.28198866414158,"standard_error":0.0003506180888506205},"StdDev":{"confidence_interval":{"confidence_level":0.95,"lower_bound":0.002723707910930068,"upper_bound":0.2610823966317073},"point_estimate":0.15288084712452907,"standard_error":0.08864513647340125}}