{"mean":{"confidence_interval":{"confidence_level":0.95,"lower_bound":22.93801022553687,"upper_bound":23.13000774085478},"point_estimate":23.010543179744705,"standard_error":0.05265212281869493},"median":{"confidence_interval":{"confidence_level":0.95,"lower_bound":22.892836111510732,"upper_bound":22.93562688324404},"point_estimate":22.912373872678685,"standard_error":0.010717190062817097},"median_abs_dev":{"confidence_interval":{"confidence_level":0.95,"lower_bound":0.05599691784927961,"upper_bound":0.10749865294225036},"point_estimate":0.07822114833524281,"standard_error":0.012683445815477071},"slope":{"confidence_interval":{"confidence_level":0.95,"lower_bound":22.87713603687925,"upper_bound":22.91088992731965},"point_estimate":22.891913388496892,"standard_error":0.008642605120249086},"std_dev":{"confidence_interval":{"confidence_level":0.95,"lower_bound":0.10948847141894749,"upper_bound":0.8840780750544042},"point_estimate":0.5286159304801207,"standard_error":0.2580869876263708}}