{"Mean":{"confidence_interval":{"confidence_level":0.95,"lower_bound":4.042767427419692,"upper_bound":4.052787690657141},"point_estimate":4.047135911568465,"standard_error":0.002578857318125608},"Median":{"confidence_interval":{"confidence_level":0.95,"lower_bound":4.0389043227583645,"upper_bound":4.04174298060218},"point_estimate":4.040323294380961,"standard_error":0.0007847277559593894},"MedianAbsDev":{"confidence_interval":{"confidence_level":0.95,"lower_bound":0.003805395267681455,"upper_bound":0.007011747109477855},"point_estimate":0.005180486093577553,"standard_error":0.0008214487744318732},"Slope":{"confidence_interval":{"confidence_level":0.95,"lower_bound":4.041316210424132,"upper_bound":4.045520881820283},"point_estimate":4.043276954979769,"standard_error":0.001075437063286974},"StdDev":{"confidence_interval":{"confidence_level":0.95,"lower_bound":0.01033471362364115,"upper_bound":0.038336525802174094},"point_estimate":0.025921816211452686,"standard_error":0.007239283238036011}}