{"Mean":{"confidence_interval":{"confidence_level":0.95,"lower_bound":4.035355175112027,"upper_bound":4.040552014383833},"point_estimate":4.037631191113245,"standard_error":0.001339560682005429},"Median":{"confidence_interval":{"confidence_level":0.95,"lower_bound":4.033656175151251,"upper_bound":4.036857008416592},"point_estimate":4.034997316759231,"standard_error":0.000822579275423627},"MedianAbsDev":{"confidence_interval":{"confidence_level":0.95,"lower_bound":0.004797837846999732,"upper_bound":0.00725433012301084},"point_estimate":0.0061838953969655264,"standard_error":0.00061342270449912},"Slope":{"confidence_interval":{"confidence_level":0.95,"lower_bound":4.035468651925337,"upper_bound":4.037744088712824},"point_estimate":4.036565036825257,"standard_error":0.00057939179684882},"StdDev":{"confidence_interval":{"confidence_level":0.95,"lower_bound":0.0055205174877131225,"upper_bound":0.020051397605485875},"point_estimate":0.013450604974583022,"standard_error":0.0038557564468741146}}