{"Mean":{"confidence_interval":{"confidence_level":0.95,"lower_bound":4.411672808792065,"upper_bound":4.444180744264151},"point_estimate":4.426102090181963,"standard_error":0.008368299343581149},"Median":{"confidence_interval":{"confidence_level":0.95,"lower_bound":4.398154068578431,"upper_bound":4.405302820953799},"point_estimate":4.4011828433370255,"standard_error":0.0017021544116940285},"MedianAbsDev":{"confidence_interval":{"confidence_level":0.95,"lower_bound":0.008372014512438268,"upper_bound":0.017331666899498225},"point_estimate":0.011869652757179348,"standard_error":0.0022534858650989885},"Slope":{"confidence_interval":{"confidence_level":0.95,"lower_bound":4.39723369029832,"upper_bound":4.402273572398404},"point_estimate":4.39953136557223,"standard_error":0.0012901413108107741},"StdDev":{"confidence_interval":{"confidence_level":0.95,"lower_bound":0.035285213686409564,"upper_bound":0.12089831909849658},"point_estimate":0.08433131217477635,"standard_error":0.021866668267264393}}