{"Mean":{"confidence_interval":{"confidence_level":0.95,"lower_bound":2.75816148431888,"upper_bound":2.773891537832805},"point_estimate":2.764995836178004,"standard_error":0.004056921318169018},"Median":{"confidence_interval":{"confidence_level":0.95,"lower_bound":2.7512560385801654,"upper_bound":2.7558030997614162},"point_estimate":2.7532282286374405,"standard_error":0.0011164559864311923},"MedianAbsDev":{"confidence_interval":{"confidence_level":0.95,"lower_bound":0.0037409355093725614,"upper_bound":0.00862142568052317},"point_estimate":0.006359271249570109,"standard_error":0.0012594993547416131},"Slope":{"confidence_interval":{"confidence_level":0.95,"lower_bound":2.750534191082887,"upper_bound":2.7528935385998134},"point_estimate":2.7515608815395436,"standard_error":0.0006043700868620732},"StdDev":{"confidence_interval":{"confidence_level":0.95,"lower_bound":0.01760558468612228,"upper_bound":0.06136966899804332},"point_estimate":0.04074101954012369,"standard_error":0.011684797025458077}}