{"Mean":{"confidence_interval":{"confidence_level":0.95,"lower_bound":9.132327161937699,"upper_bound":9.199358932319946},"point_estimate":9.16172290812212,"standard_error":0.017373922986249346},"Median":{"confidence_interval":{"confidence_level":0.95,"lower_bound":9.10700450533716,"upper_bound":9.12328936990893},"point_estimate":9.11650037480102,"standard_error":0.004731836914247834},"MedianAbsDev":{"confidence_interval":{"confidence_level":0.95,"lower_bound":0.018456655428320777,"upper_bound":0.03648434830608602},"point_estimate":0.02658441480801635,"standard_error":0.004824138312060404},"Slope":{"confidence_interval":{"confidence_level":0.95,"lower_bound":9.104211279815063,"upper_bound":9.114788156039776},"point_estimate":9.109124653274296,"standard_error":0.002716447578765868},"StdDev":{"confidence_interval":{"confidence_level":0.95,"lower_bound":0.06458728775787398,"upper_bound":0.2562019238905524},"point_estimate":0.1745824698448659,"standard_error":0.04944902292078052}}