{"Mean":{"confidence_interval":{"confidence_level":0.95,"lower_bound":85.65747201751077,"upper_bound":87.30481448701374},"point_estimate":86.41543103189024,"standard_error":0.42396626448380287},"Median":{"confidence_interval":{"confidence_level":0.95,"lower_bound":85.09355491134632,"upper_bound":85.17841721162273},"point_estimate":85.13046771789755,"standard_error":0.024736667131969238},"MedianAbsDev":{"confidence_interval":{"confidence_level":0.95,"lower_bound":0.1256496982924047,"upper_bound":0.25771912849497514},"point_estimate":0.18438116782957192,"standard_error":0.03446387948051922},"Slope":{"confidence_interval":{"confidence_level":0.95,"lower_bound":85.9027281902077,"upper_bound":88.78859784812956},"point_estimate":87.24553049721757,"standard_error":0.7369000677720653},"StdDev":{"confidence_interval":{"confidence_level":0.95,"lower_bound":2.4439713225074335,"upper_bound":5.413278906394779},"point_estimate":4.248202002620531,"standard_error":0.7315778410688626}}