{"Mean":{"confidence_interval":{"confidence_level":0.95,"lower_bound":2.4815585990149085,"upper_bound":2.4971486240366465},"point_estimate":2.4881990163274623,"standard_error":0.004020788284235919},"Median":{"confidence_interval":{"confidence_level":0.95,"lower_bound":2.476266410098267,"upper_bound":2.478979716842806},"point_estimate":2.4776449633360236,"standard_error":0.000663996255557476},"MedianAbsDev":{"confidence_interval":{"confidence_level":0.95,"lower_bound":0.003517249963056509,"upper_bound":0.006722386166241006},"point_estimate":0.005404677210453706,"standard_error":0.0008025063557527139},"Slope":{"confidence_interval":{"confidence_level":0.95,"lower_bound":2.4750709148125654,"upper_bound":2.4763479420680543},"point_estimate":2.475646847221599,"standard_error":0.0003251082367903164},"StdDev":{"confidence_interval":{"confidence_level":0.95,"lower_bound":0.014699033180123265,"upper_bound":0.06260104150046632},"point_estimate":0.040375447474634646,"standard_error":0.01309493596348724}}