{"Mean":{"confidence_interval":{"confidence_level":0.95,"lower_bound":2.8168536376883053,"upper_bound":2.834471499129866},"point_estimate":2.824511021761635,"standard_error":0.004533520150518627},"Median":{"confidence_interval":{"confidence_level":0.95,"lower_bound":2.810203377687471,"upper_bound":2.813448974135055},"point_estimate":2.811591134541474,"standard_error":0.0008479402868564309},"MedianAbsDev":{"confidence_interval":{"confidence_level":0.95,"lower_bound":0.003887355065122233,"upper_bound":0.007819841540000403},"point_estimate":0.006143038330634853,"standard_error":0.0010985654037041475},"Slope":{"confidence_interval":{"confidence_level":0.95,"lower_bound":2.809060443559817,"upper_bound":2.810753742095615},"point_estimate":2.80982330891182,"standard_error":0.0004338924942418979},"StdDev":{"confidence_interval":{"confidence_level":0.95,"lower_bound":0.017680623810732387,"upper_bound":0.06908650708695847},"point_estimate":0.045597239978484944,"standard_error":0.013529441643415893}}