{"Mean":{"confidence_interval":{"confidence_level":0.95,"lower_bound":2.583238819686069,"upper_bound":2.5988249779755903},"point_estimate":2.5901068030245353,"standard_error":0.00401531970667337},"Median":{"confidence_interval":{"confidence_level":0.95,"lower_bound":2.577700689537754,"upper_bound":2.578035815408401},"point_estimate":2.577838264524227,"standard_error":0.00010333449714428667},"MedianAbsDev":{"confidence_interval":{"confidence_level":0.95,"lower_bound":0.00029703351550225545,"upper_bound":0.0008101283364835823},"point_estimate":0.00047409696646587334,"standard_error":0.00014761971011868842},"Slope":{"confidence_interval":{"confidence_level":0.95,"lower_bound":2.584200703181037,"upper_bound":2.6090437469556944},"point_estimate":2.5947167352759206,"standard_error":0.006448909121017591},"StdDev":{"confidence_interval":{"confidence_level":0.95,"lower_bound":0.01912537011747832,"upper_bound":0.059482622753934795},"point_estimate":0.04033397786891972,"standard_error":0.010749937509960242}}