{"Mean":{"confidence_interval":{"confidence_level":0.95,"lower_bound":2.026533764892663,"upper_bound":2.032025204850338},"point_estimate":2.0290488988162396,"standard_error":0.0014105773902660938},"Median":{"confidence_interval":{"confidence_level":0.95,"lower_bound":2.0254130130680705,"upper_bound":2.028695328377596},"point_estimate":2.0271562361527065,"standard_error":0.0008672760432302919},"MedianAbsDev":{"confidence_interval":{"confidence_level":0.95,"lower_bound":0.005308411010835769,"upper_bound":0.00894300463894801},"point_estimate":0.007643933444527012,"standard_error":0.0009189976905125871},"Slope":{"confidence_interval":{"confidence_level":0.95,"lower_bound":2.025183650752846,"upper_bound":2.027456654668215},"point_estimate":2.026304790035909,"standard_error":0.0005814161201333858},"StdDev":{"confidence_interval":{"confidence_level":0.95,"lower_bound":0.007262079272496714,"upper_bound":0.01962871206308104},"point_estimate":0.014182722063912374,"standard_error":0.0031097779269038555}}