{"Mean":{"confidence_interval":{"confidence_level":0.95,"lower_bound":2.7003548402673063,"upper_bound":2.733283407202268},"point_estimate":2.714664538099247,"standard_error":0.008489641408694602},"Median":{"confidence_interval":{"confidence_level":0.95,"lower_bound":2.692868488575734,"upper_bound":2.693177745628062},"point_estimate":2.693021378937429,"standard_error":0.00007565603356699983},"MedianAbsDev":{"confidence_interval":{"confidence_level":0.95,"lower_bound":0.0004114614278405175,"upper_bound":0.0010454420504131226},"point_estimate":0.0006136942141853859,"standard_error":0.00015840130694044988},"Slope":{"confidence_interval":{"confidence_level":0.95,"lower_bound":2.6965322119673907,"upper_bound":2.7194083535403584},"point_estimate":2.7060588034494173,"standard_error":0.005964263409446915},"StdDev":{"confidence_interval":{"confidence_level":0.95,"lower_bound":0.03114209220423422,"upper_bound":0.1285299244489903},"point_estimate":0.08547824292017142,"standard_error":0.02516988430260853}}