{"Mean":{"confidence_interval":{"confidence_level":0.95,"lower_bound":2.7030138025137815,"upper_bound":2.7643956292548464},"point_estimate":2.725109988858016,"standard_error":0.017921367269387443},"Median":{"confidence_interval":{"confidence_level":0.95,"lower_bound":2.692605042016807,"upper_bound":2.6931810224089636},"point_estimate":2.6928470447740223,"standard_error":0.00015546686259007128},"MedianAbsDev":{"confidence_interval":{"confidence_level":0.95,"lower_bound":0.0006652143559394091,"upper_bound":0.0014812776942300934},"point_estimate":0.0009706856525039153,"standard_error":0.00022558143657599043},"Slope":{"confidence_interval":{"confidence_level":0.95,"lower_bound":2.698030557921625,"upper_bound":2.711218564973954},"point_estimate":2.7039016499166535,"standard_error":0.003385286237964425},"StdDev":{"confidence_interval":{"confidence_level":0.95,"lower_bound":0.026269367437475714,"upper_bound":0.3046419064034697},"point_estimate":0.17926422395420563,"standard_error":0.09836031098653229}}