{"mean":{"confidence_interval":{"confidence_level":0.95,"lower_bound":52.17010392616473,"upper_bound":52.22947611020289},"point_estimate":52.198232688914416,"standard_error":0.015158355941182252},"median":{"confidence_interval":{"confidence_level":0.95,"lower_bound":52.1335785764623,"upper_bound":52.16307573240713},"point_estimate":52.148774688810754,"standard_error":0.007315671765433833},"median_abs_dev":{"confidence_interval":{"confidence_level":0.95,"lower_bound":0.0481909119959793,"upper_bound":0.09618509000435171},"point_estimate":0.07401345664626521,"standard_error":0.01215282882823201},"slope":{"confidence_interval":{"confidence_level":0.95,"lower_bound":52.14451356906385,"upper_bound":52.17774655950271},"point_estimate":52.15994629358806,"standard_error":0.008526444841485813},"std_dev":{"confidence_interval":{"confidence_level":0.95,"lower_bound":0.10974657842439459,"upper_bound":0.1900804743667258},"point_estimate":0.1528624240343755,"standard_error":0.02056488896237373}}