{"Mean":{"confidence_interval":{"confidence_level":0.95,"lower_bound":19.262300797697645,"upper_bound":19.394238969901817},"point_estimate":19.32097685864203,"standard_error":0.03387649947388033},"Median":{"confidence_interval":{"confidence_level":0.95,"lower_bound":19.20274871991535,"upper_bound":19.24742841862891},"point_estimate":19.218757305451195,"standard_error":0.011025155152944744},"MedianAbsDev":{"confidence_interval":{"confidence_level":0.95,"lower_bound":0.04551427212057203,"upper_bound":0.09316041018831707},"point_estimate":0.060217943360711484,"standard_error":0.011761904724798038},"Slope":{"confidence_interval":{"confidence_level":0.95,"lower_bound":19.204844796718177,"upper_bound":19.252190556866807},"point_estimate":19.22607534511623,"standard_error":0.01211017071860906},"StdDev":{"confidence_interval":{"confidence_level":0.95,"lower_bound":0.15160897538447798,"upper_bound":0.4844882560627625},"point_estimate":0.3399386158676773,"standard_error":0.08453476250440656}}