{"Mean":{"confidence_interval":{"confidence_level":0.95,"lower_bound":1.3153461374836493,"upper_bound":1.31928406993594},"point_estimate":1.317129257495717,"standard_error":0.0010045649681816112},"Median":{"confidence_interval":{"confidence_level":0.95,"lower_bound":1.3132213166842894,"upper_bound":1.3141605250643509},"point_estimate":1.313702934083366,"standard_error":0.0002340548666901117},"MedianAbsDev":{"confidence_interval":{"confidence_level":0.95,"lower_bound":0.0015012273227529127,"upper_bound":0.0031555774508864737},"point_estimate":0.002181664309293803,"standard_error":0.0004132137010216926},"Slope":{"confidence_interval":{"confidence_level":0.95,"lower_bound":1.3148549741630415,"upper_bound":1.3180967112117377},"point_estimate":1.3163441316710527,"standard_error":0.0008298512263452164},"StdDev":{"confidence_interval":{"confidence_level":0.95,"lower_bound":0.005488826338999836,"upper_bound":0.014301234178810912},"point_estimate":0.010129352260399866,"standard_error":0.00229659259223887}}