{"Mean":{"confidence_interval":{"confidence_level":0.95,"lower_bound":2.6711394714782015,"upper_bound":2.704697556413471},"point_estimate":2.6859816232840843,"standard_error":0.008638552421085632},"Median":{"confidence_interval":{"confidence_level":0.95,"lower_bound":2.6578114666534796,"upper_bound":2.6619257188910237},"point_estimate":2.6582528958737384,"standard_error":0.0014510467054756392},"MedianAbsDev":{"confidence_interval":{"confidence_level":0.95,"lower_bound":0.0032814221534110703,"upper_bound":0.008820221924686388},"point_estimate":0.004966309878385639,"standard_error":0.0015244672179174},"Slope":{"confidence_interval":{"confidence_level":0.95,"lower_bound":2.6622309034791223,"upper_bound":2.6803131958901454},"point_estimate":2.669685600656367,"standard_error":0.004723803510346348},"StdDev":{"confidence_interval":{"confidence_level":0.95,"lower_bound":0.039290240459474955,"upper_bound":0.12624027513571548},"point_estimate":0.08689708217761526,"standard_error":0.022469247266890608}}