{"Mean":{"confidence_interval":{"confidence_level":0.95,"lower_bound":2.0964217665834752,"upper_bound":2.1036987160880662},"point_estimate":2.0994202401618214,"standard_error":0.0018938563123808245},"Median":{"confidence_interval":{"confidence_level":0.95,"lower_bound":2.0947621896942876,"upper_bound":2.0961155269692764},"point_estimate":2.0951858486093866,"standard_error":0.0003572094583108912},"MedianAbsDev":{"confidence_interval":{"confidence_level":0.95,"lower_bound":0.002097627157586378,"upper_bound":0.0037565549606084067},"point_estimate":0.002633133796847197,"standard_error":0.0004518557927562764},"Slope":{"confidence_interval":{"confidence_level":0.95,"lower_bound":2.0959824513346663,"upper_bound":2.097639198575802},"point_estimate":2.0967844767126644,"standard_error":0.0004216503380218433},"StdDev":{"confidence_interval":{"confidence_level":0.95,"lower_bound":0.006062302353069529,"upper_bound":0.03020438155403449},"point_estimate":0.018970751147432432,"standard_error":0.007101266572287389}}