{"mean":{"confidence_interval":{"confidence_level":0.95,"lower_bound":6.899356597818205,"upper_bound":6.938732209732245},"point_estimate":6.915986447145855,"standard_error":0.010190766889026613},"median":{"confidence_interval":{"confidence_level":0.95,"lower_bound":6.883614321018243,"upper_bound":6.891806170475192},"point_estimate":6.888201920698086,"standard_error":0.0021104988365404677},"median_abs_dev":{"confidence_interval":{"confidence_level":0.95,"lower_bound":0.010557280025771144,"upper_bound":0.02141793008663346},"point_estimate":0.014552717345797567,"standard_error":0.002812959525189725},"slope":{"confidence_interval":{"confidence_level":0.95,"lower_bound":6.880789078273042,"upper_bound":6.887901251256721},"point_estimate":6.883840448616095,"standard_error":0.0018364281750227365},"std_dev":{"confidence_interval":{"confidence_level":0.95,"lower_bound":0.038887653898228895,"upper_bound":0.15890327587934377},"point_estimate":0.10196461331158342,"standard_error":0.03403709729612957}}