{"Mean":{"confidence_interval":{"confidence_level":0.95,"lower_bound":8985.534897185948,"upper_bound":9090.238375437168},"point_estimate":9033.279987368871,"standard_error":26.798739621822246},"Median":{"confidence_interval":{"confidence_level":0.95,"lower_bound":8943.485174825175,"upper_bound":8949.809615384616},"point_estimate":8946.138264669164,"standard_error":1.5687806875045216},"MedianAbsDev":{"confidence_interval":{"confidence_level":0.95,"lower_bound":12.239400888906129,"upper_bound":26.10224856898918},"point_estimate":18.223507821567125,"standard_error":3.291144067996747},"Slope":{"confidence_interval":{"confidence_level":0.95,"lower_bound":8981.39569324007,"upper_bound":9123.424635070418},"point_estimate":9044.715249029381,"standard_error":36.63933416870295},"StdDev":{"confidence_interval":{"confidence_level":0.95,"lower_bound":165.07004773831713,"upper_bound":350.2526216412483},"point_estimate":269.07829403919516,"standard_error":48.50121995296524}}