{"Mean":{"confidence_interval":{"confidence_level":0.95,"lower_bound":9767.297010633249,"upper_bound":9874.122295251196},"point_estimate":9817.657197974459,"standard_error":27.321117880214462},"Median":{"confidence_interval":{"confidence_level":0.95,"lower_bound":9698.19671875,"upper_bound":9712.216852941176},"point_estimate":9702.606363636365,"standard_error":3.4611570475958437},"MedianAbsDev":{"confidence_interval":{"confidence_level":0.95,"lower_bound":18.58670439706834,"upper_bound":37.87466350217272},"point_estimate":25.671730084587256,"standard_error":4.727737030010009},"Slope":{"confidence_interval":{"confidence_level":0.95,"lower_bound":9742.93168073177,"upper_bound":9882.135182387},"point_estimate":9806.59918327176,"standard_error":35.84518645758379},"StdDev":{"confidence_interval":{"confidence_level":0.95,"lower_bound":208.1570512086367,"upper_bound":323.31830132829106},"point_estimate":273.68470527743744,"standard_error":29.55830572704947}}