{"Mean":{"confidence_interval":{"confidence_level":0.95,"lower_bound":43.52131337911549,"upper_bound":43.86471948696138},"point_estimate":43.67573551723824,"standard_error":0.0883531257057182},"Median":{"confidence_interval":{"confidence_level":0.95,"lower_bound":43.3563620443429,"upper_bound":43.44315334099516},"point_estimate":43.39420819869247,"standard_error":0.02109233370998613},"MedianAbsDev":{"confidence_interval":{"confidence_level":0.95,"lower_bound":0.11446399620106214,"upper_bound":0.22639097163788693},"point_estimate":0.17351952739593593,"standard_error":0.02773657038565414},"Slope":{"confidence_interval":{"confidence_level":0.95,"lower_bound":43.351552688415495,"upper_bound":43.576295002215346},"point_estimate":43.45384383964815,"standard_error":0.057701125102196174},"StdDev":{"confidence_interval":{"confidence_level":0.95,"lower_bound":0.4314135632100373,"upper_bound":1.2545967927561923},"point_estimate":0.8915305183379196,"standard_error":0.21073706421548147}}