{"Mean":{"confidence_interval":{"confidence_level":0.95,"lower_bound":42.96320840211656,"upper_bound":43.28919512122098},"point_estimate":43.112697619597164,"standard_error":0.08349435788105541},"Median":{"confidence_interval":{"confidence_level":0.95,"lower_bound":42.77551946720883,"upper_bound":42.90757288710472},"point_estimate":42.82114681845293,"standard_error":0.034509386294483954},"MedianAbsDev":{"confidence_interval":{"confidence_level":0.95,"lower_bound":0.18485839381972963,"upper_bound":0.3370345537718347},"point_estimate":0.23214491717067018,"standard_error":0.03816350491999329},"Slope":{"confidence_interval":{"confidence_level":0.95,"lower_bound":42.833389521955446,"upper_bound":43.31762479323658},"point_estimate":43.065850764495615,"standard_error":0.12429163793358454},"StdDev":{"confidence_interval":{"confidence_level":0.95,"lower_bound":0.5218663854308133,"upper_bound":1.1484260935891595},"point_estimate":0.8407632332172554,"standard_error":0.16356664506059762}}