{"mean":{"confidence_interval":{"confidence_level":0.95,"lower_bound":6.677139254509428,"upper_bound":6.687028470381384},"point_estimate":6.681202559812103,"standard_error":0.0025820991327710464},"median":{"confidence_interval":{"confidence_level":0.95,"lower_bound":6.673428857163689,"upper_bound":6.676671591944135},"point_estimate":6.675062978493606,"standard_error":0.0007899498118548386},"median_abs_dev":{"confidence_interval":{"confidence_level":0.95,"lower_bound":0.003322616267453705,"upper_bound":0.006638906951835517},"point_estimate":0.004827469063137391,"standard_error":0.0008265713965260446},"slope":{"confidence_interval":{"confidence_level":0.95,"lower_bound":6.675570281345665,"upper_bound":6.679152289626295},"point_estimate":6.67721816269436,"standard_error":0.0009137295950157762},"std_dev":{"confidence_interval":{"confidence_level":0.95,"lower_bound":0.009032896281759224,"upper_bound":0.041438813145648755},"point_estimate":0.0259509301024572,"standard_error":0.009949677843110087}}