{"Mean":{"confidence_interval":{"confidence_level":0.95,"lower_bound":4.084148645049718,"upper_bound":4.110579207658595},"point_estimate":4.0955742098290235,"standard_error":0.006813364130966604},"Median":{"confidence_interval":{"confidence_level":0.95,"lower_bound":4.075248567404736,"upper_bound":4.0780839707279615},"point_estimate":4.076543644149259,"standard_error":0.0007823075136107547},"MedianAbsDev":{"confidence_interval":{"confidence_level":0.95,"lower_bound":0.004775907459553196,"upper_bound":0.010160624642941917},"point_estimate":0.007047615137386118,"standard_error":0.0013312611565787517},"Slope":{"confidence_interval":{"confidence_level":0.95,"lower_bound":4.073703244117564,"upper_bound":4.075967621256561},"point_estimate":4.07476371756777,"standard_error":0.0005789427922904157},"StdDev":{"confidence_interval":{"confidence_level":0.95,"lower_bound":0.02623801469773106,"upper_bound":0.10384183502223317},"point_estimate":0.06824156095605957,"standard_error":0.02036131755972637}}