{"Mean":{"confidence_interval":{"confidence_level":0.95,"lower_bound":2.2766246263275294,"upper_bound":2.2896442456708277},"point_estimate":2.282399282374631,"standard_error":0.00336099849298878},"Median":{"confidence_interval":{"confidence_level":0.95,"lower_bound":2.2722855099486603,"upper_bound":2.2724339735894357},"point_estimate":2.2723683591083494,"standard_error":0.000038527928089356634},"MedianAbsDev":{"confidence_interval":{"confidence_level":0.95,"lower_bound":0.00026065931573006866,"upper_bound":0.0005355248874080422},"point_estimate":0.0003870752680912165,"standard_error":0.00007349191301673773},"Slope":{"confidence_interval":{"confidence_level":0.95,"lower_bound":2.2743836512613407,"upper_bound":2.284556243157226},"point_estimate":2.2788679092148163,"standard_error":0.0026215349648723804},"StdDev":{"confidence_interval":{"confidence_level":0.95,"lower_bound":0.015534054211548826,"upper_bound":0.049916975946745955},"point_estimate":0.033843999101506456,"standard_error":0.00906985665736058}}