{"mean":{"confidence_interval":{"confidence_level":0.95,"lower_bound":8.636543563783471,"upper_bound":8.686996662480855},"point_estimate":8.658198373987945,"standard_error":0.013014708763935259},"median":{"confidence_interval":{"confidence_level":0.95,"lower_bound":8.613924678843725,"upper_bound":8.62927441449784},"point_estimate":8.619357049537278,"standard_error":0.0038862171657263874},"median_abs_dev":{"confidence_interval":{"confidence_level":0.95,"lower_bound":0.01676595671925288,"upper_bound":0.03402822297622453},"point_estimate":0.022921878084299897,"standard_error":0.004448080382535936},"slope":{"confidence_interval":{"confidence_level":0.95,"lower_bound":8.610363122711444,"upper_bound":8.618960147771611},"point_estimate":8.61412508964204,"standard_error":0.0022002430578718694},"std_dev":{"confidence_interval":{"confidence_level":0.95,"lower_bound":0.051912440799720946,"upper_bound":0.20292456244583262},"point_estimate":0.13115548670516894,"standard_error":0.042703666574598745}}