{"Mean":{"confidence_interval":{"confidence_level":0.95,"lower_bound":1.679242606916353,"upper_bound":1.7553357621487562},"point_estimate":1.7117499171642097,"standard_error":0.019646514362704908},"Median":{"confidence_interval":{"confidence_level":0.95,"lower_bound":1.6656756278003542,"upper_bound":1.666048504741065},"point_estimate":1.6657572915778605,"standard_error":0.00014020243191795523},"MedianAbsDev":{"confidence_interval":{"confidence_level":0.95,"lower_bound":0.005362960339251044,"upper_bound":0.01437776321695179},"point_estimate":0.008223060295370187,"standard_error":0.002865897884500934},"Slope":{"confidence_interval":{"confidence_level":0.95,"lower_bound":1.6792179141528496,"upper_bound":1.7299545725355427},"point_estimate":1.701524877939311,"standard_error":0.013021135524350158},"StdDev":{"confidence_interval":{"confidence_level":0.95,"lower_bound":0.05146417629105918,"upper_bound":0.30511177701488684},"point_estimate":0.19775325693611123,"standard_error":0.06469955235973156}}