{"mean":{"confidence_interval":{"confidence_level":0.95,"lower_bound":4.211550877873858,"upper_bound":4.223592128294237},"point_estimate":4.216253137341243,"standard_error":0.003214681970413589},"median":{"confidence_interval":{"confidence_level":0.95,"lower_bound":4.209324603161094,"upper_bound":4.211052930525191},"point_estimate":4.21039238729359,"standard_error":0.00044674576554021707},"median_abs_dev":{"confidence_interval":{"confidence_level":0.95,"lower_bound":0.0027797097710024724,"upper_bound":0.004688471001377003},"point_estimate":0.0037326919486808186,"standard_error":0.0004928792502856717},"slope":{"confidence_interval":{"confidence_level":0.95,"lower_bound":4.210424405894591,"upper_bound":4.218529509715591},"point_estimate":4.213853491094955,"standard_error":0.0021229492233480604},"std_dev":{"confidence_interval":{"confidence_level":0.95,"lower_bound":0.007157272199402713,"upper_bound":0.05310280511369203},"point_estimate":0.03224375431948082,"standard_error":0.014329336056204341}}