{"Mean":{"confidence_interval":{"confidence_level":0.95,"lower_bound":29545.89730523223,"upper_bound":29611.557289407934},"point_estimate":29575.755769937947,"standard_error":16.804163134314933},"Median":{"confidence_interval":{"confidence_level":0.95,"lower_bound":29517.595588235294,"upper_bound":29540.480334857497},"point_estimate":29526.8242481203,"standard_error":6.077510519753253},"MedianAbsDev":{"confidence_interval":{"confidence_level":0.95,"lower_bound":26.249609972809495,"upper_bound":65.11857792888013},"point_estimate":42.070038018939904,"standard_error":9.693389556242206},"Slope":{"confidence_interval":{"confidence_level":0.95,"lower_bound":29545.13452847092,"upper_bound":29577.882042044403},"point_estimate":29560.878182094766,"standard_error":8.388036688412491},"StdDev":{"confidence_interval":{"confidence_level":0.95,"lower_bound":91.65481588435489,"upper_bound":234.8015912960041},"point_estimate":168.87242701594752,"standard_error":36.502551220293164}}