{"Mean":{"confidence_interval":{"confidence_level":0.95,"lower_bound":8.033862413049418,"upper_bound":8.251623465804533},"point_estimate":8.126964788449754,"standard_error":0.05630580516120602},"Median":{"confidence_interval":{"confidence_level":0.95,"lower_bound":7.9337361186291115,"upper_bound":7.961434121183931},"point_estimate":7.9350608693302735,"standard_error":0.010373149725055797},"MedianAbsDev":{"confidence_interval":{"confidence_level":0.95,"lower_bound":0.00306518040148069,"upper_bound":0.045088620648832664},"point_estimate":0.006413367201215519,"standard_error":0.015274442711604858},"Slope":{"confidence_interval":{"confidence_level":0.95,"lower_bound":7.947398828446875,"upper_bound":8.405077014196962},"point_estimate":8.130441736902876,"standard_error":0.12340138858702615},"StdDev":{"confidence_interval":{"confidence_level":0.95,"lower_bound":0.16596415993394953,"upper_bound":0.8536572975074428},"point_estimate":0.5664300136643569,"standard_error":0.18481739921757104}}