{"Mean":{"confidence_interval":{"confidence_level":0.95,"lower_bound":2.3142795702469217,"upper_bound":2.320211672724058},"point_estimate":2.3170262317014476,"standard_error":0.0015176776994618498},"Median":{"confidence_interval":{"confidence_level":0.95,"lower_bound":2.3108105239711656,"upper_bound":2.3132505077280188},"point_estimate":2.312076182462927,"standard_error":0.0006562181375728967},"MedianAbsDev":{"confidence_interval":{"confidence_level":0.95,"lower_bound":0.0032351085457691707,"upper_bound":0.0066262486668278425},"point_estimate":0.004900889986672378,"standard_error":0.0009145638560475692},"Slope":{"confidence_interval":{"confidence_level":0.95,"lower_bound":2.312334829910855,"upper_bound":2.3153642344437637},"point_estimate":2.3137672361511568,"standard_error":0.000773046524219396},"StdDev":{"confidence_interval":{"confidence_level":0.95,"lower_bound":0.009564904485175602,"upper_bound":0.02038679116778058},"point_estimate":0.015279405684175039,"standard_error":0.0027858995375736866}}