{"Mean":{"confidence_interval":{"confidence_level":0.95,"lower_bound":1.818900587617673,"upper_bound":1.8228640150999105},"point_estimate":1.8206223510308122,"standard_error":0.001019660444829408},"Median":{"confidence_interval":{"confidence_level":0.95,"lower_bound":1.8175739800279773,"upper_bound":1.8182471217660932},"point_estimate":1.817835893554514,"standard_error":0.0001830925583336375},"MedianAbsDev":{"confidence_interval":{"confidence_level":0.95,"lower_bound":0.000915170988263745,"upper_bound":0.002047150178030961},"point_estimate":0.0013688855577812765,"standard_error":0.00029398441902940477},"Slope":{"confidence_interval":{"confidence_level":0.95,"lower_bound":1.8180934941411415,"upper_bound":1.81921875546355},"point_estimate":1.8186073261770943,"standard_error":0.00028805921880415146},"StdDev":{"confidence_interval":{"confidence_level":0.95,"lower_bound":0.0037943921660481598,"upper_bound":0.015552991083310562},"point_estimate":0.010274604452810582,"standard_error":0.0030959493972185386}}