{"Mean":{"confidence_interval":{"confidence_level":0.95,"lower_bound":1.822596239272083,"upper_bound":1.8324502436931829},"point_estimate":1.8269018034633373,"standard_error":0.0025312846279761294},"Median":{"confidence_interval":{"confidence_level":0.95,"lower_bound":1.8191202095490746,"upper_bound":1.821009629020414},"point_estimate":1.8195508486108303,"standard_error":0.0004230208400614031},"MedianAbsDev":{"confidence_interval":{"confidence_level":0.95,"lower_bound":0.0016626332785174744,"upper_bound":0.004268092681811341},"point_estimate":0.0028562159693704494,"standard_error":0.0006897085226257152},"Slope":{"confidence_interval":{"confidence_level":0.95,"lower_bound":1.820157753272792,"upper_bound":1.8221729942150795},"point_estimate":1.8211189308796603,"standard_error":0.0005145358236403874},"StdDev":{"confidence_interval":{"confidence_level":0.95,"lower_bound":0.010660366153283701,"upper_bound":0.03764584766692467},"point_estimate":0.025382833613935566,"standard_error":0.007071309222928143}}