{"Mean":{"confidence_interval":{"confidence_level":0.95,"lower_bound":1.8199741016903221,"upper_bound":1.8293892138866383},"point_estimate":1.8241374218168993,"standard_error":0.002419422989801409},"Median":{"confidence_interval":{"confidence_level":0.95,"lower_bound":1.8169130325883796,"upper_bound":1.8180124171135437},"point_estimate":1.8174689015061292,"standard_error":0.0002661656376297603},"MedianAbsDev":{"confidence_interval":{"confidence_level":0.95,"lower_bound":0.0013141972217362006,"upper_bound":0.002739005595614842},"point_estimate":0.0020785905615423286,"standard_error":0.0003693865470108614},"Slope":{"confidence_interval":{"confidence_level":0.95,"lower_bound":1.818502233039344,"upper_bound":1.8427992940862439},"point_estimate":1.8296844220310837,"standard_error":0.00616045186054574},"StdDev":{"confidence_interval":{"confidence_level":0.95,"lower_bound":0.010346077552494124,"upper_bound":0.03463525167329},"point_estimate":0.024323544941174828,"standard_error":0.006102044536635163}}