{"Mean":{"confidence_interval":{"confidence_level":0.95,"lower_bound":4.367468795319283,"upper_bound":4.398998861854188},"point_estimate":4.381555647421595,"standard_error":0.008103186433570497},"Median":{"confidence_interval":{"confidence_level":0.95,"lower_bound":4.352411197059728,"upper_bound":4.361747237298973},"point_estimate":4.358234876981708,"standard_error":0.0026272028818616635},"MedianAbsDev":{"confidence_interval":{"confidence_level":0.95,"lower_bound":0.008797543704178136,"upper_bound":0.01898833537474046},"point_estimate":0.01572414295782631,"standard_error":0.0028579792640926415},"Slope":{"confidence_interval":{"confidence_level":0.95,"lower_bound":4.352934479327731,"upper_bound":4.3601055130103274},"point_estimate":4.356175163887186,"standard_error":0.0018352497867830482},"StdDev":{"confidence_interval":{"confidence_level":0.95,"lower_bound":0.03794296963366096,"upper_bound":0.1144898871427399},"point_estimate":0.08137186183730462,"standard_error":0.01934748496543641}}