{"Mean":{"confidence_interval":{"confidence_level":0.95,"lower_bound":2.612147049559418,"upper_bound":2.629260932748318},"point_estimate":2.619596148598132,"standard_error":0.0044123707921222355},"Median":{"confidence_interval":{"confidence_level":0.95,"lower_bound":2.6065902299426065,"upper_bound":2.6094103674515075},"point_estimate":2.6074319848703937,"standard_error":0.0007602025312499495},"MedianAbsDev":{"confidence_interval":{"confidence_level":0.95,"lower_bound":0.0034040176480456875,"upper_bound":0.006876117436258296},"point_estimate":0.004704253409187762,"standard_error":0.0008802996415707943},"Slope":{"confidence_interval":{"confidence_level":0.95,"lower_bound":2.605201741725851,"upper_bound":2.6064729550769052},"point_estimate":2.6057709447626527,"standard_error":0.0003247079250111725},"StdDev":{"confidence_interval":{"confidence_level":0.95,"lower_bound":0.015423832415410366,"upper_bound":0.06637802235005479},"point_estimate":0.0443936729535329,"standard_error":0.012994682423635547}}