{"mean":{"confidence_interval":{"confidence_level":0.95,"lower_bound":6.713405279765034,"upper_bound":6.757663421667332},"point_estimate":6.732301363677886,"standard_error":0.011497657015130511},"median":{"confidence_interval":{"confidence_level":0.95,"lower_bound":6.6979850669149394,"upper_bound":6.7070775696492975},"point_estimate":6.700924213661342,"standard_error":0.002180833245586544},"median_abs_dev":{"confidence_interval":{"confidence_level":0.95,"lower_bound":0.01039413629028807,"upper_bound":0.02087819937263049},"point_estimate":0.01451222358679154,"standard_error":0.0028025984129893904},"slope":{"confidence_interval":{"confidence_level":0.95,"lower_bound":6.694823926749568,"upper_bound":6.701707621927938},"point_estimate":6.69774067438255,"standard_error":0.0017704064930892005},"std_dev":{"confidence_interval":{"confidence_level":0.95,"lower_bound":0.03952251120783674,"upper_bound":0.18032634254702024},"point_estimate":0.1156477874175049,"standard_error":0.03893511651147392}}