{"Mean":{"confidence_interval":{"confidence_level":0.95,"lower_bound":1.6754272565619293,"upper_bound":1.6781122949628005},"point_estimate":1.6765870354755399,"standard_error":0.0006920314473444471},"Median":{"confidence_interval":{"confidence_level":0.95,"lower_bound":1.6747106099872897,"upper_bound":1.6747687363629393},"point_estimate":1.6747348134443416,"standard_error":0.000016560970317904944},"MedianAbsDev":{"confidence_interval":{"confidence_level":0.95,"lower_bound":0.00006920114698965306,"upper_bound":0.0001611357286307215},"point_estimate":0.00010497605489257357,"standard_error":0.000025007657493569266},"Slope":{"confidence_interval":{"confidence_level":0.95,"lower_bound":1.6757002909521046,"upper_bound":1.6791107402149041},"point_estimate":1.6771454887214874,"standard_error":0.000884859459930971},"StdDev":{"confidence_interval":{"confidence_level":0.95,"lower_bound":0.0016163421670938951,"upper_bound":0.010288021656553186},"point_estimate":0.006909570353803082,"standard_error":0.002091329414960547}}