{"Mean":{"confidence_interval":{"confidence_level":0.95,"lower_bound":9.39410243389937,"upper_bound":9.444989309558984},"point_estimate":9.415931499221356,"standard_error":0.013130157451936129},"Median":{"confidence_interval":{"confidence_level":0.95,"lower_bound":9.385800373451026,"upper_bound":9.38838199513382},"point_estimate":9.386702909570154,"standard_error":0.0005763612588259928},"MedianAbsDev":{"confidence_interval":{"confidence_level":0.95,"lower_bound":0.004407501374709261,"upper_bound":0.010127127938820967},"point_estimate":0.007446303931424777,"standard_error":0.00148885425765124},"Slope":{"confidence_interval":{"confidence_level":0.95,"lower_bound":9.39176649712641,"upper_bound":9.43039528992915},"point_estimate":9.408721018740941,"standard_error":0.009917965791487932},"StdDev":{"confidence_interval":{"confidence_level":0.95,"lower_bound":0.04609188970910536,"upper_bound":0.20316430925221304},"point_estimate":0.1322765536988191,"standard_error":0.04141427176392108}}