{"Mean":{"confidence_interval":{"confidence_level":0.95,"lower_bound":7.937976044962645,"upper_bound":7.978262376928855},"point_estimate":7.955055083996448,"standard_error":0.010444858080788464},"Median":{"confidence_interval":{"confidence_level":0.95,"lower_bound":7.93002380952381,"upper_bound":7.9317420020639835},"point_estimate":7.930557275541796,"standard_error":0.00037774162104076814},"MedianAbsDev":{"confidence_interval":{"confidence_level":0.95,"lower_bound":0.0019434000851154267,"upper_bound":0.004484982616314564},"point_estimate":0.0027974484778704478,"standard_error":0.000594109338937954},"Slope":{"confidence_interval":{"confidence_level":0.95,"lower_bound":7.933464361758432,"upper_bound":7.980663041325171},"point_estimate":7.953738402308416,"standard_error":0.012052982470659494},"StdDev":{"confidence_interval":{"confidence_level":0.95,"lower_bound":0.034037210158698226,"upper_bound":0.16297930402800742},"point_estimate":0.10469374311933713,"standard_error":0.034825182120632896}}