{"Mean":{"confidence_interval":{"confidence_level":0.95,"lower_bound":8.027373130306307,"upper_bound":8.172138472629712},"point_estimate":8.094611726214417,"standard_error":0.03713343383258138},"Median":{"confidence_interval":{"confidence_level":0.95,"lower_bound":7.920343760107194,"upper_bound":7.937370114535364},"point_estimate":7.935441567598183,"standard_error":0.003907417859797851},"MedianAbsDev":{"confidence_interval":{"confidence_level":0.95,"lower_bound":0.009891131310653601,"upper_bound":0.03309629716433977},"point_estimate":0.029238939814316616,"standard_error":0.005225031469150646},"Slope":{"confidence_interval":{"confidence_level":0.95,"lower_bound":8.019995459328268,"upper_bound":8.251284843681443},"point_estimate":8.124033542789938,"standard_error":0.05938651242103695},"StdDev":{"confidence_interval":{"confidence_level":0.95,"lower_bound":0.23426066975726295,"upper_bound":0.49182827663714623},"point_estimate":0.3733111034980596,"standard_error":0.06589899276260548}}