{"mean":{"confidence_interval":{"confidence_level":0.95,"lower_bound":8.827179611657822,"upper_bound":8.888410342362842},"point_estimate":8.8557624118646,"standard_error":0.015654318100257136},"median":{"confidence_interval":{"confidence_level":0.95,"lower_bound":8.753526837957546,"upper_bound":8.929697929778936},"point_estimate":8.815635004749508,"standard_error":0.05260121420046758},"median_abs_dev":{"confidence_interval":{"confidence_level":0.95,"lower_bound":0.04933772366834328,"upper_bound":0.20063366940792002},"point_estimate":0.14137599006185766,"standard_error":0.040400977561636124},"slope":{"confidence_interval":{"confidence_level":0.95,"lower_bound":8.87836491563941,"upper_bound":8.930102907251042},"point_estimate":8.904710863449221,"standard_error":0.013154157173861966},"std_dev":{"confidence_interval":{"confidence_level":0.95,"lower_bound":0.10800931310448025,"upper_bound":0.21374965596018272},"point_estimate":0.15714785215503033,"standard_error":0.029552214323578078}}