{"Mean":{"confidence_interval":{"confidence_level":0.95,"lower_bound":9.981470617226405,"upper_bound":10.284228004303031},"point_estimate":10.087305032362828,"standard_error":0.09246945092572702},"Median":{"confidence_interval":{"confidence_level":0.95,"lower_bound":9.968283927274872,"upper_bound":9.971884432945235},"point_estimate":9.970288619361964,"standard_error":0.0009059865694897063},"MedianAbsDev":{"confidence_interval":{"confidence_level":0.95,"lower_bound":0.005349402029003056,"upper_bound":0.011145899610302152},"point_estimate":0.008458934698454065,"standard_error":0.0014876983615505698},"Slope":{"confidence_interval":{"confidence_level":0.95,"lower_bound":9.97258186414522,"upper_bound":9.987602373573681},"point_estimate":9.978828402274106,"standard_error":0.0038827462394428074},"StdDev":{"confidence_interval":{"confidence_level":0.95,"lower_bound":0.0464728861483938,"upper_bound":1.5890126178101263},"point_estimate":0.9298119791229694,"standard_error":0.5417097185993159}}