{"mean":{"confidence_interval":{"confidence_level":0.95,"lower_bound":10.198565385531154,"upper_bound":10.262058658998553},"point_estimate":10.226090788637105,"standard_error":0.016360502873715967},"median":{"confidence_interval":{"confidence_level":0.95,"lower_bound":10.178669445835745,"upper_bound":10.191072072820976},"point_estimate":10.182477637721135,"standard_error":0.003580587600366317},"median_abs_dev":{"confidence_interval":{"confidence_level":0.95,"lower_bound":0.015469711653036636,"upper_bound":0.030574647400126092},"point_estimate":0.021551605780052004,"standard_error":0.0037710807052243637},"slope":{"confidence_interval":{"confidence_level":0.95,"lower_bound":10.173083634813374,"upper_bound":10.179668726061603},"point_estimate":10.176103709792452,"standard_error":0.001682184445535445},"std_dev":{"confidence_interval":{"confidence_level":0.95,"lower_bound":0.050226355456863034,"upper_bound":0.24692602098650965},"point_estimate":0.16445376555116928,"standard_error":0.04966431869915256}}