{"Mean":{"confidence_interval":{"confidence_level":0.95,"lower_bound":2.6867768254567883,"upper_bound":2.710850461683186},"point_estimate":2.698047033681981,"standard_error":0.0061661566819253555},"Median":{"confidence_interval":{"confidence_level":0.95,"lower_bound":2.6751566380809977,"upper_bound":2.6771322823352093},"point_estimate":2.6761329596545984,"standard_error":0.0005199035928799638},"MedianAbsDev":{"confidence_interval":{"confidence_level":0.95,"lower_bound":0.0031957846709080146,"upper_bound":0.00615237411410967},"point_estimate":0.004285402807691285,"standard_error":0.000803357300276521},"Slope":{"confidence_interval":{"confidence_level":0.95,"lower_bound":2.695785513189748,"upper_bound":2.744894124791611},"point_estimate":2.7196655436978356,"standard_error":0.012549265355020071},"StdDev":{"confidence_interval":{"confidence_level":0.95,"lower_bound":0.043101448710756086,"upper_bound":0.076760294571314},"point_estimate":0.06214927411696385,"standard_error":0.008665914697765486}}