{"Mean":{"confidence_interval":{"confidence_level":0.95,"lower_bound":6.612017644582054,"upper_bound":6.813949511992282},"point_estimate":6.68671058501676,"standard_error":0.05630253614006396},"Median":{"confidence_interval":{"confidence_level":0.95,"lower_bound":6.5996359326051985,"upper_bound":6.6344891099138925},"point_estimate":6.618389418802325,"standard_error":0.009573969930538509},"MedianAbsDev":{"confidence_interval":{"confidence_level":0.95,"lower_bound":0.11011694337706075,"upper_bound":0.1659031652192151},"point_estimate":0.14378790606095002,"standard_error":0.014913894542437163},"Slope":{"confidence_interval":{"confidence_level":0.95,"lower_bound":6.591820459565714,"upper_bound":6.664940179707555},"point_estimate":6.624290180810301,"standard_error":0.018668324963531352},"StdDev":{"confidence_interval":{"confidence_level":0.95,"lower_bound":0.11302088004079888,"upper_bound":0.9539014028304938},"point_estimate":0.5661924049053674,"standard_error":0.29067919031266715}}