{"Mean":{"confidence_interval":{"confidence_level":0.95,"lower_bound":19.095147580635537,"upper_bound":20.37217760938861},"point_estimate":19.711418551320115,"standard_error":0.3260113685306088},"Median":{"confidence_interval":{"confidence_level":0.95,"lower_bound":18.509939342643534,"upper_bound":18.51750467757662},"point_estimate":18.5117336700917,"standard_error":0.002022631004423656},"MedianAbsDev":{"confidence_interval":{"confidence_level":0.95,"lower_bound":0.005981357081303466,"upper_bound":0.019668858217463024},"point_estimate":0.010646651720226838,"standard_error":0.003339647413972702},"Slope":{"confidence_interval":{"confidence_level":0.95,"lower_bound":18.646571589334243,"upper_bound":18.945386438989658},"point_estimate":18.77483167537198,"standard_error":0.07646123683101273},"StdDev":{"confidence_interval":{"confidence_level":0.95,"lower_bound":2.305086292939148,"upper_bound":3.9748185275093473},"point_estimate":3.2891984615810594,"standard_error":0.41812768180646104}}