{"Mean":{"confidence_interval":{"confidence_level":0.95,"lower_bound":2.05772227202087,"upper_bound":2.097785478876161},"point_estimate":2.0750455082321286,"standard_error":0.010316906436490228},"Median":{"confidence_interval":{"confidence_level":0.95,"lower_bound":2.043304553818378,"upper_bound":2.0439175986050984},"point_estimate":2.0435316171923317,"standard_error":0.00017625201524908575},"MedianAbsDev":{"confidence_interval":{"confidence_level":0.95,"lower_bound":0.000596245565704181,"upper_bound":0.0016596220845331554},"point_estimate":0.0009750160360812302,"standard_error":0.00029998381871949533},"Slope":{"confidence_interval":{"confidence_level":0.95,"lower_bound":2.0588910588773284,"upper_bound":2.0945322757342955},"point_estimate":2.0752598226240533,"standard_error":0.00913919047969189},"StdDev":{"confidence_interval":{"confidence_level":0.95,"lower_bound":0.04403942069659595,"upper_bound":0.15937629723677385},"point_estimate":0.10415653072409167,"standard_error":0.03273227153436938}}