{"Mean":{"confidence_interval":{"confidence_level":0.95,"lower_bound":2.079077518954362,"upper_bound":2.087537425090392},"point_estimate":2.083061104717718,"standard_error":0.0021692325342380064},"Median":{"confidence_interval":{"confidence_level":0.95,"lower_bound":2.07470434998905,"upper_bound":2.0748415095945196},"point_estimate":2.0747823475049385,"standard_error":0.000035152939886124616},"MedianAbsDev":{"confidence_interval":{"confidence_level":0.95,"lower_bound":0.0002754231841549851,"upper_bound":0.0007189066774955633},"point_estimate":0.00045459166642367407,"standard_error":0.00011428466508621035},"Slope":{"confidence_interval":{"confidence_level":0.95,"lower_bound":2.076765166840394,"upper_bound":2.089692991728235},"point_estimate":2.082055979099038,"standard_error":0.003424062290141346},"StdDev":{"confidence_interval":{"confidence_level":0.95,"lower_bound":0.015203512738074805,"upper_bound":0.027319567184942283},"point_estimate":0.021809610344355964,"standard_error":0.0031059796996809118}}