{"Mean":{"confidence_interval":{"confidence_level":0.95,"lower_bound":7.494497059573462,"upper_bound":7.546135958805715},"point_estimate":7.5174591993496485,"standard_error":0.013315528522614313},"Median":{"confidence_interval":{"confidence_level":0.95,"lower_bound":7.468232345680447,"upper_bound":7.4835816118597975},"point_estimate":7.473325398321888,"standard_error":0.003651536485224849},"MedianAbsDev":{"confidence_interval":{"confidence_level":0.95,"lower_bound":0.014841000788713785,"upper_bound":0.03348701704340236},"point_estimate":0.022695801059673372,"standard_error":0.00466626163696798},"Slope":{"confidence_interval":{"confidence_level":0.95,"lower_bound":7.468939878970226,"upper_bound":7.485383071352819},"point_estimate":7.476436247389544,"standard_error":0.004215709082555284},"StdDev":{"confidence_interval":{"confidence_level":0.95,"lower_bound":0.06180285118206097,"upper_bound":0.19258491177431727},"point_estimate":0.1339047767257592,"standard_error":0.0335328179498728}}