{"Mean":{"confidence_interval":{"confidence_level":0.95,"lower_bound":7.5344035853758555,"upper_bound":7.580122209764981},"point_estimate":7.554761072097144,"standard_error":0.011757249298022512},"Median":{"confidence_interval":{"confidence_level":0.95,"lower_bound":7.514272479266052,"upper_bound":7.530439070777667},"point_estimate":7.520453861865626,"standard_error":0.00411855950082848},"MedianAbsDev":{"confidence_interval":{"confidence_level":0.95,"lower_bound":0.024775908282619042,"upper_bound":0.045177777723939314},"point_estimate":0.03348463570424109,"standard_error":0.005134625837963076},"Slope":{"confidence_interval":{"confidence_level":0.95,"lower_bound":7.502047936461213,"upper_bound":7.511432277846797},"point_estimate":7.506388163218263,"standard_error":0.002390892927329411},"StdDev":{"confidence_interval":{"confidence_level":0.95,"lower_bound":0.06146135054252035,"upper_bound":0.17336045427524005},"point_estimate":0.1186312680658679,"standard_error":0.03078574396968436}}