{"Mean":{"confidence_interval":{"confidence_level":0.95,"lower_bound":9.16897438385865,"upper_bound":9.22613659513708},"point_estimate":9.197236408720581,"standard_error":0.014586021195549081},"Median":{"confidence_interval":{"confidence_level":0.95,"lower_bound":9.072668144863266,"upper_bound":9.2096331738437},"point_estimate":9.113671328671328,"standard_error":0.0489266574248786},"MedianAbsDev":{"confidence_interval":{"confidence_level":0.95,"lower_bound":0.028599364082143374,"upper_bound":0.20016870919206178},"point_estimate":0.090100272051066,"standard_error":0.06352393512480166},"Slope":{"confidence_interval":{"confidence_level":0.95,"lower_bound":9.16603060893966,"upper_bound":9.253040000859597},"point_estimate":9.208452362848226,"standard_error":0.02220817567549338},"StdDev":{"confidence_interval":{"confidence_level":0.95,"lower_bound":0.13193715389160768,"upper_bound":0.16117698221403912},"point_estimate":0.14656222715041,"standard_error":0.00748559791087396}}