{"Mean":{"confidence_interval":{"confidence_level":0.95,"lower_bound":9.503850500300022,"upper_bound":9.663894250754486},"point_estimate":9.570688105686244,"standard_error":0.04149153805259476},"Median":{"confidence_interval":{"confidence_level":0.95,"lower_bound":9.451876023751023,"upper_bound":9.453562653562653},"point_estimate":9.452671458353276,"standard_error":0.0003844315932318955},"MedianAbsDev":{"confidence_interval":{"confidence_level":0.95,"lower_bound":0.0013114473513462408,"upper_bound":0.003692221246670784},"point_estimate":0.0023637559486665094,"standard_error":0.0005641881766175955},"Slope":{"confidence_interval":{"confidence_level":0.95,"lower_bound":9.504100957407234,"upper_bound":9.592938187720643},"point_estimate":9.54566752802751,"standard_error":0.022644620268492684},"StdDev":{"confidence_interval":{"confidence_level":0.95,"lower_bound":0.13233198189677814,"upper_bound":0.6583742187810164},"point_estimate":0.41763609266000523,"standard_error":0.1485840773069166}}