{"Mean":{"confidence_interval":{"confidence_level":0.95,"lower_bound":1.058807340635227,"upper_bound":1.062041748613844},"point_estimate":1.0602431526677087,"standard_error":0.0008318628532997089},"Median":{"confidence_interval":{"confidence_level":0.95,"lower_bound":1.0574515501190007,"upper_bound":1.0585629776588408},"point_estimate":1.0579137427291254,"standard_error":0.000301543879116167},"MedianAbsDev":{"confidence_interval":{"confidence_level":0.95,"lower_bound":0.0010293390767561101,"upper_bound":0.002197643050471702},"point_estimate":0.001451680492746539,"standard_error":0.00029637484073413587},"Slope":{"confidence_interval":{"confidence_level":0.95,"lower_bound":1.0584849957516114,"upper_bound":1.0597897616071568},"point_estimate":1.0591112807717165,"standard_error":0.00033300221515208955},"StdDev":{"confidence_interval":{"confidence_level":0.95,"lower_bound":0.0037771602974864477,"upper_bound":0.012229060092018091},"point_estimate":0.008398436569045624,"standard_error":0.0021854592547297883}}