{"Mean":{"confidence_interval":{"confidence_level":0.95,"lower_bound":3.568081517308691,"upper_bound":3.597596631321009},"point_estimate":3.580647369918683,"standard_error":0.007616808604275596},"Median":{"confidence_interval":{"confidence_level":0.95,"lower_bound":3.5644581128228574,"upper_bound":3.564555196711685},"point_estimate":3.5644905752684695,"standard_error":0.000023246607617370966},"MedianAbsDev":{"confidence_interval":{"confidence_level":0.95,"lower_bound":0.0002173214509271628,"upper_bound":0.011234450322238115},"point_estimate":0.0005814162926798687,"standard_error":0.0033910121039629326},"Slope":{"confidence_interval":{"confidence_level":0.95,"lower_bound":3.564927591057434,"upper_bound":3.5793804242406115},"point_estimate":3.571466562302237,"standard_error":0.0037002968896945663},"StdDev":{"confidence_interval":{"confidence_level":0.95,"lower_bound":0.03295026719761899,"upper_bound":0.11775235661820574},"point_estimate":0.07652956455097853,"standard_error":0.024763269598891576}}