{"Mean":{"confidence_interval":{"confidence_level":0.95,"lower_bound":3.5908175965009574,"upper_bound":3.635620651352756},"point_estimate":3.6079851169585146,"standard_error":0.012050055349683748},"Median":{"confidence_interval":{"confidence_level":0.95,"lower_bound":3.5886902497781157,"upper_bound":3.588774777059296},"point_estimate":3.5887269928494607,"standard_error":0.000019998996123315764},"MedianAbsDev":{"confidence_interval":{"confidence_level":0.95,"lower_bound":0.00013936701823220486,"upper_bound":0.00032789120756803386},"point_estimate":0.00020903556104779976,"standard_error":0.000048772271677814577},"Slope":{"confidence_interval":{"confidence_level":0.95,"lower_bound":3.5902815546367455,"upper_bound":3.6730821772161697},"point_estimate":3.6180307570506005,"standard_error":0.023911299626119462},"StdDev":{"confidence_interval":{"confidence_level":0.95,"lower_bound":0.008531754342016227,"upper_bound":0.2001618897051125},"point_estimate":0.12102380995054551,"standard_error":0.055870588687162416}}