{"Mean":{"confidence_interval":{"confidence_level":0.95,"lower_bound":3.5869079428395616,"upper_bound":3.616573617541753},"point_estimate":3.59779045252995,"standard_error":0.008246924136826286},"Median":{"confidence_interval":{"confidence_level":0.95,"lower_bound":3.584388105778192,"upper_bound":3.584519472450507},"point_estimate":3.584448923975951,"standard_error":0.000042046643763743157},"MedianAbsDev":{"confidence_interval":{"confidence_level":0.95,"lower_bound":0.0001662513488980596,"upper_bound":0.00040253463527553364},"point_estimate":0.00025825939790999477,"standard_error":0.00006306339146482178},"Slope":{"confidence_interval":{"confidence_level":0.95,"lower_bound":3.585769036346806,"upper_bound":3.5973715678493985},"point_estimate":3.5904950811810674,"standard_error":0.0030695089383125625},"StdDev":{"confidence_interval":{"confidence_level":0.95,"lower_bound":0.010223432392995929,"upper_bound":0.13921206251544097},"point_estimate":0.08262057507152923,"standard_error":0.042256903965140744}}