{"Mean":{"confidence_interval":{"confidence_level":0.95,"lower_bound":10.10008832218872,"upper_bound":10.162844544638267},"point_estimate":10.127447295482805,"standard_error":0.016170282764930117},"Median":{"confidence_interval":{"confidence_level":0.95,"lower_bound":10.077430522724246,"upper_bound":10.08701909325726},"point_estimate":10.081179226638227,"standard_error":0.002736481502108568},"MedianAbsDev":{"confidence_interval":{"confidence_level":0.95,"lower_bound":0.012871912445971658,"upper_bound":0.027478982069281063},"point_estimate":0.01901763204987171,"standard_error":0.003979559654186873},"Slope":{"confidence_interval":{"confidence_level":0.95,"lower_bound":10.074544197639026,"upper_bound":10.086709270589033},"point_estimate":10.079855683355454,"standard_error":0.003131211806646974},"StdDev":{"confidence_interval":{"confidence_level":0.95,"lower_bound":0.054899785230396354,"upper_bound":0.24319296219976597},"point_estimate":0.1628543196515947,"standard_error":0.047939350856723933}}