{"Mean":{"confidence_interval":{"confidence_level":0.95,"lower_bound":2.60760102169788,"upper_bound":2.6114449691745194},"point_estimate":2.6093042377860383,"standard_error":0.0009878017101394045},"Median":{"confidence_interval":{"confidence_level":0.95,"lower_bound":2.6063886668191056,"upper_bound":2.6082381024166494},"point_estimate":2.606988160997262,"standard_error":0.0004438102316411377},"MedianAbsDev":{"confidence_interval":{"confidence_level":0.95,"lower_bound":0.0023333813606928777,"upper_bound":0.003578346312500417},"point_estimate":0.002951720990122997,"standard_error":0.00031930742616686483},"Slope":{"confidence_interval":{"confidence_level":0.95,"lower_bound":2.607603433070785,"upper_bound":2.6089267247831613},"point_estimate":2.6082365705184185,"standard_error":0.00033733788666099387},"StdDev":{"confidence_interval":{"confidence_level":0.95,"lower_bound":0.0041837667737385465,"upper_bound":0.01448660922537674},"point_estimate":0.009955152517174687,"standard_error":0.002649280748973406}}