{"mean":{"confidence_interval":{"confidence_level":0.95,"lower_bound":891.0543237600783,"upper_bound":893.6722195359406},"point_estimate":892.2669956861901,"standard_error":0.6705691886580393},"median":{"confidence_interval":{"confidence_level":0.95,"lower_bound":889.2230606521426,"upper_bound":891.7361615129057},"point_estimate":890.4332593278814,"standard_error":0.6264078202888521},"median_abs_dev":{"confidence_interval":{"confidence_level":0.95,"lower_bound":2.4200326410481923,"upper_bound":4.942212319596832},"point_estimate":3.9395258400224553,"standard_error":0.6894186559879405},"slope":{"confidence_interval":{"confidence_level":0.95,"lower_bound":889.1283095024978,"upper_bound":891.0723695171699},"point_estimate":889.931146252478,"standard_error":0.5019793997109577},"std_dev":{"confidence_interval":{"confidence_level":0.95,"lower_bound":4.040434676968356,"upper_bound":9.076396977001307},"point_estimate":6.763414197377622,"standard_error":1.288715741977768}}