{"mean":{"confidence_interval":{"confidence_level":0.95,"lower_bound":7.342852219289586,"upper_bound":7.379373549058527},"point_estimate":7.358314491872762,"standard_error":0.009394763821516402},"median":{"confidence_interval":{"confidence_level":0.95,"lower_bound":7.331456944334642,"upper_bound":7.342149840567107},"point_estimate":7.337763133384694,"standard_error":0.0023487713806680877},"median_abs_dev":{"confidence_interval":{"confidence_level":0.95,"lower_bound":0.015883490385902924,"upper_bound":0.024391474768818568},"point_estimate":0.01941702443666794,"standard_error":0.0021507387692905333},"slope":{"confidence_interval":{"confidence_level":0.95,"lower_bound":7.323206582239477,"upper_bound":7.33062759178942},"point_estimate":7.326894319473661,"standard_error":0.0018820309476745122},"std_dev":{"confidence_interval":{"confidence_level":0.95,"lower_bound":0.03567284931068304,"upper_bound":0.14580492929795388},"point_estimate":0.09415493208479121,"standard_error":0.030512057530166416}}