{"Mean":{"confidence_interval":{"confidence_level":0.95,"lower_bound":8.30705204819589,"upper_bound":8.311914483821452},"point_estimate":8.309304150513091,"standard_error":0.0012460580267441073},"Median":{"confidence_interval":{"confidence_level":0.95,"lower_bound":8.304534920631731,"upper_bound":8.305856553147574},"point_estimate":8.305021918799008,"standard_error":0.00035605037165731414},"MedianAbsDev":{"confidence_interval":{"confidence_level":0.95,"lower_bound":0.002014823170325515,"upper_bound":0.0038414509412032097},"point_estimate":0.002782590580491564,"standard_error":0.00047244932579478666},"Slope":{"confidence_interval":{"confidence_level":0.95,"lower_bound":8.3056412910107,"upper_bound":8.309935615843978},"point_estimate":8.307647225052435,"standard_error":0.0011007942649838558},"StdDev":{"confidence_interval":{"confidence_level":0.95,"lower_bound":0.008014572085938566,"upper_bound":0.016827959459959903},"point_estimate":0.012547233875207219,"standard_error":0.002291847192606531}}