{"Mean":{"confidence_interval":{"confidence_level":0.95,"lower_bound":30324.914451867677,"upper_bound":30428.30424036653},"point_estimate":30369.023763590725,"standard_error":26.71451144592728},"Median":{"confidence_interval":{"confidence_level":0.95,"lower_bound":30299.037380382775,"upper_bound":30319.26536195286},"point_estimate":30306.437185942952,"standard_error":4.900797528337171},"MedianAbsDev":{"confidence_interval":{"confidence_level":0.95,"lower_bound":26.589138226513438,"upper_bound":57.549129285153406},"point_estimate":36.09313266221615,"standard_error":7.542061163312791},"Slope":{"confidence_interval":{"confidence_level":0.95,"lower_bound":30323.207169634912,"upper_bound":30355.848159173016},"point_estimate":30338.730190631002,"standard_error":8.344521428326152},"StdDev":{"confidence_interval":{"confidence_level":0.95,"lower_bound":86.47696849601469,"upper_bound":417.53042062370764},"point_estimate":268.0095236801482,"standard_error":87.67503265406361}}