{"Mean":{"confidence_interval":{"confidence_level":0.95,"lower_bound":7.459716132660629,"upper_bound":7.501815681640121},"point_estimate":7.477346180590955,"standard_error":0.01089009819874987},"Median":{"confidence_interval":{"confidence_level":0.95,"lower_bound":7.44910645424713,"upper_bound":7.455575942812624},"point_estimate":7.452198557745005,"standard_error":0.001597129049109988},"MedianAbsDev":{"confidence_interval":{"confidence_level":0.95,"lower_bound":0.01098272894360165,"upper_bound":0.023065075597582762},"point_estimate":0.016850497794189095,"standard_error":0.0032072578369884723},"Slope":{"confidence_interval":{"confidence_level":0.95,"lower_bound":7.441468637326317,"upper_bound":7.448038794561992},"point_estimate":7.444539892114267,"standard_error":0.0016746020759113157},"StdDev":{"confidence_interval":{"confidence_level":0.95,"lower_bound":0.03643164376010837,"upper_bound":0.17247379210973446},"point_estimate":0.10896137902698545,"standard_error":0.03797106874989254}}