{"mean":{"confidence_interval":{"confidence_level":0.95,"lower_bound":3.781824331750493,"upper_bound":3.8051086105515703},"point_estimate":3.7919875356801303,"standard_error":0.0060224294001499905},"median":{"confidence_interval":{"confidence_level":0.95,"lower_bound":3.771315750430823,"upper_bound":3.7765770832927785},"point_estimate":3.773050664428011,"standard_error":0.0013348276266100384},"median_abs_dev":{"confidence_interval":{"confidence_level":0.95,"lower_bound":0.0051487847230861665,"upper_bound":0.011997801962224254},"point_estimate":0.007617031200194389,"standard_error":0.0017370270099156286},"slope":{"confidence_interval":{"confidence_level":0.95,"lower_bound":3.770132225643444,"upper_bound":3.7748493904149334},"point_estimate":3.772130568223745,"standard_error":0.001225690328993409},"std_dev":{"confidence_interval":{"confidence_level":0.95,"lower_bound":0.025255271211136413,"upper_bound":0.0920909992133826},"point_estimate":0.060709195791378005,"standard_error":0.01834283368453044}}