{"Mean":{"confidence_interval":{"confidence_level":0.95,"lower_bound":29435.112688317673,"upper_bound":30294.654446403358},"point_estimate":29846.573238716195,"standard_error":219.83899878489615},"Median":{"confidence_interval":{"confidence_level":0.95,"lower_bound":28827.65268065268,"upper_bound":28859.132183908045},"point_estimate":28836.065383885805,"standard_error":7.565842337209484},"MedianAbsDev":{"confidence_interval":{"confidence_level":0.95,"lower_bound":36.36680295154154,"upper_bound":88.16489080860683},"point_estimate":50.73044653074393,"standard_error":13.405172564595075},"Slope":{"confidence_interval":{"confidence_level":0.95,"lower_bound":29295.370669043736,"upper_bound":30355.738877388998},"point_estimate":29770.697982007157,"standard_error":272.2867326715828},"StdDev":{"confidence_interval":{"confidence_level":0.95,"lower_bound":1718.515979718069,"upper_bound":2572.7622291742578},"point_estimate":2218.7241832381433,"standard_error":214.9316221407206}}