{"Mean":{"confidence_interval":{"confidence_level":0.95,"lower_bound":8.071539006668093,"upper_bound":8.095738393569697},"point_estimate":8.082829724588592,"standard_error":0.006200521524143481},"Median":{"confidence_interval":{"confidence_level":0.95,"lower_bound":8.05486621159853,"upper_bound":8.061377360867768},"point_estimate":8.057378548420987,"standard_error":0.0019538053972342063},"MedianAbsDev":{"confidence_interval":{"confidence_level":0.95,"lower_bound":0.007650715652448064,"upper_bound":0.019410498021773442},"point_estimate":0.012570771307074869,"standard_error":0.003221744619288577},"Slope":{"confidence_interval":{"confidence_level":0.95,"lower_bound":8.071653269400647,"upper_bound":8.109556347046318},"point_estimate":8.089158519310915,"standard_error":0.009724622067219182},"StdDev":{"confidence_interval":{"confidence_level":0.95,"lower_bound":0.04010331732031623,"upper_bound":0.08043293014445828},"point_estimate":0.06227913865575092,"standard_error":0.010301004284563889}}