{"Mean":{"confidence_interval":{"confidence_level":0.95,"lower_bound":16.366480873251295,"upper_bound":16.538295110382382},"point_estimate":16.444892727186225,"standard_error":0.04398990365329423},"Median":{"confidence_interval":{"confidence_level":0.95,"lower_bound":16.26638745187937,"upper_bound":16.33173950641921},"point_estimate":16.301236847652817,"standard_error":0.016075481310606297},"MedianAbsDev":{"confidence_interval":{"confidence_level":0.95,"lower_bound":0.0916128412394274,"upper_bound":0.15793424394417133},"point_estimate":0.13593651161210935,"standard_error":0.01737929023813941},"Slope":{"confidence_interval":{"confidence_level":0.95,"lower_bound":16.260735265825943,"upper_bound":16.448362354067996},"point_estimate":16.338125366742794,"standard_error":0.04880242085876573},"StdDev":{"confidence_interval":{"confidence_level":0.95,"lower_bound":0.266978501699636,"upper_bound":0.5964442278562481},"point_estimate":0.4419810225664223,"standard_error":0.0844433644990286}}