{"Mean":{"confidence_interval":{"confidence_level":0.95,"lower_bound":2.7567444574865005,"upper_bound":2.77274074616737},"point_estimate":2.7635095976210824,"standard_error":0.004149017788657635},"Median":{"confidence_interval":{"confidence_level":0.95,"lower_bound":2.7511882392161837,"upper_bound":2.7549500907231277},"point_estimate":2.7532236078659773,"standard_error":0.0009489728807223587},"MedianAbsDev":{"confidence_interval":{"confidence_level":0.95,"lower_bound":0.004681935515818184,"upper_bound":0.008697594741083312},"point_estimate":0.0067057493643891694,"standard_error":0.000971807500471248},"Slope":{"confidence_interval":{"confidence_level":0.95,"lower_bound":2.7495055120733833,"upper_bound":2.751250455401402},"point_estimate":2.750293472636191,"standard_error":0.000445357233438829},"StdDev":{"confidence_interval":{"confidence_level":0.95,"lower_bound":0.014696177964715304,"upper_bound":0.0649714191705366},"point_estimate":0.041609340759311116,"standard_error":0.014043782578184987}}