{"Mean":{"confidence_interval":{"confidence_level":0.95,"lower_bound":1.0618821537860832,"upper_bound":1.0672501041421765},"point_estimate":1.0644545634287166,"standard_error":0.0013708582506505064},"Median":{"confidence_interval":{"confidence_level":0.95,"lower_bound":1.0568760941640842,"upper_bound":1.0634104823175279},"point_estimate":1.0608328605736217,"standard_error":0.0013946646425829958},"MedianAbsDev":{"confidence_interval":{"confidence_level":0.95,"lower_bound":0.0073013418502380694,"upper_bound":0.013445116642112911},"point_estimate":0.010705495028854586,"standard_error":0.0015386054353622358},"Slope":{"confidence_interval":{"confidence_level":0.95,"lower_bound":1.063782127520419,"upper_bound":1.0698198827319167},"point_estimate":1.0667547045903572,"standard_error":0.001547432719592583},"StdDev":{"confidence_interval":{"confidence_level":0.95,"lower_bound":0.010916394836352648,"upper_bound":0.016590309586245352},"point_estimate":0.01380580952916492,"standard_error":0.0014577015340740578}}