{"Mean":{"confidence_interval":{"confidence_level":0.95,"lower_bound":4.20365447329243,"upper_bound":4.272504178144579},"point_estimate":4.23078466273636,"standard_error":0.018232332371078058},"Median":{"confidence_interval":{"confidence_level":0.95,"lower_bound":4.215950308247821,"upper_bound":4.217113474115122},"point_estimate":4.216984044405358,"standard_error":0.0027795596154757086},"MedianAbsDev":{"confidence_interval":{"confidence_level":0.95,"lower_bound":0.0013576450522277033,"upper_bound":0.07273945755403118},"point_estimate":0.015484485435928645,"standard_error":0.023452871451628995},"Slope":{"confidence_interval":{"confidence_level":0.95,"lower_bound":4.204285823246946,"upper_bound":4.230400467121283},"point_estimate":4.216934284001072,"standard_error":0.006668575339955544},"StdDev":{"confidence_interval":{"confidence_level":0.95,"lower_bound":0.041298340389840864,"upper_bound":0.30089338172906605},"point_estimate":0.18328063443144677,"standard_error":0.07913213774411923}}