{"Mean":{"confidence_interval":{"confidence_level":0.95,"lower_bound":4.14426449630555,"upper_bound":4.233880008228981},"point_estimate":4.177800286483352,"standard_error":0.024796296262470974},"Median":{"confidence_interval":{"confidence_level":0.95,"lower_bound":4.11071894792825,"upper_bound":4.111666586085191},"point_estimate":4.110953203174534,"standard_error":0.0008551427363399973},"MedianAbsDev":{"confidence_interval":{"confidence_level":0.95,"lower_bound":0.001097531931070532,"upper_bound":0.0037960273789532186},"point_estimate":0.0017118046341374497,"standard_error":0.001262612328501604},"Slope":{"confidence_interval":{"confidence_level":0.95,"lower_bound":4.136328990177235,"upper_bound":4.216667540538754},"point_estimate":4.1671631964081985,"standard_error":0.021242993932396835},"StdDev":{"confidence_interval":{"confidence_level":0.95,"lower_bound":0.05923172531948932,"upper_bound":0.4199388994858245},"point_estimate":0.2500119903290066,"standard_error":0.1260292820245621}}