{"Mean":{"confidence_interval":{"confidence_level":0.95,"lower_bound":24.001298809255065,"upper_bound":24.288354078156424},"point_estimate":24.121398153188274,"standard_error":0.07416911609943701},"Median":{"confidence_interval":{"confidence_level":0.95,"lower_bound":23.926885998964803,"upper_bound":23.930685872869038},"point_estimate":23.928889452938364,"standard_error":0.0008965608563281442},"MedianAbsDev":{"confidence_interval":{"confidence_level":0.95,"lower_bound":0.005555625301521973,"upper_bound":0.010614390672434455},"point_estimate":0.0077221313439568865,"standard_error":0.0012661534374444428},"Slope":{"confidence_interval":{"confidence_level":0.95,"lower_bound":23.960809480479767,"upper_bound":24.08054348601645},"point_estimate":24.01470377342731,"standard_error":0.0308347504151276},"StdDev":{"confidence_interval":{"confidence_level":0.95,"lower_bound":0.24042797467774288,"upper_bound":1.1807030113711876},"point_estimate":0.748221127563628,"standard_error":0.2659804032751181}}