{"Mean":{"confidence_interval":{"confidence_level":0.95,"lower_bound":6.934366075287738,"upper_bound":6.973249027584128},"point_estimate":6.9519222732668835,"standard_error":0.009922158876106422},"Median":{"confidence_interval":{"confidence_level":0.95,"lower_bound":6.945230266019451,"upper_bound":6.945996389560322},"point_estimate":6.945467317361727,"standard_error":0.00019176806385473445},"MedianAbsDev":{"confidence_interval":{"confidence_level":0.95,"lower_bound":0.001256940517127343,"upper_bound":0.00336460863744741},"point_estimate":0.0020491742828172904,"standard_error":0.0005396237386070158},"Slope":{"confidence_interval":{"confidence_level":0.95,"lower_bound":6.924994075686758,"upper_bound":6.984416932519362},"point_estimate":6.952126724386274,"standard_error":0.015213757590577519},"StdDev":{"confidence_interval":{"confidence_level":0.95,"lower_bound":0.04811063293206455,"upper_bound":0.14466608981776574},"point_estimate":0.10013623009099452,"standard_error":0.02492191104622223}}