{"Mean":{"confidence_interval":{"confidence_level":0.95,"lower_bound":24.473712753538326,"upper_bound":24.92942327506008},"point_estimate":24.686903981387477,"standard_error":0.11639841756600366},"Median":{"confidence_interval":{"confidence_level":0.95,"lower_bound":23.93859629560248,"upper_bound":24.638721870604783},"point_estimate":23.973101265822784,"standard_error":0.21253819847786312},"MedianAbsDev":{"confidence_interval":{"confidence_level":0.95,"lower_bound":0.01810811227289748,"upper_bound":1.050503836557465},"point_estimate":0.06956030093560621,"standard_error":0.31026814312520057},"Slope":{"confidence_interval":{"confidence_level":0.95,"lower_bound":24.385597651655157,"upper_bound":24.86422956676605},"point_estimate":24.610661727706873,"standard_error":0.1223515583401947},"StdDev":{"confidence_interval":{"confidence_level":0.95,"lower_bound":0.7944634274941161,"upper_bound":1.5444011046817465},"point_estimate":1.1711604541424665,"standard_error":0.19490313550820615}}