{"Mean":{"confidence_interval":{"confidence_level":0.95,"lower_bound":7.029000508100937,"upper_bound":7.099405491115078},"point_estimate":7.0604086718874335,"standard_error":0.018018843542665613},"Median":{"confidence_interval":{"confidence_level":0.95,"lower_bound":7.037626109487844,"upper_bound":7.0382907880133185},"point_estimate":7.037835214894038,"standard_error":0.00019783281733976927},"MedianAbsDev":{"confidence_interval":{"confidence_level":0.95,"lower_bound":0.0008824382947728696,"upper_bound":0.0021075416676676903},"point_estimate":0.0013039221718698444,"standard_error":0.0003476972007591479},"Slope":{"confidence_interval":{"confidence_level":0.95,"lower_bound":7.012958400737232,"upper_bound":7.070905101651634},"point_estimate":7.039774110861481,"standard_error":0.014709345248007117},"StdDev":{"confidence_interval":{"confidence_level":0.95,"lower_bound":0.07192790892671164,"upper_bound":0.2585913572564777},"point_estimate":0.18104611057827477,"standard_error":0.04582447424818621}}