{"Mean":{"confidence_interval":{"confidence_level":0.95,"lower_bound":2.886599445285105,"upper_bound":2.9044483509114243},"point_estimate":2.89431624119663,"standard_error":0.004613719391931001},"Median":{"confidence_interval":{"confidence_level":0.95,"lower_bound":2.87976003727061,"upper_bound":2.8838446917350966},"point_estimate":2.8818469719428084,"standard_error":0.001142166205006573},"MedianAbsDev":{"confidence_interval":{"confidence_level":0.95,"lower_bound":0.004125497952277659,"upper_bound":0.008958244090834856},"point_estimate":0.006412824977644566,"standard_error":0.0012552500798987392},"Slope":{"confidence_interval":{"confidence_level":0.95,"lower_bound":2.8787924412190042,"upper_bound":2.88037362987463},"point_estimate":2.8794879341981425,"standard_error":0.0004025724759113223},"StdDev":{"confidence_interval":{"confidence_level":0.95,"lower_bound":0.017251814767682134,"upper_bound":0.0709713098864061},"point_estimate":0.04632880498782601,"standard_error":0.014378385124922136}}