{"Mean":{"confidence_interval":{"confidence_level":0.95,"lower_bound":7.45096418798872,"upper_bound":7.489678969328884},"point_estimate":7.467521187148524,"standard_error":0.010055143970513828},"Median":{"confidence_interval":{"confidence_level":0.95,"lower_bound":7.437970541220239,"upper_bound":7.444579418580778},"point_estimate":7.440805109711922,"standard_error":0.001789573095690986},"MedianAbsDev":{"confidence_interval":{"confidence_level":0.95,"lower_bound":0.011512769939450903,"upper_bound":0.021752482381851384},"point_estimate":0.016089705447430526,"standard_error":0.0026523751751830558},"Slope":{"confidence_interval":{"confidence_level":0.95,"lower_bound":7.432746535425032,"upper_bound":7.443898525850976},"point_estimate":7.437452504943219,"standard_error":0.0028837692970104475},"StdDev":{"confidence_interval":{"confidence_level":0.95,"lower_bound":0.03763504631638598,"upper_bound":0.15724397241422758},"point_estimate":0.10124559442053076,"standard_error":0.033694779508824796}}