{"Mean":{"confidence_interval":{"confidence_level":0.95,"lower_bound":1.0541301243005097,"upper_bound":1.0579452717115518},"point_estimate":1.0557766624696725,"standard_error":0.000984385340966385},"Median":{"confidence_interval":{"confidence_level":0.95,"lower_bound":1.05359859535978,"upper_bound":1.0541269443798416},"point_estimate":1.053891911287246,"standard_error":0.0001349663181356161},"MedianAbsDev":{"confidence_interval":{"confidence_level":0.95,"lower_bound":0.0010825005268794898,"upper_bound":0.00172212260181387},"point_estimate":0.001335713035915211,"standard_error":0.000160396631058227},"Slope":{"confidence_interval":{"confidence_level":0.95,"lower_bound":1.054011329210468,"upper_bound":1.0550061741501446},"point_estimate":1.05447933742499,"standard_error":0.00025354987350101045},"StdDev":{"confidence_interval":{"confidence_level":0.95,"lower_bound":0.002704920300248684,"upper_bound":0.015068216150311347},"point_estimate":0.009924153422817335,"standard_error":0.0031534132486171125}}