{"mean":{"confidence_interval":{"confidence_level":0.95,"lower_bound":12.48384197680555,"upper_bound":12.661348185151606},"point_estimate":12.562761339166535,"standard_error":0.045426326282024816},"median":{"confidence_interval":{"confidence_level":0.95,"lower_bound":12.425875626538073,"upper_bound":12.530935447787684},"point_estimate":12.479549593884286,"standard_error":0.02622945635559192},"median_abs_dev":{"confidence_interval":{"confidence_level":0.95,"lower_bound":0.1657637324185348,"upper_bound":0.274388261447603},"point_estimate":0.20852343039748764,"standard_error":0.02836069184860388},"slope":{"confidence_interval":{"confidence_level":0.95,"lower_bound":12.412831143702245,"upper_bound":12.517288691829217},"point_estimate":12.465095404552606,"standard_error":0.02664565407568485},"std_dev":{"confidence_interval":{"confidence_level":0.95,"lower_bound":0.23104068855069354,"upper_bound":0.6725949099668647},"point_estimate":0.45674440789480036,"standard_error":0.11990366721041099}}