{"mean":{"confidence_interval":{"confidence_level":0.95,"lower_bound":43.85884659646787,"upper_bound":44.12551983085309},"point_estimate":43.97591705230895,"standard_error":0.06879016687912094},"median":{"confidence_interval":{"confidence_level":0.95,"lower_bound":43.7556902448972,"upper_bound":43.82773864036633},"point_estimate":43.79087141438565,"standard_error":0.021526027826781823},"median_abs_dev":{"confidence_interval":{"confidence_level":0.95,"lower_bound":0.10777867515544744,"upper_bound":0.20906745520532286},"point_estimate":0.1463500943541042,"standard_error":0.027496281129194815},"slope":{"confidence_interval":{"confidence_level":0.95,"lower_bound":43.7408108693544,"upper_bound":43.7984442207009},"point_estimate":43.76791540325325,"standard_error":0.014681458721675032},"std_dev":{"confidence_interval":{"confidence_level":0.95,"lower_bound":0.2915601228112215,"upper_bound":1.0317100847613194},"point_estimate":0.6976896335374997,"standard_error":0.1940218450899341}}