{"Mean":{"confidence_interval":{"confidence_level":0.95,"lower_bound":2.6282620702592343,"upper_bound":2.6576910288989204},"point_estimate":2.641653646995283,"standard_error":0.007569550965509196},"Median":{"confidence_interval":{"confidence_level":0.95,"lower_bound":2.6141087130070098,"upper_bound":2.622412218158457},"point_estimate":2.618323677660774,"standard_error":0.0020440688066728587},"MedianAbsDev":{"confidence_interval":{"confidence_level":0.95,"lower_bound":0.011372121554281894,"upper_bound":0.021042386533114854},"point_estimate":0.015897146060287096,"standard_error":0.0025024163082167598},"Slope":{"confidence_interval":{"confidence_level":0.95,"lower_bound":2.616467476153574,"upper_bound":2.678166651766225},"point_estimate":2.644043315577678,"standard_error":0.015842185002217762},"StdDev":{"confidence_interval":{"confidence_level":0.95,"lower_bound":0.04040148078129151,"upper_bound":0.10439155902218143},"point_estimate":0.07600448837367225,"standard_error":0.016217041750168693}}