{"Mean":{"confidence_interval":{"confidence_level":0.95,"lower_bound":1.1639026940502832,"upper_bound":1.1702580913900027},"point_estimate":1.1665722585298657,"standard_error":0.0016528246639936199},"Median":{"confidence_interval":{"confidence_level":0.95,"lower_bound":1.1621861687217352,"upper_bound":1.163134874670413},"point_estimate":1.1625563207364547,"standard_error":0.0002562624596844598},"MedianAbsDev":{"confidence_interval":{"confidence_level":0.95,"lower_bound":0.0015162784959647823,"upper_bound":0.002860980055082628},"point_estimate":0.0022543121247670184,"standard_error":0.0003450397653524829},"Slope":{"confidence_interval":{"confidence_level":0.95,"lower_bound":1.1636721328840407,"upper_bound":1.1664731258895973},"point_estimate":1.164958431865516,"standard_error":0.0007187638411890757},"StdDev":{"confidence_interval":{"confidence_level":0.95,"lower_bound":0.004905812029164431,"upper_bound":0.026162422977529465},"point_estimate":0.01661604900130881,"standard_error":0.005878743171316949}}