{"Mean":{"confidence_interval":{"confidence_level":0.95,"lower_bound":1.3301836870213446,"upper_bound":1.333323294280592},"point_estimate":1.3315366924092709,"standard_error":0.0008100457273564364},"Median":{"confidence_interval":{"confidence_level":0.95,"lower_bound":1.3289467670367214,"upper_bound":1.3296437998369803},"point_estimate":1.3291718694540084,"standard_error":0.0001836751756431817},"MedianAbsDev":{"confidence_interval":{"confidence_level":0.95,"lower_bound":0.0007358487577949743,"upper_bound":0.0017488032614366225},"point_estimate":0.0010721422692611842,"standard_error":0.0002767272105113548},"Slope":{"confidence_interval":{"confidence_level":0.95,"lower_bound":1.329789988197575,"upper_bound":1.3309691554924612},"point_estimate":1.3303480577423017,"standard_error":0.0003015271072462327},"StdDev":{"confidence_interval":{"confidence_level":0.95,"lower_bound":0.0028133178382573473,"upper_bound":0.012365404337971782},"point_estimate":0.008170435554233739,"standard_error":0.0025420452773695446}}