{"Mean":{"confidence_interval":{"confidence_level":0.95,"lower_bound":2.394559666810798,"upper_bound":2.4206998621532616},"point_estimate":2.4059343769501442,"standard_error":0.0067699886954265456},"Median":{"confidence_interval":{"confidence_level":0.95,"lower_bound":2.3896580872708193,"upper_bound":2.390164061544514},"point_estimate":2.3899260878395108,"standard_error":0.00012052354427848177},"MedianAbsDev":{"confidence_interval":{"confidence_level":0.95,"lower_bound":0.0005775817110940248,"upper_bound":0.0011136056112352813},"point_estimate":0.0008449501396340985,"standard_error":0.00014740023783121087},"Slope":{"confidence_interval":{"confidence_level":0.95,"lower_bound":2.3937008887289783,"upper_bound":2.4162494607410876},"point_estimate":2.40354583818729,"standard_error":0.005831670768914967},"StdDev":{"confidence_interval":{"confidence_level":0.95,"lower_bound":0.020709234163849274,"upper_bound":0.10198369904518048},"point_estimate":0.06779669164679475,"standard_error":0.021164465062226537}}