{"Mean":{"confidence_interval":{"confidence_level":0.95,"lower_bound":2.3899635453484898,"upper_bound":2.3925925407997974},"point_estimate":2.3909706623559774,"standard_error":0.000707463259315591},"Median":{"confidence_interval":{"confidence_level":0.95,"lower_bound":2.3894311998562068,"upper_bound":2.389590632900164},"point_estimate":2.389474920473341,"standard_error":0.00004712117930095695},"MedianAbsDev":{"confidence_interval":{"confidence_level":0.95,"lower_bound":0.00020896525688502508,"upper_bound":0.00038340216925395886},"point_estimate":0.00027906054176381076,"standard_error":0.000046546474667717036},"Slope":{"confidence_interval":{"confidence_level":0.95,"lower_bound":2.389888319029509,"upper_bound":2.391833610151762},"point_estimate":2.3907078303876856,"standard_error":0.0005027903090576289},"StdDev":{"confidence_interval":{"confidence_level":0.95,"lower_bound":0.0016428524701434422,"upper_bound":0.011880147483250234},"point_estimate":0.007153335256285509,"standard_error":0.0033619356800363488}}