{"Mean":{"confidence_interval":{"confidence_level":0.95,"lower_bound":2.4021104614217816,"upper_bound":2.4217464393091896},"point_estimate":2.41133308071391,"standard_error":0.005018636913779627},"Median":{"confidence_interval":{"confidence_level":0.95,"lower_bound":2.3893968053804118,"upper_bound":2.3895777871187707},"point_estimate":2.3894541649152305,"standard_error":0.00003999786162996632},"MedianAbsDev":{"confidence_interval":{"confidence_level":0.95,"lower_bound":0.00023551002390264394,"upper_bound":0.0005941434720877806},"point_estimate":0.00037045775187351335,"standard_error":0.0000942310051640466},"Slope":{"confidence_interval":{"confidence_level":0.95,"lower_bound":2.4079216310340192,"upper_bound":2.4403409907248235},"point_estimate":2.4232882660101662,"standard_error":0.008305189274973845},"StdDev":{"confidence_interval":{"confidence_level":0.95,"lower_bound":0.03441219475791827,"upper_bound":0.06446850684817056},"point_estimate":0.050572309127046675,"standard_error":0.007653995452087748}}