{"Mean":{"confidence_interval":{"confidence_level":0.95,"lower_bound":2.415118882931833,"upper_bound":2.466053801817843},"point_estimate":2.4387628416121645,"standard_error":0.013055199319693673},"Median":{"confidence_interval":{"confidence_level":0.95,"lower_bound":2.3895361256716563,"upper_bound":2.3901550629618065},"point_estimate":2.389729128734971,"standard_error":0.00019789396363919802},"MedianAbsDev":{"confidence_interval":{"confidence_level":0.95,"lower_bound":0.0005793522087842814,"upper_bound":0.0015872626233120342},"point_estimate":0.0009550060729303803,"standard_error":0.0002797356077700398},"Slope":{"confidence_interval":{"confidence_level":0.95,"lower_bound":2.4046726894066808,"upper_bound":2.4624518133794187},"point_estimate":2.4284880718769775,"standard_error":0.015034169559645873},"StdDev":{"confidence_interval":{"confidence_level":0.95,"lower_bound":0.08400678830230636,"upper_bound":0.16699076482125835},"point_estimate":0.1308755537296861,"standard_error":0.021315714632607268}}