{"Mean":{"confidence_interval":{"confidence_level":0.95,"lower_bound":2.2697352021949238,"upper_bound":2.2791717303856824},"point_estimate":2.2741751658376916,"standard_error":0.0024082611365689433},"Median":{"confidence_interval":{"confidence_level":0.95,"lower_bound":2.2637594837104675,"upper_bound":2.2663091856184074},"point_estimate":2.2647402210256713,"standard_error":0.000713681787566663},"MedianAbsDev":{"confidence_interval":{"confidence_level":0.95,"lower_bound":0.0037424266713180702,"upper_bound":0.008976514603640478},"point_estimate":0.00591366674919405,"standard_error":0.0012511484392994069},"Slope":{"confidence_interval":{"confidence_level":0.95,"lower_bound":2.272964112442495,"upper_bound":2.291153463800771},"point_estimate":2.2818841826829117,"standard_error":0.0046568707773096615},"StdDev":{"confidence_interval":{"confidence_level":0.95,"lower_bound":0.01684324801149991,"upper_bound":0.03039683550238408},"point_estimate":0.024187918404041185,"standard_error":0.0034580832427812853}}