{"Mean":{"confidence_interval":{"confidence_level":0.95,"lower_bound":4466.441180774545,"upper_bound":4479.896657133959},"point_estimate":4472.260583478323,"standard_error":3.4739071171431135},"Median":{"confidence_interval":{"confidence_level":0.95,"lower_bound":4460.651990857693,"upper_bound":4464.459470043075},"point_estimate":4461.69809815951,"standard_error":1.063305862322609},"MedianAbsDev":{"confidence_interval":{"confidence_level":0.95,"lower_bound":4.1060500047731985,"upper_bound":8.44752826099836},"point_estimate":5.379863624510618,"standard_error":1.160158988126507},"Slope":{"confidence_interval":{"confidence_level":0.95,"lower_bound":4460.467887827676,"upper_bound":4464.451181923055},"point_estimate":4462.186776806607,"standard_error":1.0228103586341468},"StdDev":{"confidence_interval":{"confidence_level":0.95,"lower_bound":15.200159311130664,"upper_bound":52.840965855612076},"point_estimate":34.79627281812953,"standard_error":10.345424840040728}}