{"mean":{"confidence_interval":{"confidence_level":0.95,"lower_bound":20.630216009331402,"upper_bound":20.67202959206748},"point_estimate":20.646626615380434,"standard_error":0.011123200014213012},"median":{"confidence_interval":{"confidence_level":0.95,"lower_bound":20.619133502146287,"upper_bound":20.625695058556012},"point_estimate":20.622316213507126,"standard_error":0.0016982116542082256},"median_abs_dev":{"confidence_interval":{"confidence_level":0.95,"lower_bound":0.009807148751025964,"upper_bound":0.019477116041297763},"point_estimate":0.014582102528537285,"standard_error":0.0023342327499603875},"slope":{"confidence_interval":{"confidence_level":0.95,"lower_bound":20.629190470664778,"upper_bound":20.659690518092155},"point_estimate":20.642445645935897,"standard_error":0.007919206008139588},"std_dev":{"confidence_interval":{"confidence_level":0.95,"lower_bound":0.02815058877516462,"upper_bound":0.183567310761984},"point_estimate":0.11171740094392497,"standard_error":0.04937710971091339}}