{"Mean":{"confidence_interval":{"confidence_level":0.95,"lower_bound":7.7441526143873585,"upper_bound":7.77000024338706},"point_estimate":7.756227942366153,"standard_error":0.0066136027103230405},"Median":{"confidence_interval":{"confidence_level":0.95,"lower_bound":7.73246650171377,"upper_bound":7.732941139558234},"point_estimate":7.732620481927711,"standard_error":0.00011972595968310604},"MedianAbsDev":{"confidence_interval":{"confidence_level":0.95,"lower_bound":0.0004069973902598,"upper_bound":0.0010850473092125163},"point_estimate":0.0006338922981249684,"standard_error":0.00016991199719329923},"Slope":{"confidence_interval":{"confidence_level":0.95,"lower_bound":7.7418675026386525,"upper_bound":7.763418007312},"point_estimate":7.7513707972127905,"standard_error":0.0055040119719656794},"StdDev":{"confidence_interval":{"confidence_level":0.95,"lower_bound":0.04496929563657618,"upper_bound":0.08249437559293367},"point_estimate":0.06624863456779004,"standard_error":0.009685701026635168}}