{"Mean":{"confidence_interval":{"confidence_level":0.95,"lower_bound":8.049828171007032,"upper_bound":8.117952645383387},"point_estimate":8.081131884020156,"standard_error":0.01751485655576336},"Median":{"confidence_interval":{"confidence_level":0.95,"lower_bound":8.018789226198674,"upper_bound":8.019224307727956},"point_estimate":8.018962470790058,"standard_error":0.00011734182803238849},"MedianAbsDev":{"confidence_interval":{"confidence_level":0.95,"lower_bound":0.0003178884856598717,"upper_bound":0.0009065465575841033},"point_estimate":0.000550984312342968,"standard_error":0.00015545945873084803},"Slope":{"confidence_interval":{"confidence_level":0.95,"lower_bound":8.04720207471435,"upper_bound":8.126139261668808},"point_estimate":8.083827178851918,"standard_error":0.020314848894495564},"StdDev":{"confidence_interval":{"confidence_level":0.95,"lower_bound":0.11013351514834678,"upper_bound":0.22694243506344916},"point_estimate":0.17536327445445826,"standard_error":0.02986852292301955}}