{"Mean":{"confidence_interval":{"confidence_level":0.95,"lower_bound":9.46699420651604,"upper_bound":9.623044495608076},"point_estimate":9.529017434294893,"standard_error":0.04104976872082118},"Median":{"confidence_interval":{"confidence_level":0.95,"lower_bound":9.451414035612748,"upper_bound":9.452283571915475},"point_estimate":9.451750470483528,"standard_error":0.00022169440336351217},"MedianAbsDev":{"confidence_interval":{"confidence_level":0.95,"lower_bound":0.0007314494310595853,"upper_bound":0.0018907769725067059},"point_estimate":0.00117183256039666,"standard_error":0.0002970447203567324},"Slope":{"confidence_interval":{"confidence_level":0.95,"lower_bound":9.458077704547279,"upper_bound":9.616186343065687},"point_estimate":9.512927420239507,"standard_error":0.04508590290845756},"StdDev":{"confidence_interval":{"confidence_level":0.95,"lower_bound":0.06638006244125796,"upper_bound":0.6750739108686793},"point_estimate":0.4134559097864153,"standard_error":0.17395164269704047}}