{"Mean":{"confidence_interval":{"confidence_level":0.95,"lower_bound":3.0156624064893616,"upper_bound":3.036732196536235},"point_estimate":3.0252112948053247,"standard_error":0.0054144258995680265},"Median":{"confidence_interval":{"confidence_level":0.95,"lower_bound":3.0034323966332326,"upper_bound":3.009590215306713},"point_estimate":3.006198177795795,"standard_error":0.0014662188695495134},"MedianAbsDev":{"confidence_interval":{"confidence_level":0.95,"lower_bound":0.006272312443408233,"upper_bound":0.013854785178342193},"point_estimate":0.009709789865393585,"standard_error":0.001880610345165556},"Slope":{"confidence_interval":{"confidence_level":0.95,"lower_bound":3.0050915416449953,"upper_bound":3.0181550290651558},"point_estimate":3.01105045203149,"standard_error":0.0033665486550629336},"StdDev":{"confidence_interval":{"confidence_level":0.95,"lower_bound":0.030448437566313744,"upper_bound":0.07468638487282499},"point_estimate":0.05430205237616287,"standard_error":0.011363880407660457}}