{"mean":{"confidence_interval":{"confidence_level":0.95,"lower_bound":22.979421409500755,"upper_bound":23.01462568097161},"point_estimate":22.99604323132826,"standard_error":0.008983810065960085},"median":{"confidence_interval":{"confidence_level":0.95,"lower_bound":22.968777186665278,"upper_bound":22.991799721024854},"point_estimate":22.982715387473668,"standard_error":0.005555466775520372},"median_abs_dev":{"confidence_interval":{"confidence_level":0.95,"lower_bound":0.03583097387934494,"upper_bound":0.06593882345384723},"point_estimate":0.05133383660842144,"standard_error":0.0077394087911125805},"slope":{"confidence_interval":{"confidence_level":0.95,"lower_bound":22.965171051973467,"upper_bound":22.995582941276698},"point_estimate":22.979826223038607,"standard_error":0.0077745402490220356},"std_dev":{"confidence_interval":{"confidence_level":0.95,"lower_bound":0.061627940453602426,"upper_bound":0.11486406997658025},"point_estimate":0.09030224547137045,"standard_error":0.013592532855428012}}