{"Mean":{"confidence_interval":{"confidence_level":0.95,"lower_bound":2.8879366135710605,"upper_bound":2.905819032631179},"point_estimate":2.895755762324547,"standard_error":0.00461983379370232},"Median":{"confidence_interval":{"confidence_level":0.95,"lower_bound":2.8811351840143504,"upper_bound":2.885464057284851},"point_estimate":2.8824730524588356,"standard_error":0.00119129317047553},"MedianAbsDev":{"confidence_interval":{"confidence_level":0.95,"lower_bound":0.004814030256963922,"upper_bound":0.009669492110398132},"point_estimate":0.006310963285797903,"standard_error":0.0013110009034576584},"Slope":{"confidence_interval":{"confidence_level":0.95,"lower_bound":2.8798395709705695,"upper_bound":2.8815418728802844},"point_estimate":2.8806313957805463,"standard_error":0.00043395400382508},"StdDev":{"confidence_interval":{"confidence_level":0.95,"lower_bound":0.018094859451568926,"upper_bound":0.0704830534178077},"point_estimate":0.046797367021166186,"standard_error":0.013702164291846508}}