{"Mean":{"confidence_interval":{"confidence_level":0.95,"lower_bound":11.039032323334814,"upper_bound":11.117226940961052},"point_estimate":11.0736488971172,"standard_error":0.020112671032090725},"Median":{"confidence_interval":{"confidence_level":0.95,"lower_bound":11.009950426881895,"upper_bound":11.025883193096362},"point_estimate":11.014142131511452,"standard_error":0.004790643426468574},"MedianAbsDev":{"confidence_interval":{"confidence_level":0.95,"lower_bound":0.020723547193732865,"upper_bound":0.04448082803618487},"point_estimate":0.031166611083650504,"standard_error":0.006900500513540911},"Slope":{"confidence_interval":{"confidence_level":0.95,"lower_bound":11.004633659007794,"upper_bound":11.017149197800771},"point_estimate":11.010532774437557,"standard_error":0.0032057693730568847},"StdDev":{"confidence_interval":{"confidence_level":0.95,"lower_bound":0.08263119015859587,"upper_bound":0.2925533817716883},"point_estimate":0.20218902245490658,"standard_error":0.05270697130127305}}