{"Mean":{"confidence_interval":{"confidence_level":0.95,"lower_bound":6.10023923862818,"upper_bound":6.135817505122909},"point_estimate":6.115341169282818,"standard_error":0.00919625427491134},"Median":{"confidence_interval":{"confidence_level":0.95,"lower_bound":6.087026882144265,"upper_bound":6.095284873782548},"point_estimate":6.091465245261207,"standard_error":0.0020941867352869295},"MedianAbsDev":{"confidence_interval":{"confidence_level":0.95,"lower_bound":0.009176928710413396,"upper_bound":0.018968650171496106},"point_estimate":0.013831086719800633,"standard_error":0.0024517248883547255},"Slope":{"confidence_interval":{"confidence_level":0.95,"lower_bound":6.085066850634578,"upper_bound":6.0896793843983215},"point_estimate":6.087159478829659,"standard_error":0.0011792026590126351},"StdDev":{"confidence_interval":{"confidence_level":0.95,"lower_bound":0.03313505709557308,"upper_bound":0.14359175525745507},"point_estimate":0.09230511749281119,"standard_error":0.030604649024012213}}