{"Mean":{"confidence_interval":{"confidence_level":0.95,"lower_bound":3.7271955309898357,"upper_bound":3.840961362585811},"point_estimate":3.7824004663660826,"standard_error":0.029138676706589903},"Median":{"confidence_interval":{"confidence_level":0.95,"lower_bound":3.5961472070703584,"upper_bound":3.6532090784598035},"point_estimate":3.6068176325849115,"standard_error":0.013190207709402168},"MedianAbsDev":{"confidence_interval":{"confidence_level":0.95,"lower_bound":0.0062690342047968875,"upper_bound":0.08932978440622161},"point_estimate":0.02193359411274033,"standard_error":0.019377734130021525},"Slope":{"confidence_interval":{"confidence_level":0.95,"lower_bound":3.6740780983326196,"upper_bound":3.739015393120152},"point_estimate":3.7039092408407646,"standard_error":0.016538319681292206},"StdDev":{"confidence_interval":{"confidence_level":0.95,"lower_bound":0.24696508474049444,"upper_bound":0.3253610441916704},"point_estimate":0.29170144239057233,"standard_error":0.0200413548402893}}