{"Mean":{"confidence_interval":{"confidence_level":0.95,"lower_bound":3.6916746574903385,"upper_bound":3.799692990195564},"point_estimate":3.743842611153925,"standard_error":0.027662162499510864},"Median":{"confidence_interval":{"confidence_level":0.95,"lower_bound":3.59302707907654,"upper_bound":3.595408273770847},"point_estimate":3.595176351198429,"standard_error":0.001004970430444388},"MedianAbsDev":{"confidence_interval":{"confidence_level":0.95,"lower_bound":0.00207502534311627,"upper_bound":0.005534160508659129},"point_estimate":0.005063088651758841,"standard_error":0.0013625768596003712},"Slope":{"confidence_interval":{"confidence_level":0.95,"lower_bound":3.6265292804631435,"upper_bound":3.672761401234635},"point_estimate":3.6470805819780723,"standard_error":0.01181483069095965},"StdDev":{"confidence_interval":{"confidence_level":0.95,"lower_bound":0.23103921223659338,"upper_bound":0.31191683319095276},"point_estimate":0.2779288790309568,"standard_error":0.020812447213870287}}