{"Mean":{"confidence_interval":{"confidence_level":0.95,"lower_bound":1.0625469570179598,"upper_bound":1.1039217506628698},"point_estimate":1.0806433899785188,"standard_error":0.010717931756683804},"Median":{"confidence_interval":{"confidence_level":0.95,"lower_bound":1.0549736777846057,"upper_bound":1.056087889093892},"point_estimate":1.0555964728237306,"standard_error":0.0002868741371986804},"MedianAbsDev":{"confidence_interval":{"confidence_level":0.95,"lower_bound":0.0014533850677194377,"upper_bound":0.002803777491916682},"point_estimate":0.0020801704763684027,"standard_error":0.0003515609925332165},"Slope":{"confidence_interval":{"confidence_level":0.95,"lower_bound":1.0666825221037417,"upper_bound":1.1550952781638055},"point_estimate":1.1054972631311983,"standard_error":0.02329663694514434},"StdDev":{"confidence_interval":{"confidence_level":0.95,"lower_bound":0.04539170219194873,"upper_bound":0.15434015428772244},"point_estimate":0.10778210260361315,"standard_error":0.028313647798594063}}