{"Mean":{"confidence_interval":{"confidence_level":0.95,"lower_bound":4.206178789278285,"upper_bound":4.248537775769944},"point_estimate":4.224451148434783,"standard_error":0.010929966397310592},"Median":{"confidence_interval":{"confidence_level":0.95,"lower_bound":4.216474675443408,"upper_bound":4.2172524860401985},"point_estimate":4.216999984762602,"standard_error":0.0006894037849808508},"MedianAbsDev":{"confidence_interval":{"confidence_level":0.95,"lower_bound":0.0016753461030048346,"upper_bound":0.050128874823436344},"point_estimate":0.014767432655177984,"standard_error":0.011368470769259672},"Slope":{"confidence_interval":{"confidence_level":0.95,"lower_bound":4.200800608180256,"upper_bound":4.221847478098946},"point_estimate":4.210730772850498,"standard_error":0.00535952375162471},"StdDev":{"confidence_interval":{"confidence_level":0.95,"lower_bound":0.0459264268185854,"upper_bound":0.16794598343871986},"point_estimate":0.10990660272167978,"standard_error":0.0337124599396647}}