{"Mean":{"confidence_interval":{"confidence_level":0.95,"lower_bound":4.243474526053773,"upper_bound":4.433563707025882},"point_estimate":4.328063213180055,"standard_error":0.04892555271322136},"Median":{"confidence_interval":{"confidence_level":0.95,"lower_bound":4.226273053078734,"upper_bound":4.228004815397876},"point_estimate":4.227549043985814,"standard_error":0.0034923435944902927},"MedianAbsDev":{"confidence_interval":{"confidence_level":0.95,"lower_bound":0.0049077736961514575,"upper_bound":0.07278882569308202},"point_estimate":0.05987456356293931,"standard_error":0.02174973784715315},"Slope":{"confidence_interval":{"confidence_level":0.95,"lower_bound":4.248579373513217,"upper_bound":4.539094996725323},"point_estimate":4.3737498547812095,"standard_error":0.07555525557726783},"StdDev":{"confidence_interval":{"confidence_level":0.95,"lower_bound":0.24994611438018355,"upper_bound":0.6746554405052245},"point_estimate":0.4920164463767457,"standard_error":0.11713907422125026}}