{"Mean":{"confidence_interval":{"confidence_level":0.95,"lower_bound":26.379214669848885,"upper_bound":26.54151715082256},"point_estimate":26.455541999120523,"standard_error":0.04142570207873878},"Median":{"confidence_interval":{"confidence_level":0.95,"lower_bound":26.215616640531316,"upper_bound":26.328945229969122},"point_estimate":26.219013558513232,"standard_error":0.03129003615467967},"MedianAbsDev":{"confidence_interval":{"confidence_level":0.95,"lower_bound":0.03811489448009251,"upper_bound":0.20117762573475126},"point_estimate":0.05017938132484645,"standard_error":0.04605360397960661},"Slope":{"confidence_interval":{"confidence_level":0.95,"lower_bound":26.34438257973811,"upper_bound":26.484201024755873},"point_estimate":26.40811372798428,"standard_error":0.03562475703676623},"StdDev":{"confidence_interval":{"confidence_level":0.95,"lower_bound":0.30335381615213813,"upper_bound":0.5416357065234285},"point_estimate":0.4156110305364526,"standard_error":0.06633204243174615}}