{"Mean":{"confidence_interval":{"confidence_level":0.95,"lower_bound":0.8967649494118136,"upper_bound":0.9034550315820836},"point_estimate":0.8997230902749312,"standard_error":0.0017262078216148538},"Median":{"confidence_interval":{"confidence_level":0.95,"lower_bound":0.893893811002675,"upper_bound":0.8957991937938232},"point_estimate":0.8948664978169127,"standard_error":0.0005212144117665612},"MedianAbsDev":{"confidence_interval":{"confidence_level":0.95,"lower_bound":0.0021232265149144953,"upper_bound":0.0046301837903000576},"point_estimate":0.003187111810445605,"standard_error":0.0006778262009683908},"Slope":{"confidence_interval":{"confidence_level":0.95,"lower_bound":0.8938881526613154,"upper_bound":0.8957509229772019},"point_estimate":0.894710913723189,"standard_error":0.0004799632215154183},"StdDev":{"confidence_interval":{"confidence_level":0.95,"lower_bound":0.007081499328512527,"upper_bound":0.02494035440849788},"point_estimate":0.017308035124777323,"standard_error":0.004554275468329658}}