{"Mean":{"confidence_interval":{"confidence_level":0.95,"lower_bound":53.93768493016745,"upper_bound":54.2718553757498},"point_estimate":54.0835726742947,"standard_error":0.08613084073108548},"Median":{"confidence_interval":{"confidence_level":0.95,"lower_bound":53.79830287444371,"upper_bound":53.897888084459346},"point_estimate":53.83983702880617,"standard_error":0.025410467539567595},"MedianAbsDev":{"confidence_interval":{"confidence_level":0.95,"lower_bound":0.11153836987028676,"upper_bound":0.2156652081419839},"point_estimate":0.1508841254028957,"standard_error":0.026173649865438547},"Slope":{"confidence_interval":{"confidence_level":0.95,"lower_bound":53.786544151839514,"upper_bound":53.84554730390079},"point_estimate":53.814260455651315,"standard_error":0.01509530586547363},"StdDev":{"confidence_interval":{"confidence_level":0.95,"lower_bound":0.3796198298804834,"upper_bound":1.2948396883651134},"point_estimate":0.8626506563059028,"standard_error":0.24300704606707005}}