{"mean":{"confidence_interval":{"confidence_level":0.95,"lower_bound":62.343711019830536,"upper_bound":62.79483865080118},"point_estimate":62.54368803405336,"standard_error":0.11543751807405715},"median":{"confidence_interval":{"confidence_level":0.95,"lower_bound":62.15803386875555,"upper_bound":62.311179234574155},"point_estimate":62.20087469228814,"standard_error":0.0440311659010647},"median_abs_dev":{"confidence_interval":{"confidence_level":0.95,"lower_bound":0.17986109667998817,"upper_bound":0.3593639566891875},"point_estimate":0.23192853842142327,"standard_error":0.04423493499019106},"slope":{"confidence_interval":{"confidence_level":0.95,"lower_bound":62.10648995940926,"upper_bound":62.39092797220025},"point_estimate":62.212318484940766,"standard_error":0.0761162224975452},"std_dev":{"confidence_interval":{"confidence_level":0.95,"lower_bound":0.5014986359856712,"upper_bound":1.666742253531669},"point_estimate":1.1611712949055044,"standard_error":0.2944797268832031}}