{"Mean":{"confidence_interval":{"confidence_level":0.95,"lower_bound":2.9993085155522405,"upper_bound":3.015544496655498},"point_estimate":3.0064115992693234,"standard_error":0.004188465124099155},"Median":{"confidence_interval":{"confidence_level":0.95,"lower_bound":2.9920908114258813,"upper_bound":2.9950135204909767},"point_estimate":2.993162561219655,"standard_error":0.0007535368577651714},"MedianAbsDev":{"confidence_interval":{"confidence_level":0.95,"lower_bound":0.003991758844451821,"upper_bound":0.008028904871136677},"point_estimate":0.005635964523421481,"standard_error":0.0010058559651016943},"Slope":{"confidence_interval":{"confidence_level":0.95,"lower_bound":2.991581139623587,"upper_bound":3.00075234948377},"point_estimate":2.9953310034065623,"standard_error":0.002410832607855998},"StdDev":{"confidence_interval":{"confidence_level":0.95,"lower_bound":0.018124522898396077,"upper_bound":0.06370113181720098},"point_estimate":0.04226943438896018,"standard_error":0.012272292430724932}}