{"Mean":{"confidence_interval":{"confidence_level":0.95,"lower_bound":8.212878673483848,"upper_bound":8.234328667515289},"point_estimate":8.221904126846386,"standard_error":0.005549381367776028},"Median":{"confidence_interval":{"confidence_level":0.95,"lower_bound":8.20593569753307,"upper_bound":8.21289815222478},"point_estimate":8.208042501619627,"standard_error":0.0015733037473061305},"MedianAbsDev":{"confidence_interval":{"confidence_level":0.95,"lower_bound":0.008058158314810148,"upper_bound":0.01536092768498003},"point_estimate":0.011415308951003277,"standard_error":0.0019108835270869216},"Slope":{"confidence_interval":{"confidence_level":0.95,"lower_bound":8.211072131938586,"upper_bound":8.218080475729547},"point_estimate":8.214445682649659,"standard_error":0.0017867066938335352},"StdDev":{"confidence_interval":{"confidence_level":0.95,"lower_bound":0.018162423392458653,"upper_bound":0.08710391214074271},"point_estimate":0.055542574616012426,"standard_error":0.01890568919232852}}