{"Mean":{"confidence_interval":{"confidence_level":0.95,"lower_bound":4.969769244677822,"upper_bound":4.999610644639786},"point_estimate":4.982660763724568,"standard_error":0.007708132891688905},"Median":{"confidence_interval":{"confidence_level":0.95,"lower_bound":4.958930431601513,"upper_bound":4.96497967001556},"point_estimate":4.960459415518843,"standard_error":0.0015080613094772628},"MedianAbsDev":{"confidence_interval":{"confidence_level":0.95,"lower_bound":0.007639125594448039,"upper_bound":0.015724769596923132},"point_estimate":0.010905007513910289,"standard_error":0.0019563810752904758},"Slope":{"confidence_interval":{"confidence_level":0.95,"lower_bound":4.956267859662356,"upper_bound":4.959138674831488},"point_estimate":4.957575622570206,"standard_error":0.0007336982126617884},"StdDev":{"confidence_interval":{"confidence_level":0.95,"lower_bound":0.030400460862053773,"upper_bound":0.11767489526253835},"point_estimate":0.07727344033233528,"standard_error":0.023234046999922642}}