{"Mean":{"confidence_interval":{"confidence_level":0.95,"lower_bound":2.697215152402187,"upper_bound":2.7013967158004273},"point_estimate":2.6988494490225,"standard_error":0.0011088404356274927},"Median":{"confidence_interval":{"confidence_level":0.95,"lower_bound":2.6963349967529537,"upper_bound":2.697761325523902},"point_estimate":2.697158181960009,"standard_error":0.00034782743722057717},"MedianAbsDev":{"confidence_interval":{"confidence_level":0.95,"lower_bound":0.002344523935001034,"upper_bound":0.004048558877574931},"point_estimate":0.0032809850472252564,"standard_error":0.00043321046261381456},"Slope":{"confidence_interval":{"confidence_level":0.95,"lower_bound":2.6972482968646583,"upper_bound":2.699492018935487},"point_estimate":2.698199955111495,"standard_error":0.0005821763148970379},"StdDev":{"confidence_interval":{"confidence_level":0.95,"lower_bound":0.003231220315884146,"upper_bound":0.018360953969176086},"point_estimate":0.011162606054587165,"standard_error":0.00498436584044945}}