{"Mean":{"confidence_interval":{"confidence_level":0.95,"lower_bound":2.5289245885058413,"upper_bound":2.5441808921562825},"point_estimate":2.535882843551661,"standard_error":0.003913249112771314},"Median":{"confidence_interval":{"confidence_level":0.95,"lower_bound":2.5219376026272577,"upper_bound":2.522221105190845},"point_estimate":2.5220409275881543,"standard_error":0.0000692900051549522},"MedianAbsDev":{"confidence_interval":{"confidence_level":0.95,"lower_bound":0.00043073300139654324,"upper_bound":0.0009766138691739814},"point_estimate":0.0006914607156936329,"standard_error":0.0001332492138924545},"Slope":{"confidence_interval":{"confidence_level":0.95,"lower_bound":2.531469004493179,"upper_bound":2.5571369837807456},"point_estimate":2.5432342321946333,"standard_error":0.0065873246391203516},"StdDev":{"confidence_interval":{"confidence_level":0.95,"lower_bound":0.022810028127231756,"upper_bound":0.05377258236858966},"point_estimate":0.03928007087733332,"standard_error":0.008005643610996673}}