{"Mean":{"confidence_interval":{"confidence_level":0.95,"lower_bound":2.523349844808579,"upper_bound":2.577716081580006},"point_estimate":2.5421216385556344,"standard_error":0.01678436293490712},"Median":{"confidence_interval":{"confidence_level":0.95,"lower_bound":2.5217827239951136,"upper_bound":2.5220782270324955},"point_estimate":2.5219588802945925,"standard_error":0.00006933424729320948},"MedianAbsDev":{"confidence_interval":{"confidence_level":0.95,"lower_bound":0.0005346711777642146,"upper_bound":0.0009496285362988215},"point_estimate":0.0006975164919247487,"standard_error":0.00010238537646715659},"Slope":{"confidence_interval":{"confidence_level":0.95,"lower_bound":2.5227990810386727,"upper_bound":2.5282140583734916},"point_estimate":2.5250207755773157,"standard_error":0.0014033511381809482},"StdDev":{"confidence_interval":{"confidence_level":0.95,"lower_bound":0.0057054016116539295,"upper_bound":0.28762401842484897},"point_estimate":0.1681458668300376,"standard_error":0.09927365074062096}}