{"Mean":{"confidence_interval":{"confidence_level":0.95,"lower_bound":86444.68131446675,"upper_bound":86716.3680136404},"point_estimate":86563.98157431759,"standard_error":69.58433235495885},"Median":{"confidence_interval":{"confidence_level":0.95,"lower_bound":86352.75714285714,"upper_bound":86430.61666666667},"point_estimate":86384.84395586298,"standard_error":20.46190557653198},"MedianAbsDev":{"confidence_interval":{"confidence_level":0.95,"lower_bound":100.34625338412629,"upper_bound":182.69301087475426},"point_estimate":130.04506165368718,"standard_error":20.457785815373395},"Slope":{"confidence_interval":{"confidence_level":0.95,"lower_bound":86408.58258704134,"upper_bound":86555.40077929878},"point_estimate":86474.68489557164,"standard_error":37.71649474560527},"StdDev":{"confidence_interval":{"confidence_level":0.95,"lower_bound":260.92312318791204,"upper_bound":1016.420291946687},"point_estimate":698.1418673958771,"standard_error":187.6379529756593}}