{"Mean":{"confidence_interval":{"confidence_level":0.95,"lower_bound":2.570868237707892,"upper_bound":2.5757042574192885},"point_estimate":2.5729264538324603,"standard_error":0.001254434132945677},"Median":{"confidence_interval":{"confidence_level":0.95,"lower_bound":2.569920697959365,"upper_bound":2.570650164220535},"point_estimate":2.570325675603093,"standard_error":0.00019016643408463862},"MedianAbsDev":{"confidence_interval":{"confidence_level":0.95,"lower_bound":0.0011615968753168574,"upper_bound":0.0020816906242030575},"point_estimate":0.0016791983009671004,"standard_error":0.0002478232996324957},"Slope":{"confidence_interval":{"confidence_level":0.95,"lower_bound":2.5706307168896374,"upper_bound":2.5739352783532863},"point_estimate":2.5720338938734595,"standard_error":0.0008621048605001677},"StdDev":{"confidence_interval":{"confidence_level":0.95,"lower_bound":0.003506048939160765,"upper_bound":0.019671605482993657},"point_estimate":0.012614907918229267,"standard_error":0.004278879258979837}}