{"Mean":{"confidence_interval":{"confidence_level":0.95,"lower_bound":2.572688353834577,"upper_bound":2.5750845409635508},"point_estimate":2.573728989674554,"standard_error":0.0006165072129974343},"Median":{"confidence_interval":{"confidence_level":0.95,"lower_bound":2.5717174389994724,"upper_bound":2.5724869142364253},"point_estimate":2.5719921657175915,"standard_error":0.00021461089208884613},"MedianAbsDev":{"confidence_interval":{"confidence_level":0.95,"lower_bound":0.001199272669294314,"upper_bound":0.0024212769125940407},"point_estimate":0.0016218412989871332,"standard_error":0.00034031339102922947},"Slope":{"confidence_interval":{"confidence_level":0.95,"lower_bound":2.5724211518468807,"upper_bound":2.57408233007926},"point_estimate":2.573191684924003,"standard_error":0.00042423341348924267},"StdDev":{"confidence_interval":{"confidence_level":0.95,"lower_bound":0.0029203317919919637,"upper_bound":0.009420662164609928},"point_estimate":0.006196408869324972,"standard_error":0.0018983816670131491}}