{"Mean":{"confidence_interval":{"confidence_level":0.95,"lower_bound":2.8343127220611466,"upper_bound":2.837550627266363},"point_estimate":2.8356455256747926,"standard_error":0.0008462607423241164},"Median":{"confidence_interval":{"confidence_level":0.95,"lower_bound":2.8331251151436994,"upper_bound":2.8344157684614575},"point_estimate":2.833953193848587,"standard_error":0.00034558508678594386},"MedianAbsDev":{"confidence_interval":{"confidence_level":0.95,"lower_bound":0.0014112195770095103,"upper_bound":0.002441182252165399},"point_estimate":0.0020080912974243677,"standard_error":0.00027606633043882983},"Slope":{"confidence_interval":{"confidence_level":0.95,"lower_bound":2.8342298120239273,"upper_bound":2.84168173196362},"point_estimate":2.8369341800159624,"standard_error":0.0020806700646262112},"StdDev":{"confidence_interval":{"confidence_level":0.95,"lower_bound":0.002813019487035606,"upper_bound":0.013563460130989509},"point_estimate":0.008476868125746757,"standard_error":0.0032478564056753513}}