{"Mean":{"confidence_interval":{"confidence_level":0.95,"lower_bound":2.0496936012814566,"upper_bound":2.0587182984543384},"point_estimate":2.0540141224140505,"standard_error":0.0023108365681109434},"Median":{"confidence_interval":{"confidence_level":0.95,"lower_bound":2.041364382807152,"upper_bound":2.0447157958026825},"point_estimate":2.042771191942924,"standard_error":0.001021844217036577},"MedianAbsDev":{"confidence_interval":{"confidence_level":0.95,"lower_bound":0.002683497055276056,"upper_bound":0.007332707437147034},"point_estimate":0.004373483616982508,"standard_error":0.0013438864141940897},"Slope":{"confidence_interval":{"confidence_level":0.95,"lower_bound":2.045036055134951,"upper_bound":2.0500855215640557},"point_estimate":2.047289499477104,"standard_error":0.0012858673966386197},"StdDev":{"confidence_interval":{"confidence_level":0.95,"lower_bound":0.018227649460001764,"upper_bound":0.02730381425645678},"point_estimate":0.02314864465512421,"standard_error":0.0023225533930530556}}