{"Mean":{"confidence_interval":{"confidence_level":0.95,"lower_bound":9.32240060083023,"upper_bound":9.47631399530391},"point_estimate":9.392662327188823,"standard_error":0.0392860871637976},"Median":{"confidence_interval":{"confidence_level":0.95,"lower_bound":9.229119241192413,"upper_bound":9.233873798965263},"point_estimate":9.23005097692106,"standard_error":0.0014273845628619663},"MedianAbsDev":{"confidence_interval":{"confidence_level":0.95,"lower_bound":0.002871105004615901,"upper_bound":0.010015350617353693},"point_estimate":0.00472882693368073,"standard_error":0.0022672147031657023},"Slope":{"confidence_interval":{"confidence_level":0.95,"lower_bound":9.345446941038485,"upper_bound":9.530126809318585},"point_estimate":9.430843397117288,"standard_error":0.04714644015778865},"StdDev":{"confidence_interval":{"confidence_level":0.95,"lower_bound":0.22363076315021982,"upper_bound":0.5331375334428677},"point_estimate":0.3944608835933906,"standard_error":0.0784707879931388}}