{"Mean":{"confidence_interval":{"confidence_level":0.95,"lower_bound":9.337272615604908,"upper_bound":9.766244631553892},"point_estimate":9.524406683427605,"standard_error":0.11064898789120904},"Median":{"confidence_interval":{"confidence_level":0.95,"lower_bound":9.205690072639225,"upper_bound":9.215323417502594},"point_estimate":9.206599798658301,"standard_error":0.0023766824938153946},"MedianAbsDev":{"confidence_interval":{"confidence_level":0.95,"lower_bound":0.006091690346802444,"upper_bound":0.02152959450014301},"point_estimate":0.00905372334205362,"standard_error":0.0037452240876264405},"Slope":{"confidence_interval":{"confidence_level":0.95,"lower_bound":9.292296633237902,"upper_bound":9.470441218203884},"point_estimate":9.372253329521453,"standard_error":0.04550650702630037},"StdDev":{"confidence_interval":{"confidence_level":0.95,"lower_bound":0.30387150192909584,"upper_bound":1.6293305478875704},"point_estimate":1.1067836041068826,"standard_error":0.32078625464913213}}