{"Mean":{"confidence_interval":{"confidence_level":0.95,"lower_bound":3.5887866156999872,"upper_bound":3.610048437869716},"point_estimate":3.599072145165632,"standard_error":0.005427860109761423},"Median":{"confidence_interval":{"confidence_level":0.95,"lower_bound":3.5936269175293036,"upper_bound":3.614380776217325},"point_estimate":3.608887282624832,"standard_error":0.006271332052784311},"MedianAbsDev":{"confidence_interval":{"confidence_level":0.95,"lower_bound":0.028826975880350762,"upper_bound":0.07509104648121835},"point_estimate":0.05099998316327333,"standard_error":0.011985973713453349},"Slope":{"confidence_interval":{"confidence_level":0.95,"lower_bound":3.6102216243510514,"upper_bound":3.6339637888409353},"point_estimate":3.6202483268766654,"standard_error":0.006165163943386783},"StdDev":{"confidence_interval":{"confidence_level":0.95,"lower_bound":0.04320354071485422,"upper_bound":0.0672682576027569},"point_estimate":0.054643759623811725,"standard_error":0.006316381481207555}}