{"mean":{"confidence_interval":{"confidence_level":0.95,"lower_bound":3.3577061264490227,"upper_bound":3.377270431124518},"point_estimate":3.3661381932575445,"standard_error":0.005045318925578132},"median":{"confidence_interval":{"confidence_level":0.95,"lower_bound":3.3502797910574977,"upper_bound":3.354725508661569},"point_estimate":3.3514486038440188,"standard_error":0.0012279670763456776},"median_abs_dev":{"confidence_interval":{"confidence_level":0.95,"lower_bound":0.004798571827714659,"upper_bound":0.010134010902101783},"point_estimate":0.006569694389618831,"standard_error":0.0013892438528341881},"slope":{"confidence_interval":{"confidence_level":0.95,"lower_bound":3.348698513932462,"upper_bound":3.35872017199737},"point_estimate":3.352154826874812,"standard_error":0.002818847128574264},"std_dev":{"confidence_interval":{"confidence_level":0.95,"lower_bound":0.019633862066882654,"upper_bound":0.07841607870252526},"point_estimate":0.05079909488582542,"standard_error":0.01630140500885607}}