{"Mean":{"confidence_interval":{"confidence_level":0.95,"lower_bound":4.425193253841784,"upper_bound":4.824769149835294},"point_estimate":4.614051421157712,"standard_error":0.10227595756767871},"Median":{"confidence_interval":{"confidence_level":0.95,"lower_bound":4.157171694804075,"upper_bound":4.177892079493459},"point_estimate":4.164727997756482,"standard_error":0.004916681102179274},"MedianAbsDev":{"confidence_interval":{"confidence_level":0.95,"lower_bound":0.02534156928072308,"upper_bound":0.060906611883553015},"point_estimate":0.039411459344842685,"standard_error":0.009365652216840497},"Slope":{"confidence_interval":{"confidence_level":0.95,"lower_bound":4.226210218108577,"upper_bound":4.392615447821181},"point_estimate":4.297897020397562,"standard_error":0.0424966856393869},"StdDev":{"confidence_interval":{"confidence_level":0.95,"lower_bound":0.7961436354665592,"upper_bound":1.2060807254810757},"point_estimate":1.0271668571732122,"standard_error":0.10695367602491902}}