{"mean":{"confidence_interval":{"confidence_level":0.95,"lower_bound":93.5819913952803,"upper_bound":94.92147980399785},"point_estimate":94.24975254874346,"standard_error":0.3413030892717023},"median":{"confidence_interval":{"confidence_level":0.95,"lower_bound":91.32191518943344,"upper_bound":97.60419315595323},"point_estimate":92.82783824296142,"standard_error":2.224173729504138},"median_abs_dev":{"confidence_interval":{"confidence_level":0.95,"lower_bound":0.7019812105248459,"upper_bound":4.842912339196691},"point_estimate":3.451349200802305,"standard_error":1.2387372246907988},"slope":{"confidence_interval":{"confidence_level":0.95,"lower_bound":95.98607749887717,"upper_bound":96.99425731505339},"point_estimate":96.55352001771155,"standard_error":0.25767413110795845},"std_dev":{"confidence_interval":{"confidence_level":0.95,"lower_bound":3.2730641377623586,"upper_bound":3.5437643756715183},"point_estimate":3.426162645567543,"standard_error":0.06851205025209436}}