{"mean":{"confidence_interval":{"confidence_level":0.95,"lower_bound":802.5709122088746,"upper_bound":806.9801528906114},"point_estimate":804.5229373746407,"standard_error":1.1349328260370874},"median":{"confidence_interval":{"confidence_level":0.95,"lower_bound":801.433666534338,"upper_bound":803.1515149553043},"point_estimate":802.2310990233473,"standard_error":0.5058894738969223},"median_abs_dev":{"confidence_interval":{"confidence_level":0.95,"lower_bound":2.5561310472971135,"upper_bound":4.130715713742909},"point_estimate":3.230464851396238,"standard_error":0.4117133174815276},"slope":{"confidence_interval":{"confidence_level":0.95,"lower_bound":800.1969400464575,"upper_bound":802.7118129099439},"point_estimate":801.2617219678785,"standard_error":0.6443097490615686},"std_dev":{"confidence_interval":{"confidence_level":0.95,"lower_bound":4.987605220710386,"upper_bound":16.76602084307741},"point_estimate":11.407492414402325,"standard_error":3.0751250035971562}}