{"Mean":{"confidence_interval":{"confidence_level":0.95,"lower_bound":2.9954504001249957,"upper_bound":3.1468401359931724},"point_estimate":3.0702059536934936,"standard_error":0.038594244850852916},"Median":{"confidence_interval":{"confidence_level":0.95,"lower_bound":2.7629459615363805,"upper_bound":2.9268484930427103},"point_estimate":2.778139547746749,"standard_error":0.054255290438365335},"MedianAbsDev":{"confidence_interval":{"confidence_level":0.95,"lower_bound":0.01985047506776019,"upper_bound":0.26260251415015873},"point_estimate":0.0423222742437594,"standard_error":0.05924707139242217},"Slope":{"confidence_interval":{"confidence_level":0.95,"lower_bound":2.951927418417983,"upper_bound":3.1382147316242706},"point_estimate":3.0375613717292445,"standard_error":0.04743649314118499},"StdDev":{"confidence_interval":{"confidence_level":0.95,"lower_bound":0.3588328269879339,"upper_bound":0.4026800005049652},"point_estimate":0.38776109824651595,"standard_error":0.011361614928258568}}