{"Mean":{"confidence_interval":{"confidence_level":0.95,"lower_bound":5.336450864421009,"upper_bound":5.378125628808346},"point_estimate":5.3540154584729684,"standard_error":0.010746537542447416},"Median":{"confidence_interval":{"confidence_level":0.95,"lower_bound":5.325014737669483,"upper_bound":5.328596180298382},"point_estimate":5.328185518891952,"standard_error":0.0007928676620600541},"MedianAbsDev":{"confidence_interval":{"confidence_level":0.95,"lower_bound":0.0051661249655968996,"upper_bound":0.008294143845771757},"point_estimate":0.007171161423609678,"standard_error":0.0007940944460801076},"Slope":{"confidence_interval":{"confidence_level":0.95,"lower_bound":5.3324245154427095,"upper_bound":5.355925912821731},"point_estimate":5.342800887224981,"standard_error":0.006044725652243221},"StdDev":{"confidence_interval":{"confidence_level":0.95,"lower_bound":0.03602952102651291,"upper_bound":0.16899448566193798},"point_estimate":0.10793818845865523,"standard_error":0.03689381106732522}}