{"Mean":{"confidence_interval":{"confidence_level":0.95,"lower_bound":5.375618032158252,"upper_bound":5.531594712403306},"point_estimate":5.4408683580079575,"standard_error":0.04055174528278925},"Median":{"confidence_interval":{"confidence_level":0.95,"lower_bound":5.356468155835732,"upper_bound":5.3590091124894705},"point_estimate":5.357674336826646,"standard_error":0.0005763529351091302},"MedianAbsDev":{"confidence_interval":{"confidence_level":0.95,"lower_bound":0.003881754907368673,"upper_bound":0.009154881594206458},"point_estimate":0.006510892261189949,"standard_error":0.0013006540271625123},"Slope":{"confidence_interval":{"confidence_level":0.95,"lower_bound":5.37042702186244,"upper_bound":5.588894126854771},"point_estimate":5.447280149124389,"standard_error":0.0607550112812884},"StdDev":{"confidence_interval":{"confidence_level":0.95,"lower_bound":0.08593019765361057,"upper_bound":0.6510643743810559},"point_estimate":0.4094694511443571,"standard_error":0.1507705180643955}}