{"Mean":{"confidence_interval":{"confidence_level":0.95,"lower_bound":2.6117905180294394,"upper_bound":2.620892865404884},"point_estimate":2.6156845671985183,"standard_error":0.002352875240793344},"Median":{"confidence_interval":{"confidence_level":0.95,"lower_bound":2.608788671377013,"upper_bound":2.610151203109752},"point_estimate":2.609304188313244,"standard_error":0.00034092057950938187},"MedianAbsDev":{"confidence_interval":{"confidence_level":0.95,"lower_bound":0.002004391732308149,"upper_bound":0.0039954855543426265},"point_estimate":0.0026982313431042344,"standard_error":0.0005034285385180288},"Slope":{"confidence_interval":{"confidence_level":0.95,"lower_bound":2.6105948839880733,"upper_bound":2.6139285187041352},"point_estimate":2.612109848987799,"standard_error":0.0008505429402715949},"StdDev":{"confidence_interval":{"confidence_level":0.95,"lower_bound":0.008379968965050227,"upper_bound":0.036439450023046736},"point_estimate":0.02360827220807744,"standard_error":0.007464269573375912}}