{"Mean":{"confidence_interval":{"confidence_level":0.95,"lower_bound":2.353119805549059,"upper_bound":2.3564160039698807},"point_estimate":2.3545753854673537,"standard_error":0.0008445167177072577},"Median":{"confidence_interval":{"confidence_level":0.95,"lower_bound":2.351935017277015,"upper_bound":2.3527486938751223},"point_estimate":2.3522212495519286,"standard_error":0.0001683900563444368},"MedianAbsDev":{"confidence_interval":{"confidence_level":0.95,"lower_bound":0.0010339338795616266,"upper_bound":0.0019670765529558325},"point_estimate":0.0012540477824657208,"standard_error":0.0002558565341147278},"Slope":{"confidence_interval":{"confidence_level":0.95,"lower_bound":2.3527448683373904,"upper_bound":2.3548500699733292},"point_estimate":2.3536727151750227,"standard_error":0.0005390339314225508},"StdDev":{"confidence_interval":{"confidence_level":0.95,"lower_bound":0.003956201438284573,"upper_bound":0.012123684846045743},"point_estimate":0.008456896334092337,"standard_error":0.0021194812781233727}}