{"Mean":{"confidence_interval":{"confidence_level":0.95,"lower_bound":2.7602478305560982,"upper_bound":2.81629416446212},"point_estimate":2.780456528851356,"standard_error":0.01636431031385166},"Median":{"confidence_interval":{"confidence_level":0.95,"lower_bound":2.7514725897021033,"upper_bound":2.751849206349206},"point_estimate":2.751615889212828,"standard_error":0.00009885471754276991},"MedianAbsDev":{"confidence_interval":{"confidence_level":0.95,"lower_bound":0.0005468507885137666,"upper_bound":0.0011434701688681538},"point_estimate":0.0007588809730672014,"standard_error":0.0001587691656571014},"Slope":{"confidence_interval":{"confidence_level":0.95,"lower_bound":2.7566081372412214,"upper_bound":2.7720055278641893},"point_estimate":2.763747519474762,"standard_error":0.003951983285341214},"StdDev":{"confidence_interval":{"confidence_level":0.95,"lower_bound":0.020169046430195733,"upper_bound":0.28025563730461156},"point_estimate":0.1648587844450484,"standard_error":0.09058843672662306}}