{"Mean":{"confidence_interval":{"confidence_level":0.95,"lower_bound":5.704817801077971,"upper_bound":5.7441697924937145},"point_estimate":5.72159587111263,"standard_error":0.010213307357307268},"Median":{"confidence_interval":{"confidence_level":0.95,"lower_bound":5.691462299402272,"upper_bound":5.6984064066601725},"point_estimate":5.693160036832506,"standard_error":0.0018358515177759255},"MedianAbsDev":{"confidence_interval":{"confidence_level":0.95,"lower_bound":0.008118826476602769,"upper_bound":0.016506408299587095},"point_estimate":0.010974422010615128,"standard_error":0.0020849760193420086},"Slope":{"confidence_interval":{"confidence_level":0.95,"lower_bound":5.688999196202574,"upper_bound":5.6927620797368865},"point_estimate":5.690658454918429,"standard_error":0.0009623304188272212},"StdDev":{"confidence_interval":{"confidence_level":0.95,"lower_bound":0.035961143981977334,"upper_bound":0.1591470601721475},"point_estimate":0.10240320214415734,"standard_error":0.03400389211436638}}