{"Mean":{"confidence_interval":{"confidence_level":0.95,"lower_bound":9.813755496484417,"upper_bound":10.06972353272788},"point_estimate":9.913836193248322,"standard_error":0.0685976744677163},"Median":{"confidence_interval":{"confidence_level":0.95,"lower_bound":9.79149076155491,"upper_bound":9.814877606212876},"point_estimate":9.792851513240857,"standard_error":0.007769605060053098},"MedianAbsDev":{"confidence_interval":{"confidence_level":0.95,"lower_bound":0.022874803408474552,"upper_bound":0.04614681160924044},"point_estimate":0.029334259909135005,"standard_error":0.006438174057986203},"Slope":{"confidence_interval":{"confidence_level":0.95,"lower_bound":9.807625118612684,"upper_bound":9.842626324886579},"point_estimate":9.823047159170002,"standard_error":0.008949351434782529},"StdDev":{"confidence_interval":{"confidence_level":0.95,"lower_bound":0.05133131796885205,"upper_bound":1.1235132121521902},"point_estimate":0.6879817714704725,"standard_error":0.3024936507103072}}