{"Mean":{"confidence_interval":{"confidence_level":0.95,"lower_bound":24980.799671597466,"upper_bound":25048.133936934446},"point_estimate":25011.329921341574,"standard_error":17.229783419542745},"Median":{"confidence_interval":{"confidence_level":0.95,"lower_bound":24981.74870689655,"upper_bound":24992.452906976745},"point_estimate":24987.492936533505,"standard_error":2.604033401478258},"MedianAbsDev":{"confidence_interval":{"confidence_level":0.95,"lower_bound":29.008860638831802,"upper_bound":46.18628158387583},"point_estimate":37.72883477076698,"standard_error":4.521372864550996},"Slope":{"confidence_interval":{"confidence_level":0.95,"lower_bound":24997.75394689595,"upper_bound":25021.99282952767},"point_estimate":25009.40058556229,"standard_error":6.194153298599337},"StdDev":{"confidence_interval":{"confidence_level":0.95,"lower_bound":83.53423155928324,"upper_bound":250.02877572709892},"point_estimate":173.12792246853078,"standard_error":43.17250688880464}}