{"Mean":{"confidence_interval":{"confidence_level":0.95,"lower_bound":2.045454741669833,"upper_bound":2.051492258178627},"point_estimate":2.0481826748863883,"standard_error":0.0015491673554048156},"Median":{"confidence_interval":{"confidence_level":0.95,"lower_bound":2.042507158934125,"upper_bound":2.043688539210896},"point_estimate":2.043080853416303,"standard_error":0.000291413645069372},"MedianAbsDev":{"confidence_interval":{"confidence_level":0.95,"lower_bound":0.0014409629023207646,"upper_bound":0.0032316023319186003},"point_estimate":0.0021544713774487487,"standard_error":0.0004746577944912592},"Slope":{"confidence_interval":{"confidence_level":0.95,"lower_bound":2.0445846502918807,"upper_bound":2.0506782180213636},"point_estimate":2.0472923786541464,"standard_error":0.001569116280486059},"StdDev":{"confidence_interval":{"confidence_level":0.95,"lower_bound":0.008125109226644788,"upper_bound":0.021679975136734555},"point_estimate":0.015557631472593147,"standard_error":0.003466145490378773}}