{"Mean":{"confidence_interval":{"confidence_level":0.95,"lower_bound":29622.887086350518,"upper_bound":29725.24354753686},"point_estimate":29667.2811546583,"standard_error":26.39024738607082},"Median":{"confidence_interval":{"confidence_level":0.95,"lower_bound":29583.878151260506,"upper_bound":29604.65771526002},"point_estimate":29592.006450949946,"standard_error":5.706496756617088},"MedianAbsDev":{"confidence_interval":{"confidence_level":0.95,"lower_bound":33.79790134114287,"upper_bound":70.13372440256725},"point_estimate":49.332965161134666,"standard_error":9.771481622406608},"Slope":{"confidence_interval":{"confidence_level":0.95,"lower_bound":29602.171581751456,"upper_bound":29633.893360188646},"point_estimate":29617.480303375378,"standard_error":8.113869853811437},"StdDev":{"confidence_interval":{"confidence_level":0.95,"lower_bound":105.96734305565803,"upper_bound":394.6821476394018},"point_estimate":265.341641742051,"standard_error":76.51395432134558}}