{"Mean":{"confidence_interval":{"confidence_level":0.95,"lower_bound":2.487323007556638,"upper_bound":2.494514784589273},"point_estimate":2.49042303174736,"standard_error":0.0018566411966863961},"Median":{"confidence_interval":{"confidence_level":0.95,"lower_bound":2.4854699230257533,"upper_bound":2.486066235864297},"point_estimate":2.485725957699664,"standard_error":0.00012997385460175752},"MedianAbsDev":{"confidence_interval":{"confidence_level":0.95,"lower_bound":0.0008022981263376253,"upper_bound":0.0015533426189330065},"point_estimate":0.0010901591852780965,"standard_error":0.0001850865615441619},"Slope":{"confidence_interval":{"confidence_level":0.95,"lower_bound":2.486837813297725,"upper_bound":2.497507196712302},"point_estimate":2.491511837953501,"standard_error":0.002726250190554039},"StdDev":{"confidence_interval":{"confidence_level":0.95,"lower_bound":0.00402522767716604,"upper_bound":0.027775456988370105},"point_estimate":0.018596467242460113,"standard_error":0.005823569613424539}}