{"Mean":{"confidence_interval":{"confidence_level":0.95,"lower_bound":9.185559287218261,"upper_bound":9.430328276091547},"point_estimate":9.279404085569631,"standard_error":0.06546389433093266},"Median":{"confidence_interval":{"confidence_level":0.95,"lower_bound":9.164931691860163,"upper_bound":9.171445639187574},"point_estimate":9.168733886688045,"standard_error":0.0016146748451588678},"MedianAbsDev":{"confidence_interval":{"confidence_level":0.95,"lower_bound":0.010085714106657408,"upper_bound":0.029226881201550755},"point_estimate":0.018936809622567073,"standard_error":0.0045133885211558165},"Slope":{"confidence_interval":{"confidence_level":0.95,"lower_bound":9.17104189933979,"upper_bound":9.277705080891375},"point_estimate":9.213035825168138,"standard_error":0.028413662149973137},"StdDev":{"confidence_interval":{"confidence_level":0.95,"lower_bound":0.12858531919515323,"upper_bound":1.0988691095604404},"point_estimate":0.6620313416468293,"standard_error":0.307380371936649}}