{"Mean":{"confidence_interval":{"confidence_level":0.95,"lower_bound":9.528660687091858,"upper_bound":9.725470759895979},"point_estimate":9.609420142492937,"standard_error":0.051330438574510806},"Median":{"confidence_interval":{"confidence_level":0.95,"lower_bound":9.452115542326034,"upper_bound":9.455216016859852},"point_estimate":9.453149920255184,"standard_error":0.0009351072812903731},"MedianAbsDev":{"confidence_interval":{"confidence_level":0.95,"lower_bound":0.0014699506243044222,"upper_bound":0.006085560159834753},"point_estimate":0.0029440659987752093,"standard_error":0.001403597840917765},"Slope":{"confidence_interval":{"confidence_level":0.95,"lower_bound":9.519976198721114,"upper_bound":9.642979400087524},"point_estimate":9.577017785197043,"standard_error":0.03160046273054201},"StdDev":{"confidence_interval":{"confidence_level":0.95,"lower_bound":0.18329864683844801,"upper_bound":0.8187461295829601},"point_estimate":0.5139438483355788,"standard_error":0.19337184436964133}}