{"Mean":{"confidence_interval":{"confidence_level":0.95,"lower_bound":9.45495273639289,"upper_bound":9.476236444546197},"point_estimate":9.463473839164564,"standard_error":0.005622774304336509},"Median":{"confidence_interval":{"confidence_level":0.95,"lower_bound":9.451606174384647,"upper_bound":9.452289499805792},"point_estimate":9.451913376569197,"standard_error":0.00017352587875199717},"MedianAbsDev":{"confidence_interval":{"confidence_level":0.95,"lower_bound":0.0007988570054095809,"upper_bound":0.0017605280678936249},"point_estimate":0.0011991807553986293,"standard_error":0.0002486768131346428},"Slope":{"confidence_interval":{"confidence_level":0.95,"lower_bound":9.454888496607937,"upper_bound":9.472110171984646},"point_estimate":9.461880705396302,"standard_error":0.0044806652720521065},"StdDev":{"confidence_interval":{"confidence_level":0.95,"lower_bound":0.00804102560373888,"upper_bound":0.09172133282227893},"point_estimate":0.0566358417439855,"standard_error":0.02339175751682753}}