{"Mean":{"confidence_interval":{"confidence_level":0.95,"lower_bound":9.474579771330742,"upper_bound":9.550013168560836},"point_estimate":9.507477985317465,"standard_error":0.01947308272955767},"Median":{"confidence_interval":{"confidence_level":0.95,"lower_bound":9.451757701757701,"upper_bound":9.452661752661752},"point_estimate":9.4520367506854,"standard_error":0.00021476524259734402},"MedianAbsDev":{"confidence_interval":{"confidence_level":0.95,"lower_bound":0.0008532427633848649,"upper_bound":0.0020783692673237764},"point_estimate":0.0012700154140611345,"standard_error":0.0003130481776889386},"Slope":{"confidence_interval":{"confidence_level":0.95,"lower_bound":9.480256936493982,"upper_bound":9.582910689456176},"point_estimate":9.526702747725357,"standard_error":0.0263622407726917},"StdDev":{"confidence_interval":{"confidence_level":0.95,"lower_bound":0.08368997041219602,"upper_bound":0.29151881035466776},"point_estimate":0.1956273122987171,"standard_error":0.05437770776962763}}