{"Mean":{"confidence_interval":{"confidence_level":0.95,"lower_bound":5.74066697752372,"upper_bound":5.775798038588499},"point_estimate":5.755943519599238,"standard_error":0.00905918460899784},"Median":{"confidence_interval":{"confidence_level":0.95,"lower_bound":5.72652015727685,"upper_bound":5.735249470845571},"point_estimate":5.729642952204658,"standard_error":0.002405025082860414},"MedianAbsDev":{"confidence_interval":{"confidence_level":0.95,"lower_bound":0.007251743417949671,"upper_bound":0.017619922352224975},"point_estimate":0.011314214394316041,"standard_error":0.0025961014022860022},"Slope":{"confidence_interval":{"confidence_level":0.95,"lower_bound":5.72518373115783,"upper_bound":5.732184907834586},"point_estimate":5.7279802365756165,"standard_error":0.0018362661670533664},"StdDev":{"confidence_interval":{"confidence_level":0.95,"lower_bound":0.03371273238519317,"upper_bound":0.13829346387650807},"point_estimate":0.09097322775261175,"standard_error":0.027481806824191084}}