{"Mean":{"confidence_interval":{"confidence_level":0.95,"lower_bound":2.612175465174624,"upper_bound":2.630187912656513},"point_estimate":2.620132018629833,"standard_error":0.004638037509928606},"Median":{"confidence_interval":{"confidence_level":0.95,"lower_bound":2.6045390908549706,"upper_bound":2.61011263593186},"point_estimate":2.607868458722109,"standard_error":0.0014347059710825474},"MedianAbsDev":{"confidence_interval":{"confidence_level":0.95,"lower_bound":0.005403015655896799,"upper_bound":0.011370681237530265},"point_estimate":0.009031978347686523,"standard_error":0.001602893926032579},"Slope":{"confidence_interval":{"confidence_level":0.95,"lower_bound":2.604252648060837,"upper_bound":2.607407531175387},"point_estimate":2.605704038415108,"standard_error":0.0008051248711268992},"StdDev":{"confidence_interval":{"confidence_level":0.95,"lower_bound":0.019777839135481763,"upper_bound":0.06755702178116824},"point_estimate":0.04678305865826484,"standard_error":0.012164839449397774}}