{"Mean":{"confidence_interval":{"confidence_level":0.95,"lower_bound":2.12443517005538,"upper_bound":2.137355962879127},"point_estimate":2.130327892175854,"standard_error":0.0033091661056877672},"Median":{"confidence_interval":{"confidence_level":0.95,"lower_bound":2.1196415968578353,"upper_bound":2.120039535458364},"point_estimate":2.1198001742740766,"standard_error":0.0000983209749248847},"MedianAbsDev":{"confidence_interval":{"confidence_level":0.95,"lower_bound":0.0004608643356482867,"upper_bound":0.0009295630585411467},"point_estimate":0.0005771233450255917,"standard_error":0.0001296679603463986},"Slope":{"confidence_interval":{"confidence_level":0.95,"lower_bound":2.122369683422518,"upper_bound":2.1328122554328837},"point_estimate":2.1270321210112577,"standard_error":0.0026796765639767774},"StdDev":{"confidence_interval":{"confidence_level":0.95,"lower_bound":0.018935860367802527,"upper_bound":0.04469077519645239},"point_estimate":0.03321029366492549,"standard_error":0.0065545064496080755}}