{"Mean":{"confidence_interval":{"confidence_level":0.95,"lower_bound":2.132162931696414,"upper_bound":2.1381708980973824},"point_estimate":2.1348682134616856,"standard_error":0.0015504802534056477},"Median":{"confidence_interval":{"confidence_level":0.95,"lower_bound":2.1304384982613307,"upper_bound":2.1306512916317724},"point_estimate":2.1305414486508667,"standard_error":0.00004835914499405982},"MedianAbsDev":{"confidence_interval":{"confidence_level":0.95,"lower_bound":0.0003840140446433146,"upper_bound":0.0008273738524356122},"point_estimate":0.0005780158644451731,"standard_error":0.00011433982400816611},"Slope":{"confidence_interval":{"confidence_level":0.95,"lower_bound":2.131658744270332,"upper_bound":2.141928506696238},"point_estimate":2.1362159011038986,"standard_error":0.0026053336199711964},"StdDev":{"confidence_interval":{"confidence_level":0.95,"lower_bound":0.008080381956828588,"upper_bound":0.021336916915025622},"point_estimate":0.015630019256723613,"standard_error":0.0034189932152592696}}