{"Mean":{"confidence_interval":{"confidence_level":0.95,"lower_bound":1.3371599980438877,"upper_bound":1.3404254176755526},"point_estimate":1.3386560388995996,"standard_error":0.0008358364399700021},"Median":{"confidence_interval":{"confidence_level":0.95,"lower_bound":1.3351449780296198,"upper_bound":1.3366926338256055},"point_estimate":1.335735665351515,"standard_error":0.00047895716878052397},"MedianAbsDev":{"confidence_interval":{"confidence_level":0.95,"lower_bound":0.0013200199591356983,"upper_bound":0.003078845682319698},"point_estimate":0.0019581688358659777,"standard_error":0.0004874722515227947},"Slope":{"confidence_interval":{"confidence_level":0.95,"lower_bound":1.3362703986398692,"upper_bound":1.3379002551445116},"point_estimate":1.3370286964551752,"standard_error":0.00041752486791707714},"StdDev":{"confidence_interval":{"confidence_level":0.95,"lower_bound":0.0047808973921585,"upper_bound":0.01131280649643171},"point_estimate":0.00840369585298639,"standard_error":0.0016553346195063508}}