{"Mean":{"confidence_interval":{"confidence_level":0.95,"lower_bound":1.3314479552840144,"upper_bound":1.3340124779547435},"point_estimate":1.3326163390700487,"standard_error":0.0006579423171699253},"Median":{"confidence_interval":{"confidence_level":0.95,"lower_bound":1.3300690164713638,"upper_bound":1.3313546644133265},"point_estimate":1.330507715147379,"standard_error":0.00037297940197861577},"MedianAbsDev":{"confidence_interval":{"confidence_level":0.95,"lower_bound":0.0014343353530361165,"upper_bound":0.0030059083629421827},"point_estimate":0.002213594389440318,"standard_error":0.0003990111430689519},"Slope":{"confidence_interval":{"confidence_level":0.95,"lower_bound":1.3308914362441853,"upper_bound":1.3331211541584127},"point_estimate":1.3318594413700018,"standard_error":0.0005759692717575728},"StdDev":{"confidence_interval":{"confidence_level":0.95,"lower_bound":0.003772372619192343,"upper_bound":0.009300105830719921},"point_estimate":0.0066155639611912825,"standard_error":0.0014611808079575733}}