{"Mean":{"confidence_interval":{"confidence_level":0.95,"lower_bound":20.357473618355645,"upper_bound":20.395448368207212},"point_estimate":20.373903038986306,"standard_error":0.009811078929626798},"Median":{"confidence_interval":{"confidence_level":0.95,"lower_bound":20.348578597813088,"upper_bound":20.357836044443683},"point_estimate":20.352869447903693,"standard_error":0.0021625605310690425},"MedianAbsDev":{"confidence_interval":{"confidence_level":0.95,"lower_bound":0.01648176794113109,"upper_bound":0.03159168188602758},"point_estimate":0.024095711932436616,"standard_error":0.0038712922546309553},"Slope":{"confidence_interval":{"confidence_level":0.95,"lower_bound":20.35437277027326,"upper_bound":20.367723792063845},"point_estimate":20.360687410927454,"standard_error":0.0034174207662118943},"StdDev":{"confidence_interval":{"confidence_level":0.95,"lower_bound":0.03145184324285097,"upper_bound":0.14861262059635816},"point_estimate":0.09894621265234818,"standard_error":0.030881772651442287}}