{"Mean":{"confidence_interval":{"confidence_level":0.95,"lower_bound":4.04969734356482,"upper_bound":4.112366939950329},"point_estimate":4.07549516326486,"standard_error":0.016540774583375027},"Median":{"confidence_interval":{"confidence_level":0.95,"lower_bound":4.045296092270615,"upper_bound":4.0456756842518224},"point_estimate":4.0454516258170905,"standard_error":0.00011270805470812962},"MedianAbsDev":{"confidence_interval":{"confidence_level":0.95,"lower_bound":0.0005544666833625433,"upper_bound":0.001145379212848012},"point_estimate":0.0007716097265058369,"standard_error":0.00015396507052656643},"Slope":{"confidence_interval":{"confidence_level":0.95,"lower_bound":4.0473328730803715,"upper_bound":4.063477612879839},"point_estimate":4.054427631659449,"standard_error":0.004142697063791606},"StdDev":{"confidence_interval":{"confidence_level":0.95,"lower_bound":0.02113846809086389,"upper_bound":0.26035409909715784},"point_estimate":0.16613635829167112,"standard_error":0.06437603527070472}}