{"Mean":{"confidence_interval":{"confidence_level":0.95,"lower_bound":11.217576090384597,"upper_bound":11.266305751753105},"point_estimate":11.239329501894701,"standard_error":0.012551924862733611},"Median":{"confidence_interval":{"confidence_level":0.95,"lower_bound":11.199856570794703,"upper_bound":11.211506415245214},"point_estimate":11.204526746455475,"standard_error":0.003034111837902323},"MedianAbsDev":{"confidence_interval":{"confidence_level":0.95,"lower_bound":0.014609864100083953,"upper_bound":0.02637430982246602},"point_estimate":0.018975641450529723,"standard_error":0.002921023553034659},"Slope":{"confidence_interval":{"confidence_level":0.95,"lower_bound":11.20340199014257,"upper_bound":11.214792624019646},"point_estimate":11.20876785089192,"standard_error":0.002902305874739424},"StdDev":{"confidence_interval":{"confidence_level":0.95,"lower_bound":0.05003385153025531,"upper_bound":0.179990548689481},"point_estimate":0.12589656281086328,"standard_error":0.03214860784534899}}