{"Mean":{"confidence_interval":{"confidence_level":0.95,"lower_bound":11.307007638820005,"upper_bound":11.366520090596556},"point_estimate":11.335153690189538,"standard_error":0.015206206830180341},"Median":{"confidence_interval":{"confidence_level":0.95,"lower_bound":11.273868681072734,"upper_bound":11.302847472729201},"point_estimate":11.287609518313449,"standard_error":0.007920151749706474},"MedianAbsDev":{"confidence_interval":{"confidence_level":0.95,"lower_bound":0.04643994112556792,"upper_bound":0.08967791212149837},"point_estimate":0.0639995181329708,"standard_error":0.011659902147051152},"Slope":{"confidence_interval":{"confidence_level":0.95,"lower_bound":11.306796442117893,"upper_bound":11.364813288430296},"point_estimate":11.333352771859555,"standard_error":0.0148046124945878},"StdDev":{"confidence_interval":{"confidence_level":0.95,"lower_bound":0.11000252461540153,"upper_bound":0.19288152122983776},"point_estimate":0.15304607527390293,"standard_error":0.021275194673064213}}