{"Mean":{"confidence_interval":{"confidence_level":0.95,"lower_bound":11.468412521700897,"upper_bound":11.987705377110649},"point_estimate":11.71135663492391,"standard_error":0.13304888120730404},"Median":{"confidence_interval":{"confidence_level":0.95,"lower_bound":11.19271279064018,"upper_bound":11.206344177082308},"point_estimate":11.198453772040793,"standard_error":0.003392557666851966},"MedianAbsDev":{"confidence_interval":{"confidence_level":0.95,"lower_bound":0.013291284026491356,"upper_bound":0.034823690859101815},"point_estimate":0.02163201969517746,"standard_error":0.005640242212025179},"Slope":{"confidence_interval":{"confidence_level":0.95,"lower_bound":11.700059265525358,"upper_bound":12.811363730725764},"point_estimate":12.258065095854253,"standard_error":0.2846492081678712},"StdDev":{"confidence_interval":{"confidence_level":0.95,"lower_bound":0.9603504076624769,"upper_bound":1.623921058559189},"point_estimate":1.3373313977555181,"standard_error":0.16952019806541785}}