{"Mean":{"confidence_interval":{"confidence_level":0.95,"lower_bound":29271.88876436208,"upper_bound":29489.250282737066},"point_estimate":29363.26501284817,"standard_error":56.44942142394385},"Median":{"confidence_interval":{"confidence_level":0.95,"lower_bound":29184.024828113063,"upper_bound":29211.575586248015},"point_estimate":29197.034656086646,"standard_error":6.910067908639762},"MedianAbsDev":{"confidence_interval":{"confidence_level":0.95,"lower_bound":38.725849251040245,"upper_bound":78.4063440470052},"point_estimate":58.36124438355157,"standard_error":9.93391913115248},"Slope":{"confidence_interval":{"confidence_level":0.95,"lower_bound":29208.029691833133,"upper_bound":29251.20586651899},"point_estimate":29227.596565947202,"standard_error":11.038922174647466},"StdDev":{"confidence_interval":{"confidence_level":0.95,"lower_bound":236.00789653155832,"upper_bound":891.4909541326208},"point_estimate":568.6978247338471,"standard_error":204.03674452318316}}