{"Mean":{"confidence_interval":{"confidence_level":0.95,"lower_bound":2.697215555477157,"upper_bound":2.71923397513002},"point_estimate":2.705665748408275,"standard_error":0.005890342461315616},"Median":{"confidence_interval":{"confidence_level":0.95,"lower_bound":2.6945789297978617,"upper_bound":2.6953333392253214},"point_estimate":2.694775966189823,"standard_error":0.00018415189402454249},"MedianAbsDev":{"confidence_interval":{"confidence_level":0.95,"lower_bound":0.0011862874870305102,"upper_bound":0.0022189915191235515},"point_estimate":0.0016123158844437427,"standard_error":0.00027198284512869065},"Slope":{"confidence_interval":{"confidence_level":0.95,"lower_bound":2.6955075389174734,"upper_bound":2.7147352247496386},"point_estimate":2.7026319436140835,"standard_error":0.005175581956476292},"StdDev":{"confidence_interval":{"confidence_level":0.95,"lower_bound":0.011076536086414806,"upper_bound":0.09811499665276235},"point_estimate":0.05916174298319517,"standard_error":0.027331411906779117}}