{"Mean":{"confidence_interval":{"confidence_level":0.95,"lower_bound":2.614082772430839,"upper_bound":2.6236861756404037},"point_estimate":2.618263409525418,"standard_error":0.002476959385108764},"Median":{"confidence_interval":{"confidence_level":0.95,"lower_bound":2.6102046985509557,"upper_bound":2.6118471934010876},"point_estimate":2.6111026708584104,"standard_error":0.00044000886362545813},"MedianAbsDev":{"confidence_interval":{"confidence_level":0.95,"lower_bound":0.002115286164214707,"upper_bound":0.004936731644288637},"point_estimate":0.003604481852022686,"standard_error":0.0007471399977610783},"Slope":{"confidence_interval":{"confidence_level":0.95,"lower_bound":2.6126861101444687,"upper_bound":2.6189323705355654},"point_estimate":2.61541998660657,"standard_error":0.0016112891472341872},"StdDev":{"confidence_interval":{"confidence_level":0.95,"lower_bound":0.009795196106450686,"upper_bound":0.03767199133486374},"point_estimate":0.02489196748165439,"standard_error":0.0073615597875494815}}