{"Mean":{"confidence_interval":{"confidence_level":0.95,"lower_bound":28893.434068696188,"upper_bound":29006.128944071465},"point_estimate":28943.494099835883,"standard_error":28.947332316230277},"Median":{"confidence_interval":{"confidence_level":0.95,"lower_bound":28851.251544401544,"upper_bound":28881.18570782159},"point_estimate":28870.00249153021,"standard_error":7.771071569011961},"MedianAbsDev":{"confidence_interval":{"confidence_level":0.95,"lower_bound":59.356297253904465,"upper_bound":108.61518970691391},"point_estimate":85.58547804613953,"standard_error":11.75561191050908},"Slope":{"confidence_interval":{"confidence_level":0.95,"lower_bound":28875.7287975298,"upper_bound":28929.060929189287},"point_estimate":28900.922289429796,"standard_error":13.646439752821182},"StdDev":{"confidence_interval":{"confidence_level":0.95,"lower_bound":135.7522851032465,"upper_bound":424.0597239565065},"point_estimate":289.86744701012475,"standard_error":76.75297055943065}}