{"Mean":{"confidence_interval":{"confidence_level":0.95,"lower_bound":2.950059791192093,"upper_bound":2.952917780784145},"point_estimate":2.9512671614476202,"standard_error":0.0007377093026361658},"Median":{"confidence_interval":{"confidence_level":0.95,"lower_bound":2.949331590887371,"upper_bound":2.9501302017692046},"point_estimate":2.9497667430263457,"standard_error":0.00022326688029193265},"MedianAbsDev":{"confidence_interval":{"confidence_level":0.95,"lower_bound":0.0014546697211001833,"upper_bound":0.0027953192573018705},"point_estimate":0.0020697054523965298,"standard_error":0.0003471139599530237},"Slope":{"confidence_interval":{"confidence_level":0.95,"lower_bound":2.950133665105304,"upper_bound":2.9522281649844633},"point_estimate":2.9510440140227123,"standard_error":0.0005384117408665714},"StdDev":{"confidence_interval":{"confidence_level":0.95,"lower_bound":0.0031638189656977072,"upper_bound":0.011557366411900517},"point_estimate":0.0074138856481630495,"standard_error":0.0025439593528951967}}