{"Mean":{"confidence_interval":{"confidence_level":0.95,"lower_bound":1.7767813438460502,"upper_bound":1.8085669476868251},"point_estimate":1.7908886670782145,"standard_error":0.008201762156417021},"Median":{"confidence_interval":{"confidence_level":0.95,"lower_bound":1.7631006793849269,"upper_bound":1.7685613938297262},"point_estimate":1.7648940152315273,"standard_error":0.0013160865466712165},"MedianAbsDev":{"confidence_interval":{"confidence_level":0.95,"lower_bound":0.0049164929510516,"upper_bound":0.01164293439375933},"point_estimate":0.00723704056534048,"standard_error":0.0016324366899091542},"Slope":{"confidence_interval":{"confidence_level":0.95,"lower_bound":1.7708809354492276,"upper_bound":1.8405491852639928},"point_estimate":1.7989370310270902,"standard_error":0.01841041970740909},"StdDev":{"confidence_interval":{"confidence_level":0.95,"lower_bound":0.03963891555929122,"upper_bound":0.12157571305045682},"point_estimate":0.08238295914964174,"standard_error":0.022262362380357302}}