{"Mean":{"confidence_interval":{"confidence_level":0.95,"lower_bound":1.7649859804791863,"upper_bound":1.771092343598312},"point_estimate":1.7675693480228643,"standard_error":0.0015795873672224093},"Median":{"confidence_interval":{"confidence_level":0.95,"lower_bound":1.762561977043582,"upper_bound":1.764664975480977},"point_estimate":1.763497418508409,"standard_error":0.00048669826134474303},"MedianAbsDev":{"confidence_interval":{"confidence_level":0.95,"lower_bound":0.002760733089892295,"upper_bound":0.005372286777131045},"point_estimate":0.0038119485080870125,"standard_error":0.0006766235387430477},"Slope":{"confidence_interval":{"confidence_level":0.95,"lower_bound":1.7636006732370966,"upper_bound":1.7666639746114796},"point_estimate":1.7650140958030534,"standard_error":0.0007848413404964949},"StdDev":{"confidence_interval":{"confidence_level":0.95,"lower_bound":0.005700781835824113,"upper_bound":0.02487001138030545},"point_estimate":0.01589558159982727,"standard_error":0.0054193566153348015}}