{"Mean":{"confidence_interval":{"confidence_level":0.95,"lower_bound":11.455784816423824,"upper_bound":11.60427694365884},"point_estimate":11.527506585408197,"standard_error":0.03798907221062507},"Median":{"confidence_interval":{"confidence_level":0.95,"lower_bound":11.300156934282093,"upper_bound":11.345253628891584},"point_estimate":11.316465292985416,"standard_error":0.01251896538625366},"MedianAbsDev":{"confidence_interval":{"confidence_level":0.95,"lower_bound":0.048838910549784946,"upper_bound":0.13954406371084951},"point_estimate":0.07343043559698514,"standard_error":0.02428237627085664},"Slope":{"confidence_interval":{"confidence_level":0.95,"lower_bound":11.307667821140132,"upper_bound":11.429014582780454},"point_estimate":11.362635592640233,"standard_error":0.03125039312545504},"StdDev":{"confidence_interval":{"confidence_level":0.95,"lower_bound":0.316348313289703,"upper_bound":0.44458099015542324},"point_estimate":0.3825679201177656,"standard_error":0.03277336606815132}}