{"Mean":{"confidence_interval":{"confidence_level":0.95,"lower_bound":6.812309510040313,"upper_bound":6.889333813890124},"point_estimate":6.847382641365332,"standard_error":0.019686200965375145},"Median":{"confidence_interval":{"confidence_level":0.95,"lower_bound":6.77635651759794,"upper_bound":6.78491426505675},"point_estimate":6.779755681920639,"standard_error":0.0021952038985598144},"MedianAbsDev":{"confidence_interval":{"confidence_level":0.95,"lower_bound":0.007573717514417095,"upper_bound":0.01887100577238332},"point_estimate":0.011617926192187773,"standard_error":0.0028588664332726142},"Slope":{"confidence_interval":{"confidence_level":0.95,"lower_bound":6.77485227867525,"upper_bound":6.780889033031848},"point_estimate":6.777213153220529,"standard_error":0.0015780789976771454},"StdDev":{"confidence_interval":{"confidence_level":0.95,"lower_bound":0.11591066085363821,"upper_bound":0.2739257077488323},"point_estimate":0.1985184314378966,"standard_error":0.041020216538390504}}