{"Mean":{"confidence_interval":{"confidence_level":0.95,"lower_bound":3.562174413434264,"upper_bound":3.582585049282176},"point_estimate":3.5719163648992964,"standard_error":0.005223058186850598},"Median":{"confidence_interval":{"confidence_level":0.95,"lower_bound":3.54847780100999,"upper_bound":3.563702255217607},"point_estimate":3.558010129450249,"standard_error":0.004279350819371972},"MedianAbsDev":{"confidence_interval":{"confidence_level":0.95,"lower_bound":0.028944544490956244,"upper_bound":0.04911041335913139},"point_estimate":0.03858498693588916,"standard_error":0.0053222778611129624},"Slope":{"confidence_interval":{"confidence_level":0.95,"lower_bound":3.5665938746930195,"upper_bound":3.5976839766893822},"point_estimate":3.5812333959471747,"standard_error":0.00795880592837295},"StdDev":{"confidence_interval":{"confidence_level":0.95,"lower_bound":0.04000704495196294,"upper_bound":0.06494552166842144},"point_estimate":0.05239303511476661,"standard_error":0.006451616610445584}}