{"Mean":{"confidence_interval":{"confidence_level":0.95,"lower_bound":3.5321657183458792,"upper_bound":3.54549777273631},"point_estimate":3.5385193862641593,"standard_error":0.00340269147327241},"Median":{"confidence_interval":{"confidence_level":0.95,"lower_bound":3.515421071754246,"upper_bound":3.549743164871485},"point_estimate":3.524315266769161,"standard_error":0.008466942867859583},"MedianAbsDev":{"confidence_interval":{"confidence_level":0.95,"lower_bound":0.008771025558833462,"upper_bound":0.03937093556267839},"point_estimate":0.02185617041661342,"standard_error":0.008349147645444656},"Slope":{"confidence_interval":{"confidence_level":0.95,"lower_bound":3.5466238999860096,"upper_bound":3.5564826592903787},"point_estimate":3.5517788394986862,"standard_error":0.0024986200178585957},"StdDev":{"confidence_interval":{"confidence_level":0.95,"lower_bound":0.024068259320275703,"upper_bound":0.04313672461116441},"point_estimate":0.034086962828028027,"standard_error":0.004813678803781791}}