{"Mean":{"confidence_interval":{"confidence_level":0.95,"lower_bound":3.518209909532896,"upper_bound":3.5282314051594588},"point_estimate":3.5225294808277337,"standard_error":0.0026017475696527943},"Median":{"confidence_interval":{"confidence_level":0.95,"lower_bound":3.5159601435257044,"upper_bound":3.517276364445264},"point_estimate":3.516778659866657,"standard_error":0.00037126684763905897},"MedianAbsDev":{"confidence_interval":{"confidence_level":0.95,"lower_bound":0.002184886477322201,"upper_bound":0.0042301098274036076},"point_estimate":0.003080123450534575,"standard_error":0.0005415455771719018},"Slope":{"confidence_interval":{"confidence_level":0.95,"lower_bound":3.516802195243102,"upper_bound":3.5183686833632364},"point_estimate":3.5175481626574414,"standard_error":0.0003991388556866692},"StdDev":{"confidence_interval":{"confidence_level":0.95,"lower_bound":0.00666408560240892,"upper_bound":0.03940589797120417},"point_estimate":0.02618056030132391,"standard_error":0.008446189902893796}}