{"Mean":{"confidence_interval":{"confidence_level":0.95,"lower_bound":2.673329066071101,"upper_bound":2.7068631794874047},"point_estimate":2.6877765953375117,"standard_error":0.008686462490271999},"Median":{"confidence_interval":{"confidence_level":0.95,"lower_bound":2.660808700155919,"upper_bound":2.6771544626259685},"point_estimate":2.6691287772520544,"standard_error":0.0035147108046563106},"MedianAbsDev":{"confidence_interval":{"confidence_level":0.95,"lower_bound":0.02021483914144747,"upper_bound":0.034172750243100784},"point_estimate":0.02691938518931012,"standard_error":0.0033258796710575263},"Slope":{"confidence_interval":{"confidence_level":0.95,"lower_bound":2.6707028543766715,"upper_bound":2.6862147951195494},"point_estimate":2.6781208591372407,"standard_error":0.003973851272306995},"StdDev":{"confidence_interval":{"confidence_level":0.95,"lower_bound":0.03292222930105749,"upper_bound":0.13330414418287462},"point_estimate":0.08705445642009706,"standard_error":0.027154731228187717}}