{"Mean":{"confidence_interval":{"confidence_level":0.95,"lower_bound":2.0961704085245216,"upper_bound":2.1059297829048647},"point_estimate":2.100518026128115,"standard_error":0.0025110036492270826},"Median":{"confidence_interval":{"confidence_level":0.95,"lower_bound":2.0924810519230483,"upper_bound":2.0935575553262433},"point_estimate":2.0930901154212394,"standard_error":0.0002636240966984668},"MedianAbsDev":{"confidence_interval":{"confidence_level":0.95,"lower_bound":0.001752709388097762,"upper_bound":0.003340955876412473},"point_estimate":0.0026443410500865913,"standard_error":0.0003970917217905451},"Slope":{"confidence_interval":{"confidence_level":0.95,"lower_bound":2.0955551264021275,"upper_bound":2.103316519524329},"point_estimate":2.0990098206741785,"standard_error":0.001989075371006341},"StdDev":{"confidence_interval":{"confidence_level":0.95,"lower_bound":0.01293711402195544,"upper_bound":0.03658839331293952},"point_estimate":0.025243736768890364,"standard_error":0.006251170895610231}}