{"Mean":{"confidence_interval":{"confidence_level":0.95,"lower_bound":7.974685529797177,"upper_bound":8.023250796476665},"point_estimate":7.995725662059576,"standard_error":0.012500472734482536},"Median":{"confidence_interval":{"confidence_level":0.95,"lower_bound":7.954738084910453,"upper_bound":7.9649710123025885},"point_estimate":7.960990421471431,"standard_error":0.002616785074560926},"MedianAbsDev":{"confidence_interval":{"confidence_level":0.95,"lower_bound":0.011360264230033019,"upper_bound":0.02377278965306543},"point_estimate":0.017101396684150578,"standard_error":0.003085906200937061},"Slope":{"confidence_interval":{"confidence_level":0.95,"lower_bound":7.953243998775481,"upper_bound":7.965852042970278},"point_estimate":7.958355526279877,"standard_error":0.003322317190633189},"StdDev":{"confidence_interval":{"confidence_level":0.95,"lower_bound":0.049613254336023906,"upper_bound":0.19034772158857322},"point_estimate":0.12546097401966666,"standard_error":0.037614974071524004}}