{"Mean":{"confidence_interval":{"confidence_level":0.95,"lower_bound":7.831336344170942,"upper_bound":7.8760705929127965},"point_estimate":7.853588407128471,"standard_error":0.011402289890677651},"Median":{"confidence_interval":{"confidence_level":0.95,"lower_bound":7.770508933804308,"upper_bound":7.856540152074176},"point_estimate":7.792644367533981,"standard_error":0.026089489006495364},"MedianAbsDev":{"confidence_interval":{"confidence_level":0.95,"lower_bound":0.04534149611841103,"upper_bound":0.17541940802782158},"point_estimate":0.0809110691506686,"standard_error":0.03655104570731144},"Slope":{"confidence_interval":{"confidence_level":0.95,"lower_bound":7.800917068259477,"upper_bound":7.846070935202061},"point_estimate":7.821141053594366,"standard_error":0.011535890847086831},"StdDev":{"confidence_interval":{"confidence_level":0.95,"lower_bound":0.10586627162225391,"upper_bound":0.12137490775234559},"point_estimate":0.11461078018947482,"standard_error":0.0039465838814516105}}