{"Mean":{"confidence_interval":{"confidence_level":0.95,"lower_bound":2.846821139394598,"upper_bound":2.8717941332357926},"point_estimate":2.8566511949047872,"standard_error":0.0065734650003196875},"Median":{"confidence_interval":{"confidence_level":0.95,"lower_bound":2.842521131936788,"upper_bound":2.843331038066429},"point_estimate":2.8431061725023303,"standard_error":0.00021271814833440504},"MedianAbsDev":{"confidence_interval":{"confidence_level":0.95,"lower_bound":0.0014870162201628741,"upper_bound":0.0026863845977800295},"point_estimate":0.00212535475264424,"standard_error":0.0002963361080075749},"Slope":{"confidence_interval":{"confidence_level":0.95,"lower_bound":2.846076967767916,"upper_bound":2.8589385045622495},"point_estimate":2.851877308252802,"standard_error":0.0032991159741604464},"StdDev":{"confidence_interval":{"confidence_level":0.95,"lower_bound":0.018885600131158548,"upper_bound":0.10795734668387842},"point_estimate":0.06611259771075693,"standard_error":0.02859019141078084}}