{"Mean":{"confidence_interval":{"confidence_level":0.95,"lower_bound":2.8332380000209816,"upper_bound":2.879705617156442},"point_estimate":2.8507889280793197,"standard_error":0.012716646142528692},"Median":{"confidence_interval":{"confidence_level":0.95,"lower_bound":2.832841872465905,"upper_bound":2.833345732880381},"point_estimate":2.833059694615753,"standard_error":0.00012761275230421885},"MedianAbsDev":{"confidence_interval":{"confidence_level":0.95,"lower_bound":0.0007120799920882157,"upper_bound":0.002608501826295682},"point_estimate":0.0018402968836202837,"standard_error":0.0005675818151956331},"Slope":{"confidence_interval":{"confidence_level":0.95,"lower_bound":2.8332266385151943,"upper_bound":2.8834603459272476},"point_estimate":2.848677647988267,"standard_error":0.014879151539469282},"StdDev":{"confidence_interval":{"confidence_level":0.95,"lower_bound":0.0031854064446624904,"upper_bound":0.21139248017978068},"point_estimate":0.1280713565839977,"standard_error":0.06011160560262736}}