{"Mean":{"confidence_interval":{"confidence_level":0.95,"lower_bound":2.029765517209444,"upper_bound":2.0395127761283294},"point_estimate":2.0342468737007073,"standard_error":0.002502517917164847},"Median":{"confidence_interval":{"confidence_level":0.95,"lower_bound":2.024850276053904,"upper_bound":2.026527153553589},"point_estimate":2.02575853415249,"standard_error":0.0004092964896879881},"MedianAbsDev":{"confidence_interval":{"confidence_level":0.95,"lower_bound":0.0022933057088037685,"upper_bound":0.00454965382749752},"point_estimate":0.0034724159456200982,"standard_error":0.0005813521352018616},"Slope":{"confidence_interval":{"confidence_level":0.95,"lower_bound":2.028519795175643,"upper_bound":2.0490883361744987},"point_estimate":2.037880096504722,"standard_error":0.005333294359258357},"StdDev":{"confidence_interval":{"confidence_level":0.95,"lower_bound":0.014903334743903145,"upper_bound":0.03340943014061088},"point_estimate":0.025159094807836575,"standard_error":0.004734481721897942}}