{"Mean":{"confidence_interval":{"confidence_level":0.95,"lower_bound":4.125865794161,"upper_bound":4.147867659444673},"point_estimate":4.135491601816279,"standard_error":0.005682376241826916},"Median":{"confidence_interval":{"confidence_level":0.95,"lower_bound":4.119662751378534,"upper_bound":4.12285320032745},"point_estimate":4.120696783094981,"standard_error":0.000842873483388579},"MedianAbsDev":{"confidence_interval":{"confidence_level":0.95,"lower_bound":0.0039221458789814026,"upper_bound":0.00787713690376363},"point_estimate":0.005864670706661344,"standard_error":0.001003992764739284},"Slope":{"confidence_interval":{"confidence_level":0.95,"lower_bound":4.122939101643877,"upper_bound":4.152157024608265},"point_estimate":4.132899909064814,"standard_error":0.008362159764149904},"StdDev":{"confidence_interval":{"confidence_level":0.95,"lower_bound":0.015420134209107952,"upper_bound":0.0843531914256729},"point_estimate":0.057221127653559266,"standard_error":0.016708157182950947}}