{"Mean":{"confidence_interval":{"confidence_level":0.95,"lower_bound":4.67878507051927,"upper_bound":4.708502804821931},"point_estimate":4.691732663533905,"standard_error":0.0076483322055037935},"Median":{"confidence_interval":{"confidence_level":0.95,"lower_bound":4.668141591659747,"upper_bound":4.674532597858365},"point_estimate":4.6707173455600275,"standard_error":0.0017016854632322192},"MedianAbsDev":{"confidence_interval":{"confidence_level":0.95,"lower_bound":0.009400451842765889,"upper_bound":0.017805105943446916},"point_estimate":0.012917891496932392,"standard_error":0.0021428847754181306},"Slope":{"confidence_interval":{"confidence_level":0.95,"lower_bound":4.665553172444053,"upper_bound":4.670477303089839},"point_estimate":4.66786622929006,"standard_error":0.0012626860388248058},"StdDev":{"confidence_interval":{"confidence_level":0.95,"lower_bound":0.03066272314555795,"upper_bound":0.11562141681922194},"point_estimate":0.07672498416789866,"standard_error":0.02206958870650524}}