{"Mean":{"confidence_interval":{"confidence_level":0.95,"lower_bound":8.346985579501194,"upper_bound":8.405065330436766},"point_estimate":8.372829863182968,"standard_error":0.014916345928770442},"Median":{"confidence_interval":{"confidence_level":0.95,"lower_bound":8.328576569942914,"upper_bound":8.345022568785277},"point_estimate":8.333776361435131,"standard_error":0.004843428152445249},"MedianAbsDev":{"confidence_interval":{"confidence_level":0.95,"lower_bound":0.02561791143736963,"upper_bound":0.06366852107117366},"point_estimate":0.03619632740576885,"standard_error":0.00948133650540405},"Slope":{"confidence_interval":{"confidence_level":0.95,"lower_bound":8.318503920062533,"upper_bound":8.344245902269499},"point_estimate":8.32969385772328,"standard_error":0.006590027976407998},"StdDev":{"confidence_interval":{"confidence_level":0.95,"lower_bound":0.07430418145323346,"upper_bound":0.21601036580779512},"point_estimate":0.14994461581771987,"standard_error":0.0371541764502901}}