{"Mean":{"confidence_interval":{"confidence_level":0.95,"lower_bound":195313.0465601732,"upper_bound":195862.96293372198},"point_estimate":195552.1801854941,"standard_error":141.3254553289118},"Median":{"confidence_interval":{"confidence_level":0.95,"lower_bound":195091.53174603175,"upper_bound":195221.02691875893},"point_estimate":195137.6027462121,"standard_error":34.457359596865416},"MedianAbsDev":{"confidence_interval":{"confidence_level":0.95,"lower_bound":126.9811598811453,"upper_bound":284.0978344434321},"point_estimate":188.43433832128363,"standard_error":40.632175849228645},"Slope":{"confidence_interval":{"confidence_level":0.95,"lower_bound":195182.60505398092,"upper_bound":195321.5650199337},"point_estimate":195247.23612432886,"standard_error":35.539204244477716},"StdDev":{"confidence_interval":{"confidence_level":0.95,"lower_bound":518.313263958056,"upper_bound":2113.0959443645556},"point_estimate":1419.2421381982017,"standard_error":399.5099211401892}}