{"Mean":{"confidence_interval":{"confidence_level":0.95,"lower_bound":197524.1167025066,"upper_bound":198492.16233535614},"point_estimate":197991.18038279962,"standard_error":245.84452471668214},"Median":{"confidence_interval":{"confidence_level":0.95,"lower_bound":196776.472,"upper_bound":197597.4139455782},"point_estimate":197039.95500000002,"standard_error":203.5142234801127},"MedianAbsDev":{"confidence_interval":{"confidence_level":0.95,"lower_bound":1079.447496072527,"upper_bound":2047.3341988566315},"point_estimate":1554.579325594269,"standard_error":252.49287053525617},"Slope":{"confidence_interval":{"confidence_level":0.95,"lower_bound":197684.40247445487,"upper_bound":199202.18280266027},"point_estimate":198416.6287595685,"standard_error":388.7279093308911},"StdDev":{"confidence_interval":{"confidence_level":0.95,"lower_bound":1970.0768410458854,"upper_bound":2908.80574706596},"point_estimate":2473.0336606540172,"standard_error":240.39262087975024}}