{"Mean":{"confidence_interval":{"confidence_level":0.95,"lower_bound":1.315906367175433,"upper_bound":1.3697566961197354},"point_estimate":1.3391959839853407,"standard_error":0.013235846172592677},"Median":{"confidence_interval":{"confidence_level":0.95,"lower_bound":1.3128892894518094,"upper_bound":1.31440205029965},"point_estimate":1.3137824354052088,"standard_error":0.000423107422359504},"MedianAbsDev":{"confidence_interval":{"confidence_level":0.95,"lower_bound":0.0018489997277567236,"upper_bound":0.0037804943753785127},"point_estimate":0.0028562309079075946,"standard_error":0.0005199712831499835},"Slope":{"confidence_interval":{"confidence_level":0.95,"lower_bound":1.3152709638834708,"upper_bound":1.459533411027778},"point_estimate":1.3827214429667642,"standard_error":0.03630823436111547},"StdDev":{"confidence_interval":{"confidence_level":0.95,"lower_bound":0.007918088069930761,"upper_bound":0.1988249111760493},"point_estimate":0.13316930065466323,"standard_error":0.04217921505690372}}