{"Mean":{"confidence_interval":{"confidence_level":0.95,"lower_bound":7.735491027568127,"upper_bound":7.748352978849295},"point_estimate":7.741129319331399,"standard_error":0.003312150563922027},"Median":{"confidence_interval":{"confidence_level":0.95,"lower_bound":7.732478846582053,"upper_bound":7.732860021513615},"point_estimate":7.732619805691929,"standard_error":0.0001046922557070762},"MedianAbsDev":{"confidence_interval":{"confidence_level":0.95,"lower_bound":0.0002995871542489032,"upper_bound":0.0007903615530629226},"point_estimate":0.0004882757910515661,"standard_error":0.00012756212910514686},"Slope":{"confidence_interval":{"confidence_level":0.95,"lower_bound":7.735120867607132,"upper_bound":7.760183051650206},"point_estimate":7.745939054109401,"standard_error":0.0064624806177773315},"StdDev":{"confidence_interval":{"confidence_level":0.95,"lower_bound":0.009211916815214457,"upper_bound":0.04960403992164555},"point_estimate":0.03350633825100994,"standard_error":0.009993296699302117}}