{"Mean":{"confidence_interval":{"confidence_level":0.95,"lower_bound":7.928400024343562,"upper_bound":7.973625856941343},"point_estimate":7.946261525660317,"standard_error":0.011984934053360697},"Median":{"confidence_interval":{"confidence_level":0.95,"lower_bound":7.916335150272112,"upper_bound":7.922722673680266},"point_estimate":7.918612075079396,"standard_error":0.0017369334557954224},"MedianAbsDev":{"confidence_interval":{"confidence_level":0.95,"lower_bound":0.00645010987718117,"upper_bound":0.015462055298489217},"point_estimate":0.010129163816730688,"standard_error":0.00231273642920591},"Slope":{"confidence_interval":{"confidence_level":0.95,"lower_bound":7.9224027177334975,"upper_bound":7.9444393207337916},"point_estimate":7.93084053846126,"standard_error":0.0058272834639224325},"StdDev":{"confidence_interval":{"confidence_level":0.95,"lower_bound":0.028746617020201124,"upper_bound":0.19779252348769896},"point_estimate":0.12063329994955355,"standard_error":0.05218301526608507}}