{"Mean":{"confidence_interval":{"confidence_level":0.95,"lower_bound":8.090323379809805,"upper_bound":8.102481062702381},"point_estimate":8.094991401728272,"standard_error":0.0032495135688250846},"Median":{"confidence_interval":{"confidence_level":0.95,"lower_bound":8.088281080799526,"upper_bound":8.090103627795278},"point_estimate":8.089098143472409,"standard_error":0.00046477266987406986},"MedianAbsDev":{"confidence_interval":{"confidence_level":0.95,"lower_bound":0.003585474843875952,"upper_bound":0.0070436795576667086},"point_estimate":0.004996128148497051,"standard_error":0.000876885356914214},"Slope":{"confidence_interval":{"confidence_level":0.95,"lower_bound":8.090550775292003,"upper_bound":8.095097415632383},"point_estimate":8.092649555231926,"standard_error":0.0011633200302409523},"StdDev":{"confidence_interval":{"confidence_level":0.95,"lower_bound":0.007775253844911909,"upper_bound":0.05411278685099834},"point_estimate":0.03267498794768171,"standard_error":0.015011135014244812}}