{"Mean":{"confidence_interval":{"confidence_level":0.95,"lower_bound":7.924618351062347,"upper_bound":7.935647513357282},"point_estimate":7.929290247448453,"standard_error":0.002856961693968577},"Median":{"confidence_interval":{"confidence_level":0.95,"lower_bound":7.920954026850304,"upper_bound":7.924592101398514},"point_estimate":7.922980567827061,"standard_error":0.0008915253061849654},"MedianAbsDev":{"confidence_interval":{"confidence_level":0.95,"lower_bound":0.005319594168589671,"upper_bound":0.00989833290179131},"point_estimate":0.007460819460785402,"standard_error":0.0011674803209972759},"Slope":{"confidence_interval":{"confidence_level":0.95,"lower_bound":7.923149547022157,"upper_bound":7.928315151141492},"point_estimate":7.925402247826056,"standard_error":0.0013277923160548394},"StdDev":{"confidence_interval":{"confidence_level":0.95,"lower_bound":0.009072545003690896,"upper_bound":0.044641505377679774},"point_estimate":0.028615009521007286,"standard_error":0.00956164618007381}}