{"Mean":{"confidence_interval":{"confidence_level":0.95,"lower_bound":8.258070513987363,"upper_bound":8.278321145217497},"point_estimate":8.267057961187566,"standard_error":0.005205536887987088},"Median":{"confidence_interval":{"confidence_level":0.95,"lower_bound":8.251180213464696,"upper_bound":8.252089353938088},"point_estimate":8.251592931832693,"standard_error":0.0002460104442697015},"MedianAbsDev":{"confidence_interval":{"confidence_level":0.95,"lower_bound":0.0012986577204402452,"upper_bound":0.002564101593669318},"point_estimate":0.0018906506894592532,"standard_error":0.00032222797244430283},"Slope":{"confidence_interval":{"confidence_level":0.95,"lower_bound":8.255034637842913,"upper_bound":8.279731730068962},"point_estimate":8.264957488929541,"standard_error":0.006514165759251336},"StdDev":{"confidence_interval":{"confidence_level":0.95,"lower_bound":0.02212458681935264,"upper_bound":0.07522130650353237},"point_estimate":0.05236940892949492,"standard_error":0.013360722461783311}}