{"Mean":{"confidence_interval":{"confidence_level":0.95,"lower_bound":8.143152298568493,"upper_bound":8.167392706788474},"point_estimate":8.154031017028895,"standard_error":0.006202585164310061},"Median":{"confidence_interval":{"confidence_level":0.95,"lower_bound":8.133693703472204,"upper_bound":8.147703707276333},"point_estimate":8.14030303813902,"standard_error":0.004245559617905954},"MedianAbsDev":{"confidence_interval":{"confidence_level":0.95,"lower_bound":0.019727670133811596,"upper_bound":0.03648749334812495},"point_estimate":0.029047849806127544,"standard_error":0.004452877103461369},"Slope":{"confidence_interval":{"confidence_level":0.95,"lower_bound":8.137339453560452,"upper_bound":8.150465411419113},"point_estimate":8.143741877740947,"standard_error":0.0033436280668742414},"StdDev":{"confidence_interval":{"confidence_level":0.95,"lower_bound":0.030699374132834745,"upper_bound":0.08873707570218926},"point_estimate":0.06221563542731528,"standard_error":0.015324933188154612}}