{"Mean":{"confidence_interval":{"confidence_level":0.95,"lower_bound":2.674512947267438,"upper_bound":2.6980884616885548},"point_estimate":2.6851284923839307,"standard_error":0.006016333858295786},"Median":{"confidence_interval":{"confidence_level":0.95,"lower_bound":2.6648141891130903,"upper_bound":2.6877972634114036},"point_estimate":2.671843766151847,"standard_error":0.005617877645131269},"MedianAbsDev":{"confidence_interval":{"confidence_level":0.95,"lower_bound":0.032449561082564686,"upper_bound":0.052897705238356},"point_estimate":0.04117760360596541,"standard_error":0.005214731682583227},"Slope":{"confidence_interval":{"confidence_level":0.95,"lower_bound":2.678054466991523,"upper_bound":2.6921009281629154},"point_estimate":2.6849986263691092,"standard_error":0.003584604469692156},"StdDev":{"confidence_interval":{"confidence_level":0.95,"lower_bound":0.03564044290790644,"upper_bound":0.08743824374963799},"point_estimate":0.060409387878664005,"standard_error":0.01505188864051942}}