{"Mean":{"confidence_interval":{"confidence_level":0.95,"lower_bound":2.700905490083412,"upper_bound":2.7228707146390643},"point_estimate":2.7117371939252606,"standard_error":0.005613212463101723},"Median":{"confidence_interval":{"confidence_level":0.95,"lower_bound":2.6917209859673603,"upper_bound":2.7156254058025104},"point_estimate":2.7026446517689355,"standard_error":0.0063260065596729325},"MedianAbsDev":{"confidence_interval":{"confidence_level":0.95,"lower_bound":0.037929963410284734,"upper_bound":0.06385339941265142},"point_estimate":0.05200317144276395,"standard_error":0.0064446027258985876},"Slope":{"confidence_interval":{"confidence_level":0.95,"lower_bound":2.6959931078785453,"upper_bound":2.7153469858538064},"point_estimate":2.7055723554333553,"standard_error":0.004947441004246771},"StdDev":{"confidence_interval":{"confidence_level":0.95,"lower_bound":0.04712410756795825,"upper_bound":0.06524328584283491},"point_estimate":0.05656024242737108,"standard_error":0.004629143094437372}}