{"Mean":{"confidence_interval":{"confidence_level":0.95,"lower_bound":2.037047203814065,"upper_bound":2.050295004356042},"point_estimate":2.042848271575628,"standard_error":0.0034261315926039124},"Median":{"confidence_interval":{"confidence_level":0.95,"lower_bound":2.032240154966817,"upper_bound":2.034429294251436},"point_estimate":2.0327555260367065,"standard_error":0.0006523597335225327},"MedianAbsDev":{"confidence_interval":{"confidence_level":0.95,"lower_bound":0.0028065905072147423,"upper_bound":0.0058893636535657075},"point_estimate":0.003828750445863498,"standard_error":0.0008710926456246223},"Slope":{"confidence_interval":{"confidence_level":0.95,"lower_bound":2.0313763724725775,"upper_bound":2.0337481176894268},"point_estimate":2.03229737149869,"standard_error":0.0006256392552228181},"StdDev":{"confidence_interval":{"confidence_level":0.95,"lower_bound":0.01189991819385629,"upper_bound":0.05168386716912091},"point_estimate":0.03449133084260893,"standard_error":0.010143416989356089}}