{"mean":{"confidence_interval":{"confidence_level":0.95,"lower_bound":2.889745883163205,"upper_bound":2.9037066704998433},"point_estimate":2.896057370609755,"standard_error":0.0036010194683052145},"median":{"confidence_interval":{"confidence_level":0.95,"lower_bound":2.881151961362887,"upper_bound":2.886029043414434},"point_estimate":2.883037775974932,"standard_error":0.0012897458862025715},"median_abs_dev":{"confidence_interval":{"confidence_level":0.95,"lower_bound":0.004342467464766244,"upper_bound":0.010223646991279782},"point_estimate":0.006851022435523539,"standard_error":0.0015815285088180454},"slope":{"confidence_interval":{"confidence_level":0.95,"lower_bound":2.8849568873732747,"upper_bound":2.894317107509828},"point_estimate":2.889191136935545,"standard_error":0.002401034801954448},"std_dev":{"confidence_interval":{"confidence_level":0.95,"lower_bound":0.01897760491625218,"upper_bound":0.049797538561820155},"point_estimate":0.036178400208400366,"standard_error":0.007785293457392149}}