{"Mean":{"confidence_interval":{"confidence_level":0.95,"lower_bound":1.7681683392951983,"upper_bound":1.781021472330207},"point_estimate":1.7739009139164335,"standard_error":0.0033076809781375487},"Median":{"confidence_interval":{"confidence_level":0.95,"lower_bound":1.7628997110801383,"upper_bound":1.7660085711741844},"point_estimate":1.764052928996788,"standard_error":0.0007226235173414785},"MedianAbsDev":{"confidence_interval":{"confidence_level":0.95,"lower_bound":0.0039054559214939206,"upper_bound":0.0075788246729954},"point_estimate":0.005508780220667899,"standard_error":0.000899520855360473},"Slope":{"confidence_interval":{"confidence_level":0.95,"lower_bound":1.762159724007679,"upper_bound":1.764300541742362},"point_estimate":1.7631451803764355,"standard_error":0.0005457278020832754},"StdDev":{"confidence_interval":{"confidence_level":0.95,"lower_bound":0.014917462521564073,"upper_bound":0.04777078218142861},"point_estimate":0.03326686182901527,"standard_error":0.008371682656950322}}