{"Mean":{"confidence_interval":{"confidence_level":0.95,"lower_bound":1.7724944657264403,"upper_bound":1.8169656565777634},"point_estimate":1.7913453197825402,"standard_error":0.011503041464896497},"Median":{"confidence_interval":{"confidence_level":0.95,"lower_bound":1.764066092245503,"upper_bound":1.768086127513147},"point_estimate":1.765433510874479,"standard_error":0.0011288349440105698},"MedianAbsDev":{"confidence_interval":{"confidence_level":0.95,"lower_bound":0.004770641459367788,"upper_bound":0.009534030997193394},"point_estimate":0.0069928890410602225,"standard_error":0.001197166263798422},"Slope":{"confidence_interval":{"confidence_level":0.95,"lower_bound":1.7634745214062832,"upper_bound":1.7694244147246374},"point_estimate":1.765884744255896,"standard_error":0.001545844415153019},"StdDev":{"confidence_interval":{"confidence_level":0.95,"lower_bound":0.021824118693034775,"upper_bound":0.1769700148233932},"point_estimate":0.11483167321326487,"standard_error":0.03914913366469408}}