{"mean":{"confidence_interval":{"confidence_level":0.95,"lower_bound":3.734678591655524,"upper_bound":3.7562038085635696},"point_estimate":3.743776735393696,"standard_error":0.005581332139599199},"median":{"confidence_interval":{"confidence_level":0.95,"lower_bound":3.726385251447042,"upper_bound":3.732160327940509},"point_estimate":3.728925425649836,"standard_error":0.0014897091588318499},"median_abs_dev":{"confidence_interval":{"confidence_level":0.95,"lower_bound":0.006905352894485577,"upper_bound":0.01361242774845614},"point_estimate":0.009758186061741668,"standard_error":0.0016916096608624261},"slope":{"confidence_interval":{"confidence_level":0.95,"lower_bound":3.7251347447799437,"upper_bound":3.7298284312640155},"point_estimate":3.72726509948451,"standard_error":0.0012041442406442555},"std_dev":{"confidence_interval":{"confidence_level":0.95,"lower_bound":0.020065803002557423,"upper_bound":0.08768248442571078},"point_estimate":0.05603490127677649,"standard_error":0.018921935196240344}}