{"Mean":{"confidence_interval":{"confidence_level":0.95,"lower_bound":2.2813100623230866,"upper_bound":2.285345440311243},"point_estimate":2.282819351639064,"standard_error":0.0010987965993283673},"Median":{"confidence_interval":{"confidence_level":0.95,"lower_bound":2.2807069208012027,"upper_bound":2.2809200779727097},"point_estimate":2.2807828160783385,"standard_error":0.00006420059248941467},"MedianAbsDev":{"confidence_interval":{"confidence_level":0.95,"lower_bound":0.00036729431446664933,"upper_bound":0.0007155283280288492},"point_estimate":0.0004972170851898253,"standard_error":0.00008761159468667994},"Slope":{"confidence_interval":{"confidence_level":0.95,"lower_bound":2.281013155302662,"upper_bound":2.2820399918578413},"point_estimate":2.2814830910354718,"standard_error":0.00026270745516136323},"StdDev":{"confidence_interval":{"confidence_level":0.95,"lower_bound":0.0022676212837847392,"upper_bound":0.018433636132954907},"point_estimate":0.011024277589703514,"standard_error":0.005412485203178968}}