{"Mean":{"confidence_interval":{"confidence_level":0.95,"lower_bound":7.60718309509871,"upper_bound":7.659785773925751},"point_estimate":7.630616933347003,"standard_error":0.013546993936297476},"Median":{"confidence_interval":{"confidence_level":0.95,"lower_bound":7.584149929565752,"upper_bound":7.599429060145162},"point_estimate":7.589751026048007,"standard_error":0.004417336495643948},"MedianAbsDev":{"confidence_interval":{"confidence_level":0.95,"lower_bound":0.01835379123006502,"upper_bound":0.03743534538643281},"point_estimate":0.025607644207325985,"standard_error":0.005300584901465542},"Slope":{"confidence_interval":{"confidence_level":0.95,"lower_bound":7.583611789393139,"upper_bound":7.616181660117217},"point_estimate":7.596127392902779,"standard_error":0.00871609146413597},"StdDev":{"confidence_interval":{"confidence_level":0.95,"lower_bound":0.06232318495562627,"upper_bound":0.1964662361868457},"point_estimate":0.13658811473637283,"standard_error":0.034534135389459174}}