{"Mean":{"confidence_interval":{"confidence_level":0.95,"lower_bound":2.6164335090607946,"upper_bound":2.632837976951106},"point_estimate":2.623545728423914,"standard_error":0.004228994289270212},"Median":{"confidence_interval":{"confidence_level":0.95,"lower_bound":2.609773959247223,"upper_bound":2.613521685865786},"point_estimate":2.611180158389707,"standard_error":0.000911274253732011},"MedianAbsDev":{"confidence_interval":{"confidence_level":0.95,"lower_bound":0.0031953628612679617,"upper_bound":0.007621839303384632},"point_estimate":0.00504601480712048,"standard_error":0.0010794967458562354},"Slope":{"confidence_interval":{"confidence_level":0.95,"lower_bound":2.6090476002054426,"upper_bound":2.611504290435873},"point_estimate":2.610050474422852,"standard_error":0.0006403913702320997},"StdDev":{"confidence_interval":{"confidence_level":0.95,"lower_bound":0.017937934776098296,"upper_bound":0.06391905910257573},"point_estimate":0.04237463158627374,"standard_error":0.012337749638677979}}