{"Mean":{"confidence_interval":{"confidence_level":0.95,"lower_bound":1.3130478187740973,"upper_bound":1.3291101093886803},"point_estimate":1.3188892793421472,"standard_error":0.004609618925748994},"Median":{"confidence_interval":{"confidence_level":0.95,"lower_bound":1.310844838908702,"upper_bound":1.311960708097412},"point_estimate":1.3113588041150663,"standard_error":0.00033034670472398454},"MedianAbsDev":{"confidence_interval":{"confidence_level":0.95,"lower_bound":0.001086531068224895,"upper_bound":0.0027922533220059473},"point_estimate":0.0018579875530195132,"standard_error":0.0004604776833734006},"Slope":{"confidence_interval":{"confidence_level":0.95,"lower_bound":1.3119873671247144,"upper_bound":1.3141277690515936},"point_estimate":1.3129265331540907,"standard_error":0.0005498428333807629},"StdDev":{"confidence_interval":{"confidence_level":0.95,"lower_bound":0.005095323642418921,"upper_bound":0.07854009645331264},"point_estimate":0.046338129471034405,"standard_error":0.024897086336232863}}