{"Mean":{"confidence_interval":{"confidence_level":0.95,"lower_bound":1.3307578806818945,"upper_bound":1.3635957043051319},"point_estimate":1.3442301560771122,"standard_error":0.008592175887961143},"Median":{"confidence_interval":{"confidence_level":0.95,"lower_bound":1.3221983208394288,"upper_bound":1.3313518296328697},"point_estimate":1.3253927468204534,"standard_error":0.0025125020847980876},"MedianAbsDev":{"confidence_interval":{"confidence_level":0.95,"lower_bound":0.009463273879720483,"upper_bound":0.02135948584323967},"point_estimate":0.013783008822322406,"standard_error":0.003409886666106866},"Slope":{"confidence_interval":{"confidence_level":0.95,"lower_bound":1.3328650263444777,"upper_bound":1.4037928322920343},"point_estimate":1.3618802129526453,"standard_error":0.018770593804528134},"StdDev":{"confidence_interval":{"confidence_level":0.95,"lower_bound":0.016146186815051696,"upper_bound":0.13565005320992393},"point_estimate":0.08623781956429288,"standard_error":0.03280786433269643}}