{"Mean":{"confidence_interval":{"confidence_level":0.95,"lower_bound":1.0532781933534374,"upper_bound":1.055330219510046},"point_estimate":1.0542311241832742,"standard_error":0.0005253162880801661},"Median":{"confidence_interval":{"confidence_level":0.95,"lower_bound":1.0521081691531333,"upper_bound":1.0528989204568013},"point_estimate":1.0526463895655704,"standard_error":0.0001958849054260645},"MedianAbsDev":{"confidence_interval":{"confidence_level":0.95,"lower_bound":0.001224595426139206,"upper_bound":0.0023090735687281544},"point_estimate":0.001691633139610065,"standard_error":0.00026884168724757257},"Slope":{"confidence_interval":{"confidence_level":0.95,"lower_bound":1.052629010873468,"upper_bound":1.0545731994030068},"point_estimate":1.0534697045532513,"standard_error":0.0004999830625683506},"StdDev":{"confidence_interval":{"confidence_level":0.95,"lower_bound":0.0033512489979184716,"upper_bound":0.0069699360211301735},"point_estimate":0.005295563924550206,"standard_error":0.0009265509667600531}}