{"Mean":{"confidence_interval":{"confidence_level":0.95,"lower_bound":55.8803458228575,"upper_bound":56.164788048412106},"point_estimate":56.00146841206292,"standard_error":0.073705842374144},"Median":{"confidence_interval":{"confidence_level":0.95,"lower_bound":55.80873624965382,"upper_bound":55.86135980621103},"point_estimate":55.83211959956279,"standard_error":0.01308389674036944},"MedianAbsDev":{"confidence_interval":{"confidence_level":0.95,"lower_bound":0.06551547991528196,"upper_bound":0.11975672134910394},"point_estimate":0.08171511403606921,"standard_error":0.014525740674386427},"Slope":{"confidence_interval":{"confidence_level":0.95,"lower_bound":55.8523468228955,"upper_bound":55.90729431461162},"point_estimate":55.87881588932833,"standard_error":0.014005850139106242},"StdDev":{"confidence_interval":{"confidence_level":0.95,"lower_bound":0.20829990998174214,"upper_bound":1.131783636771418},"point_estimate":0.7401722307701942,"standard_error":0.24551955318512586}}