{"Mean":{"confidence_interval":{"confidence_level":0.95,"lower_bound":2.1895112259790532,"upper_bound":2.1988263849091925},"point_estimate":2.193615214805373,"standard_error":0.002391256056465841},"Median":{"confidence_interval":{"confidence_level":0.95,"lower_bound":2.1829635977022437,"upper_bound":2.1939902462516536},"point_estimate":2.1864862318972698,"standard_error":0.0038498521678636895},"MedianAbsDev":{"confidence_interval":{"confidence_level":0.95,"lower_bound":0.0014957495395037845,"upper_bound":0.01601418556058599},"point_estimate":0.0068938335908964215,"standard_error":0.004479073679611005},"Slope":{"confidence_interval":{"confidence_level":0.95,"lower_bound":2.1880897258062726,"upper_bound":2.198001149486488},"point_estimate":2.1924969956229017,"standard_error":0.0025500035086405276},"StdDev":{"confidence_interval":{"confidence_level":0.95,"lower_bound":0.011657702537744643,"upper_bound":0.03519675021157244},"point_estimate":0.023965218257138918,"standard_error":0.006271988148253818}}