{"Mean":{"confidence_interval":{"confidence_level":0.95,"lower_bound":6.757744489322673,"upper_bound":6.79592925554237},"point_estimate":6.774506811639485,"standard_error":0.00979402424177577},"Median":{"confidence_interval":{"confidence_level":0.95,"lower_bound":6.755848414791881,"upper_bound":6.7645444973380195},"point_estimate":6.763576514749918,"standard_error":0.002428208739670935},"MedianAbsDev":{"confidence_interval":{"confidence_level":0.95,"lower_bound":0.02402588989984061,"upper_bound":0.03731530592442551},"point_estimate":0.03531430373665342,"standard_error":0.0034635585155973494},"Slope":{"confidence_interval":{"confidence_level":0.95,"lower_bound":6.744039301619117,"upper_bound":6.78765274394785},"point_estimate":6.76633967162755,"standard_error":0.011124119642466635},"StdDev":{"confidence_interval":{"confidence_level":0.95,"lower_bound":0.04300543996262014,"upper_bound":0.15269226818851103},"point_estimate":0.09862537661910525,"standard_error":0.03162514066949669}}