{"Mean":{"confidence_interval":{"confidence_level":0.95,"lower_bound":6.73962011290727,"upper_bound":6.763497067806842},"point_estimate":6.750400135724793,"standard_error":0.006063677504628168},"Median":{"confidence_interval":{"confidence_level":0.95,"lower_bound":6.742470263381478,"upper_bound":6.756950751472182},"point_estimate":6.745433305012744,"standard_error":0.004532531062662198},"MedianAbsDev":{"confidence_interval":{"confidence_level":0.95,"lower_bound":0.0049200577414670954,"upper_bound":0.020572143422907488},"point_estimate":0.016982284055475944,"standard_error":0.004104873153875868},"Slope":{"confidence_interval":{"confidence_level":0.95,"lower_bound":6.737306083378773,"upper_bound":6.770278511523632},"point_estimate":6.751660136860387,"standard_error":0.008490078197088349},"StdDev":{"confidence_interval":{"confidence_level":0.95,"lower_bound":0.028420488292348497,"upper_bound":0.08957788668120048},"point_estimate":0.060992817818733926,"standard_error":0.015980630402142516}}