{"Mean":{"confidence_interval":{"confidence_level":0.95,"lower_bound":6.824866742004216,"upper_bound":7.080193286708597},"point_estimate":6.940674632721552,"standard_error":0.06561922317977217},"Median":{"confidence_interval":{"confidence_level":0.95,"lower_bound":6.771293580971,"upper_bound":6.773492538899516},"point_estimate":6.772329630643448,"standard_error":0.0007558736777892393},"MedianAbsDev":{"confidence_interval":{"confidence_level":0.95,"lower_bound":0.010902151879469246,"upper_bound":0.016639208613640502},"point_estimate":0.012409550012584746,"standard_error":0.0012275400944251134},"Slope":{"confidence_interval":{"confidence_level":0.95,"lower_bound":6.825242554029417,"upper_bound":7.145250495362064},"point_estimate":6.968078322757649,"standard_error":0.08214950104459902},"StdDev":{"confidence_interval":{"confidence_level":0.95,"lower_bound":0.36182777139355776,"upper_bound":0.8787308266644211},"point_estimate":0.659907183248986,"standard_error":0.1314477014241024}}