{"Mean":{"confidence_interval":{"confidence_level":0.95,"lower_bound":6.756511522323509,"upper_bound":6.9418419917910565},"point_estimate":6.825354409002049,"standard_error":0.052010549335573135},"Median":{"confidence_interval":{"confidence_level":0.95,"lower_bound":6.685321888412017,"upper_bound":6.837616763443575},"point_estimate":6.692210300429185,"standard_error":0.03773263536122994},"MedianAbsDev":{"confidence_interval":{"confidence_level":0.95,"lower_bound":0.003692158879047453,"upper_bound":0.13196573144350016},"point_estimate":0.014985620841028816,"standard_error":0.03548056698270261},"Slope":{"confidence_interval":{"confidence_level":0.95,"lower_bound":6.7894862245203536,"upper_bound":6.838426000998583},"point_estimate":6.814636909363859,"standard_error":0.012447122524491096},"StdDev":{"confidence_interval":{"confidence_level":0.95,"lower_bound":0.09144333023448264,"upper_bound":0.8845752864708489},"point_estimate":0.5242935607298245,"standard_error":0.2693057297819137}}