{"Mean":{"confidence_interval":{"confidence_level":0.95,"lower_bound":6.79958423483294,"upper_bound":6.939697901961175},"point_estimate":6.8552816695186145,"standard_error":0.036759563198775894},"Median":{"confidence_interval":{"confidence_level":0.95,"lower_bound":6.778282828282828,"upper_bound":6.78052059052059},"point_estimate":6.7795612532146485,"standard_error":0.0028860933436567386},"MedianAbsDev":{"confidence_interval":{"confidence_level":0.95,"lower_bound":0.04383591023057861,"upper_bound":0.08899587570761305},"point_estimate":0.08483980455439821,"standard_error":0.013217297147901392},"Slope":{"confidence_interval":{"confidence_level":0.95,"lower_bound":6.7601930699975155,"upper_bound":6.946042976161627},"point_estimate":6.836572992054003,"standard_error":0.04790747849624589},"StdDev":{"confidence_interval":{"confidence_level":0.95,"lower_bound":0.12217909238602155,"upper_bound":0.60199841828693},"point_estimate":0.3685086148199691,"standard_error":0.1582243850765484}}