{"Mean":{"confidence_interval":{"confidence_level":0.95,"lower_bound":200.52481681635757,"upper_bound":205.1922191152186},"point_estimate":202.23174582773672,"standard_error":1.3094004404821984},"Median":{"confidence_interval":{"confidence_level":0.95,"lower_bound":199.79343275771848,"upper_bound":199.99465918910363},"point_estimate":199.8520213577422,"standard_error":0.05929088548184543},"MedianAbsDev":{"confidence_interval":{"confidence_level":0.95,"lower_bound":0.23694413534951278,"upper_bound":0.42017772844817153},"point_estimate":0.2772321894101311,"standard_error":0.04805482128089602},"Slope":{"confidence_interval":{"confidence_level":0.95,"lower_bound":200.38731549218306,"upper_bound":201.55761736487116},"point_estimate":200.9219372293142,"standard_error":0.29943742466392015},"StdDev":{"confidence_interval":{"confidence_level":0.95,"lower_bound":2.1797794681252904,"upper_bound":22.180491418450735},"point_estimate":13.146756589835496,"standard_error":6.834405895323623}}