{"mean":{"confidence_interval":{"confidence_level":0.95,"lower_bound":47.12436879555321,"upper_bound":47.417534790951265},"point_estimate":47.25092379787854,"standard_error":0.0756274940601627},"median":{"confidence_interval":{"confidence_level":0.95,"lower_bound":47.02659327562414,"upper_bound":47.08850207000376},"point_estimate":47.04985893805521,"standard_error":0.013516340720191937},"median_abs_dev":{"confidence_interval":{"confidence_level":0.95,"lower_bound":0.07697176714945368,"upper_bound":0.1267143320536226},"point_estimate":0.10514159450615225,"standard_error":0.013335443081084782},"slope":{"confidence_interval":{"confidence_level":0.95,"lower_bound":47.020608375868356,"upper_bound":47.105869249234864},"point_estimate":47.05616342459607,"standard_error":0.022065257185916523},"std_dev":{"confidence_interval":{"confidence_level":0.95,"lower_bound":0.28775771888774854,"upper_bound":1.162437334525254},"point_estimate":0.7591699136420028,"standard_error":0.2345179359312447}}