{"Mean":{"confidence_interval":{"confidence_level":0.95,"lower_bound":2.3506578645714398,"upper_bound":2.3575006729544534},"point_estimate":2.3536400119149867,"standard_error":0.0017611278064075752},"Median":{"confidence_interval":{"confidence_level":0.95,"lower_bound":2.3479167428666883,"upper_bound":2.3499064498195223},"point_estimate":2.3484398752839075,"standard_error":0.0005434263961801875},"MedianAbsDev":{"confidence_interval":{"confidence_level":0.95,"lower_bound":0.0018555817545871066,"upper_bound":0.004335209589383072},"point_estimate":0.0027847790256835263,"standard_error":0.0006322711548725952},"Slope":{"confidence_interval":{"confidence_level":0.95,"lower_bound":2.349979093903812,"upper_bound":2.3524661104339164},"point_estimate":2.351169321892625,"standard_error":0.0006370928705269104},"StdDev":{"confidence_interval":{"confidence_level":0.95,"lower_bound":0.006370979202745759,"upper_bound":0.026160305584009093},"point_estimate":0.017706952140828295,"standard_error":0.005035597518493804}}