{"Mean":{"confidence_interval":{"confidence_level":0.95,"lower_bound":4.117788122180438,"upper_bound":4.150197752208784},"point_estimate":4.129438347216272,"standard_error":0.009404698053093472},"Median":{"confidence_interval":{"confidence_level":0.95,"lower_bound":4.1156325870513,"upper_bound":4.118867227894271},"point_estimate":4.116840651088424,"standard_error":0.0007942317625188608},"MedianAbsDev":{"confidence_interval":{"confidence_level":0.95,"lower_bound":0.004276024019527177,"upper_bound":0.007182752845558997},"point_estimate":0.005823128995595073,"standard_error":0.0007687774828381015},"Slope":{"confidence_interval":{"confidence_level":0.95,"lower_bound":4.117138590806724,"upper_bound":4.163449611325259},"point_estimate":4.132589455933177,"standard_error":0.01322978762297153},"StdDev":{"confidence_interval":{"confidence_level":0.95,"lower_bound":0.0059426376616409675,"upper_bound":0.16100064540712108},"point_estimate":0.09471508228351978,"standard_error":0.05186612817257883}}