{"Mean":{"confidence_interval":{"confidence_level":0.95,"lower_bound":4.125177135477918,"upper_bound":4.13584900551865},"point_estimate":4.129799352183931,"standard_error":0.0027529978057354125},"Median":{"confidence_interval":{"confidence_level":0.95,"lower_bound":4.120506232543937,"upper_bound":4.1243528793584465},"point_estimate":4.122142229513752,"standard_error":0.000990105895230783},"MedianAbsDev":{"confidence_interval":{"confidence_level":0.95,"lower_bound":0.003880259750011631,"upper_bound":0.008824598978355276},"point_estimate":0.00548559171921424,"standard_error":0.0011962585153528402},"Slope":{"confidence_interval":{"confidence_level":0.95,"lower_bound":4.123339179010834,"upper_bound":4.1293413910020575},"point_estimate":4.126019516336561,"standard_error":0.0015446407770637592},"StdDev":{"confidence_interval":{"confidence_level":0.95,"lower_bound":0.010604728375056853,"upper_bound":0.04196386619484621},"point_estimate":0.027694906478517838,"standard_error":0.008372729221339217}}