{"Mean":{"confidence_interval":{"confidence_level":0.95,"lower_bound":9.459800552427216,"upper_bound":9.576067622701123},"point_estimate":9.50259977165305,"standard_error":0.032498852172351454},"Median":{"confidence_interval":{"confidence_level":0.95,"lower_bound":9.451600302091201,"upper_bound":9.452296592153578},"point_estimate":9.451929170629352,"standard_error":0.00018568120965482287},"MedianAbsDev":{"confidence_interval":{"confidence_level":0.95,"lower_bound":0.000590663104207892,"upper_bound":0.0015016062657881742},"point_estimate":0.0010010228306300461,"standard_error":0.00024226152015819038},"Slope":{"confidence_interval":{"confidence_level":0.95,"lower_bound":9.457127207312052,"upper_bound":9.514896922486596},"point_estimate":9.481251353181136,"standard_error":0.015062665842621132},"StdDev":{"confidence_interval":{"confidence_level":0.95,"lower_bound":0.03978946816561829,"upper_bound":0.554141091864211},"point_estimate":0.3284231573952434,"standard_error":0.16959346856042035}}