{"Mean":{"confidence_interval":{"confidence_level":0.95,"lower_bound":9.464396430313402,"upper_bound":9.536342310359112},"point_estimate":9.49267218268974,"standard_error":0.018960257390140962},"Median":{"confidence_interval":{"confidence_level":0.95,"lower_bound":9.453942837465565,"upper_bound":9.454865297537712},"point_estimate":9.454327864211585,"standard_error":0.0002597664359279258},"MedianAbsDev":{"confidence_interval":{"confidence_level":0.95,"lower_bound":0.0005886118898022699,"upper_bound":0.0018293316949137455},"point_estimate":0.0010813778245347897,"standard_error":0.0003235424254391745},"Slope":{"confidence_interval":{"confidence_level":0.95,"lower_bound":9.45777533050266,"upper_bound":9.512691506813178},"point_estimate":9.47860382680059,"standard_error":0.014779186418723672},"StdDev":{"confidence_interval":{"confidence_level":0.95,"lower_bound":0.03543426582866116,"upper_bound":0.3137408739496617},"point_estimate":0.19101486719636407,"standard_error":0.08259122882678824}}