{"Mean":{"confidence_interval":{"confidence_level":0.95,"lower_bound":0.7097213646854726,"upper_bound":0.7161977442249915},"point_estimate":0.7125112298953883,"standard_error":0.0016758232164126227},"Median":{"confidence_interval":{"confidence_level":0.95,"lower_bound":0.7075658857489936,"upper_bound":0.7081244296418094},"point_estimate":0.7077864794109142,"standard_error":0.00014576839489265932},"MedianAbsDev":{"confidence_interval":{"confidence_level":0.95,"lower_bound":0.0007834476167296203,"upper_bound":0.001884990924418749},"point_estimate":0.0010976497662340114,"standard_error":0.0003080103814383334},"Slope":{"confidence_interval":{"confidence_level":0.95,"lower_bound":0.7096095884585006,"upper_bound":0.7139334754396415},"point_estimate":0.7116685095215033,"standard_error":0.0011096247770645668},"StdDev":{"confidence_interval":{"confidence_level":0.95,"lower_bound":0.005622669736752623,"upper_bound":0.025436726015234997},"point_estimate":0.016887537699133762,"standard_error":0.005292438501888778}}