{"Mean":{"confidence_interval":{"confidence_level":0.95,"lower_bound":3.538029164291561,"upper_bound":3.5982579275873254},"point_estimate":3.5651052795827094,"standard_error":0.015506137620505919},"Median":{"confidence_interval":{"confidence_level":0.95,"lower_bound":3.5167398966177386,"upper_bound":3.522000742710764},"point_estimate":3.5189648506331475,"standard_error":0.0013661747583066863},"MedianAbsDev":{"confidence_interval":{"confidence_level":0.95,"lower_bound":0.006760079133306142,"upper_bound":0.013959094390614239},"point_estimate":0.009700382603544356,"standard_error":0.0020067187460866697},"Slope":{"confidence_interval":{"confidence_level":0.95,"lower_bound":3.555417412918888,"upper_bound":3.7086601440722613},"point_estimate":3.6255708385991823,"standard_error":0.04002137339257403},"StdDev":{"confidence_interval":{"confidence_level":0.95,"lower_bound":0.08391051936822351,"upper_bound":0.21257841631041702},"point_estimate":0.1560771193254868,"standard_error":0.03574541710045363}}