{"Mean":{"confidence_interval":{"confidence_level":0.95,"lower_bound":3.520707347704702,"upper_bound":3.531055334789452},"point_estimate":3.525335962891276,"standard_error":0.0026646425773275886},"Median":{"confidence_interval":{"confidence_level":0.95,"lower_bound":3.5155336999066167,"upper_bound":3.5180118056379586},"point_estimate":3.5166863951902183,"standard_error":0.0006139985337380659},"MedianAbsDev":{"confidence_interval":{"confidence_level":0.95,"lower_bound":0.002528585898883503,"upper_bound":0.0059843371846749595},"point_estimate":0.0038141086635143182,"standard_error":0.0009352222783456059},"Slope":{"confidence_interval":{"confidence_level":0.95,"lower_bound":3.518371193856156,"upper_bound":3.5224151865837197},"point_estimate":3.520290450373638,"standard_error":0.0010338793638381449},"StdDev":{"confidence_interval":{"confidence_level":0.95,"lower_bound":0.012162113496744075,"upper_bound":0.03825968514174468},"point_estimate":0.026790386851184678,"standard_error":0.006654575026835307}}