{"Mean":{"confidence_interval":{"confidence_level":0.95,"lower_bound":2.185585340755997,"upper_bound":2.1939856743240287},"point_estimate":2.189271770280368,"standard_error":0.0021593454140960114},"Median":{"confidence_interval":{"confidence_level":0.95,"lower_bound":2.1821832553934133,"upper_bound":2.1850543593256235},"point_estimate":2.183393572318521,"standard_error":0.0007122386028211301},"MedianAbsDev":{"confidence_interval":{"confidence_level":0.95,"lower_bound":0.002630765592112143,"upper_bound":0.005629471815036901},"point_estimate":0.0037054986529643655,"standard_error":0.0007142008259631694},"Slope":{"confidence_interval":{"confidence_level":0.95,"lower_bound":2.184481250557979,"upper_bound":2.1880009968959198},"point_estimate":2.186101826033183,"standard_error":0.0009003851306798493},"StdDev":{"confidence_interval":{"confidence_level":0.95,"lower_bound":0.006558220467087065,"upper_bound":0.031334547617673555},"point_estimate":0.02170674547221058,"standard_error":0.0058268971555705}}