{"Mean":{"confidence_interval":{"confidence_level":0.95,"lower_bound":1.8211750098279964,"upper_bound":1.8347992707400391},"point_estimate":1.827170864548266,"standard_error":0.0034982441103782454},"Median":{"confidence_interval":{"confidence_level":0.95,"lower_bound":1.817311592936531,"upper_bound":1.8193378090746934},"point_estimate":1.8178770475784602,"standard_error":0.0005338367926801754},"MedianAbsDev":{"confidence_interval":{"confidence_level":0.95,"lower_bound":0.002059641841654275,"upper_bound":0.004224672233091188},"point_estimate":0.002934620873378685,"standard_error":0.000554927743624424},"Slope":{"confidence_interval":{"confidence_level":0.95,"lower_bound":1.8183273323242737,"upper_bound":1.8198995302406695},"point_estimate":1.8190835646662162,"standard_error":0.0004002683955183134},"StdDev":{"confidence_interval":{"confidence_level":0.95,"lower_bound":0.015556296819888472,"upper_bound":0.05040532312446086},"point_estimate":0.03511290714607418,"standard_error":0.008961589042839294}}