{"Mean":{"confidence_interval":{"confidence_level":0.95,"lower_bound":3.0699928367590936,"upper_bound":3.112216797389141},"point_estimate":3.08994166042349,"standard_error":0.010778301687865473},"Median":{"confidence_interval":{"confidence_level":0.95,"lower_bound":3.0030278562777553,"upper_bound":3.1262731011418943},"point_estimate":3.0877170811804735,"standard_error":0.031622356228141864},"MedianAbsDev":{"confidence_interval":{"confidence_level":0.95,"lower_bound":0.005910647856308013,"upper_bound":0.1326070507036482},"point_estimate":0.1277382872506635,"standard_error":0.041030999226439005},"Slope":{"confidence_interval":{"confidence_level":0.95,"lower_bound":3.0750179803614777,"upper_bound":3.115025906410114},"point_estimate":3.095289948447842,"standard_error":0.01022326492744492},"StdDev":{"confidence_interval":{"confidence_level":0.95,"lower_bound":0.0790973602370272,"upper_bound":0.14280324090326774},"point_estimate":0.10828436631565844,"standard_error":0.017950277969853247}}