{"mean":{"confidence_interval":{"confidence_level":0.95,"lower_bound":226.412119444243,"upper_bound":226.93080620426},"point_estimate":226.6479015116323,"standard_error":0.13350003061529672},"median":{"confidence_interval":{"confidence_level":0.95,"lower_bound":226.23259257129715,"upper_bound":226.57496717988423},"point_estimate":226.37161221582735,"standard_error":0.07877397456072413},"median_abs_dev":{"confidence_interval":{"confidence_level":0.95,"lower_bound":0.5824355405297478,"upper_bound":0.8990859232746868},"point_estimate":0.7833961291462095,"standard_error":0.08029217299856685},"slope":{"confidence_interval":{"confidence_level":0.95,"lower_bound":226.3175846443047,"upper_bound":226.56907270977266},"point_estimate":226.44143480000417,"standard_error":0.06406664679401475},"std_dev":{"confidence_interval":{"confidence_level":0.95,"lower_bound":0.7800545811435727,"upper_bound":1.9350512392612091},"point_estimate":1.3428411485713985,"standard_error":0.32942481893448333}}