{"Mean":{"confidence_interval":{"confidence_level":0.95,"lower_bound":5508.011500789401,"upper_bound":5518.730598747394},"point_estimate":5512.794472945439,"standard_error":2.754203902851513},"Median":{"confidence_interval":{"confidence_level":0.95,"lower_bound":5501.864942528735,"upper_bound":5508.410752923977},"point_estimate":5505.243415178571,"standard_error":1.43221836210448},"MedianAbsDev":{"confidence_interval":{"confidence_level":0.95,"lower_bound":8.488637984275028,"upper_bound":15.091062675342279},"point_estimate":11.969542308049931,"standard_error":1.6689230464254963},"Slope":{"confidence_interval":{"confidence_level":0.95,"lower_bound":5504.870635641319,"upper_bound":5511.095687797222},"point_estimate":5507.740592988031,"standard_error":1.5977637622372007},"StdDev":{"confidence_interval":{"confidence_level":0.95,"lower_bound":14.837886883844698,"upper_bound":40.36606838515041},"point_estimate":27.608785540382534,"standard_error":7.219712764391244}}