{"Mean":{"confidence_interval":{"confidence_level":0.95,"lower_bound":4.539044998693264,"upper_bound":4.5481159434450875},"point_estimate":4.5430654749806845,"standard_error":0.002334895899373104},"Median":{"confidence_interval":{"confidence_level":0.95,"lower_bound":4.53647339115537,"upper_bound":4.5375605287266065},"point_estimate":4.536907084484066,"standard_error":0.0003287918720754091},"MedianAbsDev":{"confidence_interval":{"confidence_level":0.95,"lower_bound":0.001522027036434731,"upper_bound":0.0026896876172493875},"point_estimate":0.002014153507779753,"standard_error":0.00029913783347475654},"Slope":{"confidence_interval":{"confidence_level":0.95,"lower_bound":4.538441213790699,"upper_bound":4.552804847250911},"point_estimate":4.544752992202337,"standard_error":0.0036817003081497973},"StdDev":{"confidence_interval":{"confidence_level":0.95,"lower_bound":0.009285092460395526,"upper_bound":0.03395613791839087},"point_estimate":0.023513367120926592,"standard_error":0.006241596444868684}}