{"Mean":{"confidence_interval":{"confidence_level":0.95,"lower_bound":1.70876887276711,"upper_bound":1.8232416580308861},"point_estimate":1.7615155720251463,"standard_error":0.028651270469609687},"Median":{"confidence_interval":{"confidence_level":0.95,"lower_bound":1.674688916932983,"upper_bound":1.6747753485800057},"point_estimate":1.674744835871019,"standard_error":0.000023562489659055174},"MedianAbsDev":{"confidence_interval":{"confidence_level":0.95,"lower_bound":0.00009153473843066677,"upper_bound":0.0002093653408167992},"point_estimate":0.00014533054409978074,"standard_error":0.00003087550479899881},"Slope":{"confidence_interval":{"confidence_level":0.95,"lower_bound":1.7365565776836513,"upper_bound":1.9264130547176304},"point_estimate":1.8251580090767963,"standard_error":0.048532245781347794},"StdDev":{"confidence_interval":{"confidence_level":0.95,"lower_bound":0.18096380691724273,"upper_bound":0.36570034465587176},"point_estimate":0.2882537542142496,"standard_error":0.04642926483605988}}