{"Mean":{"confidence_interval":{"confidence_level":0.95,"lower_bound":1.7034205850029192,"upper_bound":1.71152768359035},"point_estimate":1.707099268231078,"standard_error":0.002082183099607435},"Median":{"confidence_interval":{"confidence_level":0.95,"lower_bound":1.7009660657920953,"upper_bound":1.7014825880714453},"point_estimate":1.7014577827938044,"standard_error":0.00015063132633614314},"MedianAbsDev":{"confidence_interval":{"confidence_level":0.95,"lower_bound":0.0011184555530912858,"upper_bound":0.0024169859760125056},"point_estimate":0.002271839862771917,"standard_error":0.0003401643292110949},"Slope":{"confidence_interval":{"confidence_level":0.95,"lower_bound":1.7025606032665528,"upper_bound":1.7094561115016962},"point_estimate":1.7056224263070257,"standard_error":0.0017645971066632203},"StdDev":{"confidence_interval":{"confidence_level":0.95,"lower_bound":0.011534238408468811,"upper_bound":0.028450006999285935},"point_estimate":0.02093331319131332,"standard_error":0.004320298699464365}}