{"Mean":{"confidence_interval":{"confidence_level":0.95,"lower_bound":2.125283273526657,"upper_bound":2.144071960195122},"point_estimate":2.1341446414885907,"standard_error":0.004791065069277643},"Median":{"confidence_interval":{"confidence_level":0.95,"lower_bound":2.105667210920738,"upper_bound":2.1137854798071825},"point_estimate":2.1090924806331484,"standard_error":0.002868702431381497},"MedianAbsDev":{"confidence_interval":{"confidence_level":0.95,"lower_bound":0.004820449202350414,"upper_bound":0.01684149425126727},"point_estimate":0.009482083865018935,"standard_error":0.004026949211271476},"Slope":{"confidence_interval":{"confidence_level":0.95,"lower_bound":2.107985504555653,"upper_bound":2.124750030670387},"point_estimate":2.114792081125107,"standard_error":0.004410920768116515},"StdDev":{"confidence_interval":{"confidence_level":0.95,"lower_bound":0.033324735334035724,"upper_bound":0.06157019909929134},"point_estimate":0.04822221836595603,"standard_error":0.007233913992061565}}