{"Mean":{"confidence_interval":{"confidence_level":0.95,"lower_bound":2.7971466371999165,"upper_bound":2.8227279556464606},"point_estimate":2.808322475465671,"standard_error":0.006530849797229205},"Median":{"confidence_interval":{"confidence_level":0.95,"lower_bound":2.794223599443205,"upper_bound":2.794582088821427},"point_estimate":2.7944100802509677,"standard_error":0.00009230732883330894},"MedianAbsDev":{"confidence_interval":{"confidence_level":0.95,"lower_bound":0.0006334779981174371,"upper_bound":0.001184240409541029},"point_estimate":0.0009234390278659213,"standard_error":0.00014216160244125115},"Slope":{"confidence_interval":{"confidence_level":0.95,"lower_bound":2.7954647458776973,"upper_bound":2.8050821853763868},"point_estimate":2.799573422223418,"standard_error":0.0025034412246169925},"StdDev":{"confidence_interval":{"confidence_level":0.95,"lower_bound":0.010662703949557262,"upper_bound":0.09745177036848383},"point_estimate":0.06556514313294194,"standard_error":0.020560879013845738}}