{"Mean":{"confidence_interval":{"confidence_level":0.95,"lower_bound":1.3990989097799114,"upper_bound":1.516061101751447},"point_estimate":1.4533729681965577,"standard_error":0.029414575025982936},"Median":{"confidence_interval":{"confidence_level":0.95,"lower_bound":1.3412156166814553,"upper_bound":1.3492852213349107},"point_estimate":1.3486002661934338,"standard_error":0.002161720716885793},"MedianAbsDev":{"confidence_interval":{"confidence_level":0.95,"lower_bound":0.0016954390642098893,"upper_bound":0.013200472273561597},"point_estimate":0.012039664604354124,"standard_error":0.0031845777465536263},"Slope":{"confidence_interval":{"confidence_level":0.95,"lower_bound":1.403333218338926,"upper_bound":1.5779651512456487},"point_estimate":1.4839139495403406,"standard_error":0.044918239443227224},"StdDev":{"confidence_interval":{"confidence_level":0.95,"lower_bound":0.21513345328898556,"upper_bound":0.35513663423421654},"point_estimate":0.29474804799923604,"standard_error":0.035418419998513674}}