{"Mean":{"confidence_interval":{"confidence_level":0.95,"lower_bound":330.5493664419556,"upper_bound":332.8699788754217},"point_estimate":331.6176499845389,"standard_error":0.5932600578778724},"Median":{"confidence_interval":{"confidence_level":0.95,"lower_bound":328.8713710790811,"upper_bound":331.26675301725004},"point_estimate":330.63567691075764,"standard_error":0.6455488720602809},"MedianAbsDev":{"confidence_interval":{"confidence_level":0.95,"lower_bound":2.369450579586896,"upper_bound":4.587988712453982},"point_estimate":3.5308590930746133,"standard_error":0.5501095080619554},"Slope":{"confidence_interval":{"confidence_level":0.95,"lower_bound":330.99628114077154,"upper_bound":332.59086641519883},"point_estimate":331.76897489600594,"standard_error":0.4056248287066067},"StdDev":{"confidence_interval":{"confidence_level":0.95,"lower_bound":3.833088431533624,"upper_bound":8.17748042470776},"point_estimate":5.9643799636830135,"standard_error":1.164612053186858}}