{"mean":{"confidence_interval":{"confidence_level":0.95,"lower_bound":98.74183962096946,"upper_bound":99.30533730650863},"point_estimate":98.9820133192565,"standard_error":0.14554322178208198},"median":{"confidence_interval":{"confidence_level":0.95,"lower_bound":98.5128240726391,"upper_bound":98.69730067179351},"point_estimate":98.57998080481107,"standard_error":0.04229704686422931},"median_abs_dev":{"confidence_interval":{"confidence_level":0.95,"lower_bound":0.19414012136569098,"upper_bound":0.392653168247789},"point_estimate":0.2760217035324054,"standard_error":0.04486735277948274},"slope":{"confidence_interval":{"confidence_level":0.95,"lower_bound":98.47108748569593,"upper_bound":98.5799921396278},"point_estimate":98.52141551628893,"standard_error":0.027847325793771385},"std_dev":{"confidence_interval":{"confidence_level":0.95,"lower_bound":0.5404196390456472,"upper_bound":2.2753823329098006},"point_estimate":1.4638929719069143,"standard_error":0.4802728196194359}}