{"mean":{"confidence_interval":{"confidence_level":0.95,"lower_bound":5.745997830433761,"upper_bound":5.778635446047946},"point_estimate":5.759904567634194,"standard_error":0.008448215278705432},"median":{"confidence_interval":{"confidence_level":0.95,"lower_bound":5.732243745655033,"upper_bound":5.741138664228491},"point_estimate":5.734394306161217,"standard_error":0.0020098895249123466},"median_abs_dev":{"confidence_interval":{"confidence_level":0.95,"lower_bound":0.009109451546510874,"upper_bound":0.019750094828382723},"point_estimate":0.013772218321057812,"standard_error":0.002642105436219072},"slope":{"confidence_interval":{"confidence_level":0.95,"lower_bound":5.72961351014323,"upper_bound":5.73306444203122},"point_estimate":5.731190311576691,"standard_error":0.0008803852960910752},"std_dev":{"confidence_interval":{"confidence_level":0.95,"lower_bound":0.03211774230102432,"upper_bound":0.13181186901980918},"point_estimate":0.0850095785777976,"standard_error":0.027748486771931986}}