{"Mean":{"confidence_interval":{"confidence_level":0.95,"lower_bound":2.265343269299394,"upper_bound":2.3701424343101407},"point_estimate":2.3155518104193873,"standard_error":0.026845436673048943},"Median":{"confidence_interval":{"confidence_level":0.95,"lower_bound":2.179891008903899,"upper_bound":2.1814561339309755},"point_estimate":2.180676773957318,"standard_error":0.00041764057370482875},"MedianAbsDev":{"confidence_interval":{"confidence_level":0.95,"lower_bound":0.0019977878842561796,"upper_bound":0.004509624155497116},"point_estimate":0.0032771095604749367,"standard_error":0.0006824774277600902},"Slope":{"confidence_interval":{"confidence_level":0.95,"lower_bound":2.3043543294006312,"upper_bound":2.4580782968726727},"point_estimate":2.3783487452838767,"standard_error":0.039301057376780135},"StdDev":{"confidence_interval":{"confidence_level":0.95,"lower_bound":0.21853784631280027,"upper_bound":0.3074637593074082},"point_estimate":0.2696551546499356,"standard_error":0.022841551851988273}}