{"mean":{"confidence_interval":{"confidence_level":0.95,"lower_bound":838.6211201651103,"upper_bound":843.3207211747107},"point_estimate":840.9709524114669,"standard_error":1.1956022394799768},"median":{"confidence_interval":{"confidence_level":0.95,"lower_bound":836.2438745847176,"upper_bound":846.1689856021221},"point_estimate":842.8193867663344,"standard_error":2.743247250323297},"median_abs_dev":{"confidence_interval":{"confidence_level":0.95,"lower_bound":11.827498609959344,"upper_bound":17.68521333345785},"point_estimate":15.232537326169485,"standard_error":1.4949084977736422},"slope":{"confidence_interval":{"confidence_level":0.95,"lower_bound":844.6176798324572,"upper_bound":848.1755805310978},"point_estimate":846.4885293516955,"standard_error":0.9090651147090726},"std_dev":{"confidence_interval":{"confidence_level":0.95,"lower_bound":10.82299779849759,"upper_bound":13.088436914718875},"point_estimate":12.033662351138412,"standard_error":0.577258241278116}}