{"Mean":{"confidence_interval":{"confidence_level":0.95,"lower_bound":2.605739579314306,"upper_bound":2.614846168788485},"point_estimate":2.609688840509579,"standard_error":0.002356242474252117},"Median":{"confidence_interval":{"confidence_level":0.95,"lower_bound":2.6023429243145126,"upper_bound":2.604435469036595},"point_estimate":2.603464469180537,"standard_error":0.0004983078856669461},"MedianAbsDev":{"confidence_interval":{"confidence_level":0.95,"lower_bound":0.0023048668823437003,"upper_bound":0.0053930090304667895},"point_estimate":0.003664508598406157,"standard_error":0.0007697816720512835},"Slope":{"confidence_interval":{"confidence_level":0.95,"lower_bound":2.6047541938318073,"upper_bound":2.6072812227003244},"point_estimate":2.605997120059714,"standard_error":0.0006447914700492343},"StdDev":{"confidence_interval":{"confidence_level":0.95,"lower_bound":0.007793095138952284,"upper_bound":0.035686959757630095},"point_estimate":0.023695260138163882,"standard_error":0.007211259630747896}}