{"mean":{"confidence_interval":{"confidence_level":0.95,"lower_bound":159.64258454613088,"upper_bound":160.2128501705137},"point_estimate":159.89613314775687,"standard_error":0.14636556898616818},"median":{"confidence_interval":{"confidence_level":0.95,"lower_bound":159.43135719372572,"upper_bound":159.5837782053782},"point_estimate":159.5178851121381,"standard_error":0.03475453976352514},"median_abs_dev":{"confidence_interval":{"confidence_level":0.95,"lower_bound":0.23446118613373082,"upper_bound":0.5677728204018446},"point_estimate":0.3625938047333461,"standard_error":0.09208063434298068},"slope":{"confidence_interval":{"confidence_level":0.95,"lower_bound":159.32977007376823,"upper_bound":159.50943644759155},"point_estimate":159.41593670149263,"standard_error":0.04594798692377392},"std_dev":{"confidence_interval":{"confidence_level":0.95,"lower_bound":0.7173284575108749,"upper_bound":2.1544516428941174},"point_estimate":1.4732360548877073,"standard_error":0.3808987523237688}}