{"Mean":{"confidence_interval":{"confidence_level":0.95,"lower_bound":2.7789037832387886,"upper_bound":2.795497747137313},"point_estimate":2.7860799657486677,"standard_error":0.004297829075757505},"Median":{"confidence_interval":{"confidence_level":0.95,"lower_bound":2.772459938302154,"upper_bound":2.7771308163482606},"point_estimate":2.7742809171536837,"standard_error":0.0012692396597265608},"MedianAbsDev":{"confidence_interval":{"confidence_level":0.95,"lower_bound":0.004181277468093861,"upper_bound":0.009471089344194588},"point_estimate":0.006004124473057394,"standard_error":0.001351328989369083},"Slope":{"confidence_interval":{"confidence_level":0.95,"lower_bound":2.771553275366847,"upper_bound":2.774327066762864},"point_estimate":2.772675389486779,"standard_error":0.0007262722821409111},"StdDev":{"confidence_interval":{"confidence_level":0.95,"lower_bound":0.01602405560618107,"upper_bound":0.0660897576171103},"point_estimate":0.04330203044633356,"standard_error":0.013303951366022642}}