{"Mean":{"confidence_interval":{"confidence_level":0.95,"lower_bound":3.451879187715501,"upper_bound":3.4773403569810366},"point_estimate":3.4631137212126486,"standard_error":0.006580789445119164},"Median":{"confidence_interval":{"confidence_level":0.95,"lower_bound":3.4428439309658363,"upper_bound":3.4467021662769377},"point_estimate":3.444355676056551,"standard_error":0.0009858362625030804},"MedianAbsDev":{"confidence_interval":{"confidence_level":0.95,"lower_bound":0.0050586411101445974,"upper_bound":0.010741779794384853},"point_estimate":0.0073014360245395845,"standard_error":0.0014419714571018182},"Slope":{"confidence_interval":{"confidence_level":0.95,"lower_bound":3.4410794733719707,"upper_bound":3.4680856397801376},"point_estimate":3.449670724900376,"standard_error":0.007894764945061701},"StdDev":{"confidence_interval":{"confidence_level":0.95,"lower_bound":0.02623683212194688,"upper_bound":0.09575503299820014},"point_estimate":0.06603568918793691,"standard_error":0.01761471537406807}}