{"Mean":{"confidence_interval":{"confidence_level":0.95,"lower_bound":8.04030211838705,"upper_bound":8.048435040371015},"point_estimate":8.043672957999862,"standard_error":0.0021169203228877534},"Median":{"confidence_interval":{"confidence_level":0.95,"lower_bound":8.037731666556143,"upper_bound":8.040241996466943},"point_estimate":8.038848261005457,"standard_error":0.0005702434413553398},"MedianAbsDev":{"confidence_interval":{"confidence_level":0.95,"lower_bound":0.003486371748759279,"upper_bound":0.006943076711828708},"point_estimate":0.004904019137040659,"standard_error":0.0008685608023557837},"Slope":{"confidence_interval":{"confidence_level":0.95,"lower_bound":8.039518194566844,"upper_bound":8.042091906402547},"point_estimate":8.04073538358234,"standard_error":0.0006559873278072044},"StdDev":{"confidence_interval":{"confidence_level":0.95,"lower_bound":0.007146697707970784,"upper_bound":0.03386714376626494},"point_estimate":0.021264632495419426,"standard_error":0.007852680995295874}}