{"Mean":{"confidence_interval":{"confidence_level":0.95,"lower_bound":2.4443917864500055,"upper_bound":2.451520392404345},"point_estimate":2.447462040517792,"standard_error":0.0018421868315628286},"Median":{"confidence_interval":{"confidence_level":0.95,"lower_bound":2.442057674743519,"upper_bound":2.4441716767788986},"point_estimate":2.442746180589471,"standard_error":0.0005540012674854623},"MedianAbsDev":{"confidence_interval":{"confidence_level":0.95,"lower_bound":0.0029119466041464,"upper_bound":0.006162680171575731},"point_estimate":0.004184058346145371,"standard_error":0.0007534029326900563},"Slope":{"confidence_interval":{"confidence_level":0.95,"lower_bound":2.443195335536358,"upper_bound":2.445403515180366},"point_estimate":2.4442601166027633,"standard_error":0.0005648572746132575},"StdDev":{"confidence_interval":{"confidence_level":0.95,"lower_bound":0.006491001446515088,"upper_bound":0.027992317668343994},"point_estimate":0.01854848999901886,"standard_error":0.005758939436210962}}