{"Mean":{"confidence_interval":{"confidence_level":0.95,"lower_bound":8.136848657122284,"upper_bound":8.537435985245416},"point_estimate":8.328299521833964,"standard_error":0.1026137013173223},"Median":{"confidence_interval":{"confidence_level":0.95,"lower_bound":7.8567571485338,"upper_bound":7.877429285065524},"point_estimate":7.863931072826496,"standard_error":0.005460752748677886},"MedianAbsDev":{"confidence_interval":{"confidence_level":0.95,"lower_bound":0.022400527684299454,"upper_bound":0.05329197980501922},"point_estimate":0.03555187449214376,"standard_error":0.008259861547251673},"Slope":{"confidence_interval":{"confidence_level":0.95,"lower_bound":8.164402800667935,"upper_bound":8.72056275709137},"point_estimate":8.424344131884618,"standard_error":0.14221729651318119},"StdDev":{"confidence_interval":{"confidence_level":0.95,"lower_bound":0.7954602095546829,"upper_bound":1.214857557347698},"point_estimate":1.035569478501494,"standard_error":0.10755192262946975}}