{"mean":{"confidence_interval":{"confidence_level":0.95,"lower_bound":17.219176326328164,"upper_bound":17.324380800094055},"point_estimate":17.264204923247913,"standard_error":0.02713739068445434},"median":{"confidence_interval":{"confidence_level":0.95,"lower_bound":17.178468466997565,"upper_bound":17.206590451759894},"point_estimate":17.190722732929835,"standard_error":0.007200140824949272},"median_abs_dev":{"confidence_interval":{"confidence_level":0.95,"lower_bound":0.026344709811604056,"upper_bound":0.057142251697676144},"point_estimate":0.03937269601347722,"standard_error":0.007879593147768121},"slope":{"confidence_interval":{"confidence_level":0.95,"lower_bound":17.172424938156052,"upper_bound":17.192018605467908},"point_estimate":17.180860677112488,"standard_error":0.005017322597857072},"std_dev":{"confidence_interval":{"confidence_level":0.95,"lower_bound":0.10629584812600057,"upper_bound":0.4217091935624504},"point_estimate":0.2731776652903083,"standard_error":0.08883320937270847}}