{"Mean":{"confidence_interval":{"confidence_level":0.95,"lower_bound":463.3852570554268,"upper_bound":471.3015643803267},"point_estimate":466.5058956988204,"standard_error":2.095692507191758},"Median":{"confidence_interval":{"confidence_level":0.95,"lower_bound":461.35043360778656,"upper_bound":462.6716316156092},"point_estimate":461.94652574453613,"standard_error":0.36923952156536716},"MedianAbsDev":{"confidence_interval":{"confidence_level":0.95,"lower_bound":1.5122509955908123,"upper_bound":2.8699726278214595},"point_estimate":2.0927824486080016,"standard_error":0.367061945071913},"Slope":{"confidence_interval":{"confidence_level":0.95,"lower_bound":461.042679773576,"upper_bound":462.027382525271},"point_estimate":461.46942150911997,"standard_error":0.2521370972545846},"StdDev":{"confidence_interval":{"confidence_level":0.95,"lower_bound":5.599942309821888,"upper_bound":34.413760251326295},"point_estimate":21.02249817596594,"standard_error":9.113853233507992}}