{"Mean":{"confidence_interval":{"confidence_level":0.95,"lower_bound":2.7211986847392806,"upper_bound":2.742381192725475},"point_estimate":2.730507200317585,"standard_error":0.005440587239848316},"Median":{"confidence_interval":{"confidence_level":0.95,"lower_bound":2.713970249812683,"upper_bound":2.717081443307456},"point_estimate":2.7152878879957774,"standard_error":0.0008329736993353711},"MedianAbsDev":{"confidence_interval":{"confidence_level":0.95,"lower_bound":0.0048036861849002745,"upper_bound":0.008792683048926605},"point_estimate":0.006777783744342422,"standard_error":0.0010020061155425854},"Slope":{"confidence_interval":{"confidence_level":0.95,"lower_bound":2.712402554338929,"upper_bound":2.7191856167287605},"point_estimate":2.714782647124992,"standard_error":0.0018396009227235443},"StdDev":{"confidence_interval":{"confidence_level":0.95,"lower_bound":0.021778234593802313,"upper_bound":0.07866013709881706},"point_estimate":0.05442064131754019,"standard_error":0.014454814117554508}}