{"Mean":{"confidence_interval":{"confidence_level":0.95,"lower_bound":6.195544072291299,"upper_bound":6.284109613871083},"point_estimate":6.22888844980773,"standard_error":0.024282003584163978},"Median":{"confidence_interval":{"confidence_level":0.95,"lower_bound":6.172575516693164,"upper_bound":6.174310727135804},"point_estimate":6.173174248909543,"standard_error":0.00047825664170573974},"MedianAbsDev":{"confidence_interval":{"confidence_level":0.95,"lower_bound":0.001996966048277388,"upper_bound":0.0046116678520453196},"point_estimate":0.0028350400082253397,"standard_error":0.0006710254808315175},"Slope":{"confidence_interval":{"confidence_level":0.95,"lower_bound":6.211071120234572,"upper_bound":6.256158729280985},"point_estimate":6.233494711429238,"standard_error":0.011496153337581822},"StdDev":{"confidence_interval":{"confidence_level":0.95,"lower_bound":0.05823528737687013,"upper_bound":0.4071145753335094},"point_estimate":0.243654922966614,"standard_error":0.12015623419565713}}