{"Mean":{"confidence_interval":{"confidence_level":0.95,"lower_bound":6.126576873251556,"upper_bound":6.239889911839204},"point_estimate":6.1735795205968795,"standard_error":0.029724321291952183},"Median":{"confidence_interval":{"confidence_level":0.95,"lower_bound":6.123098451684849,"upper_bound":6.124753485149826},"point_estimate":6.123691583636335,"standard_error":0.0004634250228013834},"MedianAbsDev":{"confidence_interval":{"confidence_level":0.95,"lower_bound":0.002052118385270222,"upper_bound":0.0036665192719233016},"point_estimate":0.002604650251436999,"standard_error":0.00043738056183369254},"Slope":{"confidence_interval":{"confidence_level":0.95,"lower_bound":6.111840676976813,"upper_bound":6.139685313482905},"point_estimate":6.124375157821122,"standard_error":0.0071176515870848694},"StdDev":{"confidence_interval":{"confidence_level":0.95,"lower_bound":0.04747468088845769,"upper_bound":0.46619397932151135},"point_estimate":0.299190531388102,"standard_error":0.11207061245051612}}