{"Mean":{"confidence_interval":{"confidence_level":0.95,"lower_bound":11846.29215050412,"upper_bound":11877.738013245948},"point_estimate":11860.519323524202,"standard_error":8.043464899359018},"Median":{"confidence_interval":{"confidence_level":0.95,"lower_bound":11840.637005649718,"upper_bound":11848.854256854256},"point_estimate":11843.18510810757,"standard_error":1.693567352391626},"MedianAbsDev":{"confidence_interval":{"confidence_level":0.95,"lower_bound":12.270533975522348,"upper_bound":24.308882306527586},"point_estimate":18.553715288065497,"standard_error":3.118811568675169},"Slope":{"confidence_interval":{"confidence_level":0.95,"lower_bound":11842.795673410299,"upper_bound":11851.982779284366},"point_estimate":11846.933749780095,"standard_error":2.3620530619204088},"StdDev":{"confidence_interval":{"confidence_level":0.95,"lower_bound":40.35223120051225,"upper_bound":115.64737625376381},"point_estimate":80.91206277888197,"standard_error":19.49481525856416}}