{"Mean":{"confidence_interval":{"confidence_level":0.95,"lower_bound":11.184551487742338,"upper_bound":11.200923208539711},"point_estimate":11.191127558313811,"standard_error":0.004307560972426163},"Median":{"confidence_interval":{"confidence_level":0.95,"lower_bound":11.180396753950829,"upper_bound":11.186158125830454},"point_estimate":11.184425474752834,"standard_error":0.001607333709726138},"MedianAbsDev":{"confidence_interval":{"confidence_level":0.95,"lower_bound":0.009464274654634832,"upper_bound":0.01704624681958862},"point_estimate":0.013335170457515073,"standard_error":0.0019967583176752936},"Slope":{"confidence_interval":{"confidence_level":0.95,"lower_bound":11.18252900519692,"upper_bound":11.189950353695721},"point_estimate":11.185897757684723,"standard_error":0.001901889972398502},"StdDev":{"confidence_interval":{"confidence_level":0.95,"lower_bound":0.015282402566522087,"upper_bound":0.06985292038841011},"point_estimate":0.04322505223599884,"standard_error":0.017788133732236408}}