{"Mean":{"confidence_interval":{"confidence_level":0.95,"lower_bound":3.458335457542471,"upper_bound":3.485709000611935},"point_estimate":3.470492488966739,"standard_error":0.007010212262057415},"Median":{"confidence_interval":{"confidence_level":0.95,"lower_bound":3.447404809261253,"upper_bound":3.452570289704174},"point_estimate":3.450005742437075,"standard_error":0.0015628763883197571},"MedianAbsDev":{"confidence_interval":{"confidence_level":0.95,"lower_bound":0.007103545819562774,"upper_bound":0.014744191830510563},"point_estimate":0.011442241672748996,"standard_error":0.0020784964049757274},"Slope":{"confidence_interval":{"confidence_level":0.95,"lower_bound":3.4461952119350494,"upper_bound":3.4517087217897053},"point_estimate":3.4486842298006724,"standard_error":0.0014135786759927184},"StdDev":{"confidence_interval":{"confidence_level":0.95,"lower_bound":0.029843081960459827,"upper_bound":0.10067483302082328},"point_estimate":0.07047940291166657,"standard_error":0.017969257646212575}}