{"Mean":{"confidence_interval":{"confidence_level":0.95,"lower_bound":3.3115536261428073,"upper_bound":3.3339136817840354},"point_estimate":3.3220478723160807,"standard_error":0.005681849916936774},"Median":{"confidence_interval":{"confidence_level":0.95,"lower_bound":3.2835217951629216,"upper_bound":3.3597237122160486},"point_estimate":3.297964966424744,"standard_error":0.021825727869335905},"MedianAbsDev":{"confidence_interval":{"confidence_level":0.95,"lower_bound":0.017081500219589003,"upper_bound":0.06695975682684366},"point_estimate":0.04389336363357427,"standard_error":0.01368756526528624},"Slope":{"confidence_interval":{"confidence_level":0.95,"lower_bound":3.3320809135978977,"upper_bound":3.3486869759223117},"point_estimate":3.3413361578293483,"standard_error":0.0042526608191385},"StdDev":{"confidence_interval":{"confidence_level":0.95,"lower_bound":0.041417203038481114,"upper_bound":0.07690661772024317},"point_estimate":0.057114046409228056,"standard_error":0.010485985231033956}}