{"mean":{"confidence_interval":{"confidence_level":0.95,"lower_bound":2.3069088744643946,"upper_bound":2.3104852234068174},"point_estimate":2.3083560323210723,"standard_error":0.0009311729729924319},"median":{"confidence_interval":{"confidence_level":0.95,"lower_bound":2.3061036009369715,"upper_bound":2.30745626537364},"point_estimate":2.306816883061655,"standard_error":0.00040209580095916395},"median_abs_dev":{"confidence_interval":{"confidence_level":0.95,"lower_bound":0.0018417454776764623,"upper_bound":0.0028880187879320386},"point_estimate":0.0023097161653915905,"standard_error":0.0002736425768687985},"slope":{"confidence_interval":{"confidence_level":0.95,"lower_bound":2.3066372410801708,"upper_bound":2.307878844340734},"point_estimate":2.3072340798272473,"standard_error":0.00031653587262093146},"std_dev":{"confidence_interval":{"confidence_level":0.95,"lower_bound":0.002499488569002396,"upper_bound":0.01506223791170649},"point_estimate":0.009342571518942655,"standard_error":0.0036507748144963023}}