{"Mean":{"confidence_interval":{"confidence_level":0.95,"lower_bound":42.75897299386671,"upper_bound":43.1209323662653},"point_estimate":42.925254929599056,"standard_error":0.09255828812030178},"Median":{"confidence_interval":{"confidence_level":0.95,"lower_bound":42.538326972010175,"upper_bound":42.65481275207284},"point_estimate":42.59419614571603,"standard_error":0.031151481856702606},"MedianAbsDev":{"confidence_interval":{"confidence_level":0.95,"lower_bound":0.13230104486929276,"upper_bound":0.2805572502765584},"point_estimate":0.20171620583940117,"standard_error":0.03884302024015938},"Slope":{"confidence_interval":{"confidence_level":0.95,"lower_bound":42.57360295155609,"upper_bound":42.80589142956141},"point_estimate":42.675433497804605,"standard_error":0.05941095204807212},"StdDev":{"confidence_interval":{"confidence_level":0.95,"lower_bound":0.5644139246101519,"upper_bound":1.2494577207194981},"point_estimate":0.9333519880260991,"standard_error":0.17548510515774376}}