{"Mean":{"confidence_interval":{"confidence_level":0.95,"lower_bound":4.040167601152551,"upper_bound":4.052933512604627},"point_estimate":4.045678697445222,"standard_error":0.003297799796225489},"Median":{"confidence_interval":{"confidence_level":0.95,"lower_bound":4.037899717648344,"upper_bound":4.038252162623971},"point_estimate":4.038153712620753,"standard_error":0.00008042357963339751},"MedianAbsDev":{"confidence_interval":{"confidence_level":0.95,"lower_bound":0.0005103359543322634,"upper_bound":0.0009570898910029274},"point_estimate":0.0007492024939838961,"standard_error":0.00010109878971982702},"Slope":{"confidence_interval":{"confidence_level":0.95,"lower_bound":4.0401499204331035,"upper_bound":4.05277609899647},"point_estimate":4.045600383861066,"standard_error":0.003279778506825216},"StdDev":{"confidence_interval":{"confidence_level":0.95,"lower_bound":0.012071973145252457,"upper_bound":0.05096873358087267},"point_estimate":0.03331123406757936,"standard_error":0.010525267851838698}}