{"Mean":{"confidence_interval":{"confidence_level":0.95,"lower_bound":6.881849609652298,"upper_bound":6.932533769096725},"point_estimate":6.903108078525661,"standard_error":0.01314102884005291},"Median":{"confidence_interval":{"confidence_level":0.95,"lower_bound":6.873357625606677,"upper_bound":6.873654475170978},"point_estimate":6.873514921741951,"standard_error":0.00008128290997416787},"MedianAbsDev":{"confidence_interval":{"confidence_level":0.95,"lower_bound":0.0002993367855447154,"upper_bound":0.0006894451971031732},"point_estimate":0.0004923832059658427,"standard_error":0.00010468108368070541},"Slope":{"confidence_interval":{"confidence_level":0.95,"lower_bound":6.878686412023674,"upper_bound":6.922892919555566},"point_estimate":6.896638369523506,"standard_error":0.011587416315204442},"StdDev":{"confidence_interval":{"confidence_level":0.95,"lower_bound":0.041269196239215794,"upper_bound":0.208347733177542},"point_estimate":0.13221712616660639,"standard_error":0.04663513194723957}}