{"Mean":{"confidence_interval":{"confidence_level":0.95,"lower_bound":6.891332704477982,"upper_bound":6.938973105103045},"point_estimate":6.9125583541067215,"standard_error":0.012262621268679766},"Median":{"confidence_interval":{"confidence_level":0.95,"lower_bound":6.873341836734694,"upper_bound":6.873763227513228},"point_estimate":6.8735273889961395,"standard_error":0.00009880128241297959},"MedianAbsDev":{"confidence_interval":{"confidence_level":0.95,"lower_bound":0.0004058809800862374,"upper_bound":0.0010598540757406113},"point_estimate":0.0006542888360041289,"standard_error":0.00015887541749818953},"Slope":{"confidence_interval":{"confidence_level":0.95,"lower_bound":6.885026840178449,"upper_bound":6.921493162609225},"point_estimate":6.901051660896367,"standard_error":0.009338937254350149},"StdDev":{"confidence_interval":{"confidence_level":0.95,"lower_bound":0.059181083822676346,"upper_bound":0.17737276877346803},"point_estimate":0.12287615181333487,"standard_error":0.030581335548044646}}