{"Mean":{"confidence_interval":{"confidence_level":0.95,"lower_bound":4.732987229275074,"upper_bound":4.759581781185143},"point_estimate":4.742134789870255,"standard_error":0.008363335497524042},"Median":{"confidence_interval":{"confidence_level":0.95,"lower_bound":4.732450055493896,"upper_bound":4.73312813497492},"point_estimate":4.732783244876899,"standard_error":0.00018933059646153325},"MedianAbsDev":{"confidence_interval":{"confidence_level":0.95,"lower_bound":0.0012075873884504714,"upper_bound":0.0019930532562858995},"point_estimate":0.001541406162562026,"standard_error":0.00020932089741312817},"Slope":{"confidence_interval":{"confidence_level":0.95,"lower_bound":4.733541372742577,"upper_bound":4.765828289731085},"point_estimate":4.744019546269816,"standard_error":0.009333520113692333},"StdDev":{"confidence_interval":{"confidence_level":0.95,"lower_bound":0.003355531594574724,"upper_bound":0.14386042324554582},"point_estimate":0.08398654129799571,"standard_error":0.0504062420449247}}