{"Mean":{"confidence_interval":{"confidence_level":0.95,"lower_bound":2.605932237247921,"upper_bound":2.6143025106054303},"point_estimate":2.6096622728455703,"standard_error":0.002152575726154531},"Median":{"confidence_interval":{"confidence_level":0.95,"lower_bound":2.602926143747757,"upper_bound":2.6051536598213665},"point_estimate":2.6039170729914645,"standard_error":0.0005448679844495203},"MedianAbsDev":{"confidence_interval":{"confidence_level":0.95,"lower_bound":0.003691171271426341,"upper_bound":0.00682314749087541},"point_estimate":0.005240039444825527,"standard_error":0.0007874643567898816},"Slope":{"confidence_interval":{"confidence_level":0.95,"lower_bound":2.6052092687141273,"upper_bound":2.6077179501073835},"point_estimate":2.6064267607358516,"standard_error":0.0006418327517466881},"StdDev":{"confidence_interval":{"confidence_level":0.95,"lower_bound":0.008787737262572004,"upper_bound":0.030905034745629043},"point_estimate":0.0215884338765824,"standard_error":0.00553413425420778}}