{"Mean":{"confidence_interval":{"confidence_level":0.95,"lower_bound":3.016479619438007,"upper_bound":3.0338953646141387},"point_estimate":3.0237995105744284,"standard_error":0.004509627232557158},"Median":{"confidence_interval":{"confidence_level":0.95,"lower_bound":3.010394767894332,"upper_bound":3.0137604671426894},"point_estimate":3.011882149065478,"standard_error":0.0009401116778751784},"MedianAbsDev":{"confidence_interval":{"confidence_level":0.95,"lower_bound":0.004421204180530101,"upper_bound":0.008678769467082037},"point_estimate":0.006541139843083902,"standard_error":0.0012051186949090355},"Slope":{"confidence_interval":{"confidence_level":0.95,"lower_bound":3.009233453262538,"upper_bound":3.011255049234058},"point_estimate":3.010143720475027,"standard_error":0.0005158573812911591},"StdDev":{"confidence_interval":{"confidence_level":0.95,"lower_bound":0.015359925161815028,"upper_bound":0.07122523467111491},"point_estimate":0.04528734027822595,"standard_error":0.01580180927045585}}