{"Mean":{"confidence_interval":{"confidence_level":0.95,"lower_bound":7.987700883317565,"upper_bound":8.034603300039429},"point_estimate":8.009740154335368,"standard_error":0.012042262578050796},"Median":{"confidence_interval":{"confidence_level":0.95,"lower_bound":7.953531795536639,"upper_bound":7.97589782933965},"point_estimate":7.961526731096598,"standard_error":0.006435020187083926},"MedianAbsDev":{"confidence_interval":{"confidence_level":0.95,"lower_bound":0.026881141246254188,"upper_bound":0.05553768463249232},"point_estimate":0.0371267903208161,"standard_error":0.007408078143946961},"Slope":{"confidence_interval":{"confidence_level":0.95,"lower_bound":7.963550430157177,"upper_bound":8.009829149641918},"point_estimate":7.984203416524603,"standard_error":0.011891863083908242},"StdDev":{"confidence_interval":{"confidence_level":0.95,"lower_bound":0.08503947150252934,"upper_bound":0.1508641205338626},"point_estimate":0.12062670433342385,"standard_error":0.016792387769069484}}