{"Mean":{"confidence_interval":{"confidence_level":0.95,"lower_bound":4.0541022751148335,"upper_bound":4.094464855802567},"point_estimate":4.072373776190459,"standard_error":0.010359317747310408},"Median":{"confidence_interval":{"confidence_level":0.95,"lower_bound":4.028965732848181,"upper_bound":4.03754706154814},"point_estimate":4.032433008559157,"standard_error":0.002380294702323794},"MedianAbsDev":{"confidence_interval":{"confidence_level":0.95,"lower_bound":0.0066647735875451026,"upper_bound":0.01813311142633567},"point_estimate":0.011336027012847397,"standard_error":0.002995860014561003},"Slope":{"confidence_interval":{"confidence_level":0.95,"lower_bound":4.0540673989750715,"upper_bound":4.104741256911827},"point_estimate":4.079090311726452,"standard_error":0.012972571990115197},"StdDev":{"confidence_interval":{"confidence_level":0.95,"lower_bound":0.05719918393252933,"upper_bound":0.14672280856713246},"point_estimate":0.10390139838452364,"standard_error":0.023501119080261007}}