{"mean":{"confidence_interval":{"confidence_level":0.95,"lower_bound":32.51527188190548,"upper_bound":32.696539842978154},"point_estimate":32.59815369738008,"standard_error":0.04643930368510494},"median":{"confidence_interval":{"confidence_level":0.95,"lower_bound":32.472979292282666,"upper_bound":32.593193386174576},"point_estimate":32.54630171132174,"standard_error":0.02525673351077393},"median_abs_dev":{"confidence_interval":{"confidence_level":0.95,"lower_bound":0.16414727020477987,"upper_bound":0.28656668196199725},"point_estimate":0.2489280999807167,"standard_error":0.031161035776700003},"slope":{"confidence_interval":{"confidence_level":0.95,"lower_bound":32.3834890487769,"upper_bound":32.56445145219164},"point_estimate":32.4652563266427,"standard_error":0.04638257950389559},"std_dev":{"confidence_interval":{"confidence_level":0.95,"lower_bound":0.2589935994876493,"upper_bound":0.6447112248244559},"point_estimate":0.4645451989811093,"standard_error":0.10069228058088599}}