{"Mean":{"confidence_interval":{"confidence_level":0.95,"lower_bound":1.3533679455636873,"upper_bound":1.3829605840784571},"point_estimate":1.363624730387278,"standard_error":0.009182061562573656},"Median":{"confidence_interval":{"confidence_level":0.95,"lower_bound":1.353755859824161,"upper_bound":1.3558361753771468},"point_estimate":1.3538869429850164,"standard_error":0.0008182990583623617},"MedianAbsDev":{"confidence_interval":{"confidence_level":0.95,"lower_bound":0.002477941980234199,"upper_bound":0.004958576209852021},"point_estimate":0.004129074860122555,"standard_error":0.0008304997160945791},"Slope":{"confidence_interval":{"confidence_level":0.95,"lower_bound":1.3525459401829047,"upper_bound":1.4345037385290953},"point_estimate":1.3789234906082029,"standard_error":0.02444283321150482},"StdDev":{"confidence_interval":{"confidence_level":0.95,"lower_bound":0.00414020478022253,"upper_bound":0.157839568445344},"point_estimate":0.09221812536541284,"standard_error":0.05457219381793514}}