{"Mean":{"confidence_interval":{"confidence_level":0.95,"lower_bound":1.3756444714336309,"upper_bound":1.4051930212185786},"point_estimate":1.3859617163401545,"standard_error":0.009096389338941123},"Median":{"confidence_interval":{"confidence_level":0.95,"lower_bound":1.3733099209833186,"upper_bound":1.3807604136181837},"point_estimate":1.3753806349990914,"standard_error":0.0019955600344651126},"MedianAbsDev":{"confidence_interval":{"confidence_level":0.95,"lower_bound":0.006996071629326699,"upper_bound":0.011267826982827354},"point_estimate":0.008438480521054503,"standard_error":0.0010823938492142608},"Slope":{"confidence_interval":{"confidence_level":0.95,"lower_bound":1.3759650945959194,"upper_bound":1.3994842144440962},"point_estimate":1.3839199165811775,"standard_error":0.006628543056589853},"StdDev":{"confidence_interval":{"confidence_level":0.95,"lower_bound":0.007004762347676319,"upper_bound":0.1565279223112882},"point_estimate":0.0914521110698492,"standard_error":0.05374137925065136}}