{"Mean":{"confidence_interval":{"confidence_level":0.95,"lower_bound":8411.27570980908,"upper_bound":8438.347643068026},"point_estimate":8423.308506512245,"standard_error":6.975081513783585},"Median":{"confidence_interval":{"confidence_level":0.95,"lower_bound":8400.417648029936,"upper_bound":8406.875803623612},"point_estimate":8402.49594362075,"standard_error":1.5895453360476661},"MedianAbsDev":{"confidence_interval":{"confidence_level":0.95,"lower_bound":8.40543532604842,"upper_bound":17.743653324594913},"point_estimate":12.71211334502078,"standard_error":2.243523274975258},"Slope":{"confidence_interval":{"confidence_level":0.95,"lower_bound":8408.185278875091,"upper_bound":8419.057545958802},"point_estimate":8413.416679348684,"standard_error":2.781809152591854},"StdDev":{"confidence_interval":{"confidence_level":0.95,"lower_bound":31.692005115800576,"upper_bound":100.562018959254},"point_estimate":69.86805408115028,"standard_error":17.567323272356084}}