{"mean":{"confidence_interval":{"confidence_level":0.95,"lower_bound":2.0815165985385407,"upper_bound":2.088033753404945},"point_estimate":2.084456471296613,"standard_error":0.0016741145894676023},"median":{"confidence_interval":{"confidence_level":0.95,"lower_bound":2.077603802806232,"upper_bound":2.0794114669833825},"point_estimate":2.0781248571574586,"standard_error":0.00038199384148675334},"median_abs_dev":{"confidence_interval":{"confidence_level":0.95,"lower_bound":0.0019333176607794038,"upper_bound":0.004318312099944541},"point_estimate":0.0028265283486350458,"standard_error":0.0005674042441844943},"slope":{"confidence_interval":{"confidence_level":0.95,"lower_bound":2.079833771322272,"upper_bound":2.0832208061770325},"point_estimate":2.0814215686453155,"standard_error":0.0008641635514645545},"std_dev":{"confidence_interval":{"confidence_level":0.95,"lower_bound":0.008655124940517027,"upper_bound":0.02366569176078944},"point_estimate":0.01685367363441797,"standard_error":0.0038300984378665886}}