{"mean":{"confidence_interval":{"confidence_level":0.95,"lower_bound":25047.24576492493,"upper_bound":25175.84181391893},"point_estimate":25105.694144755464,"standard_error":32.961642581153896},"median":{"confidence_interval":{"confidence_level":0.95,"lower_bound":25006.519728915664,"upper_bound":25035.00135135135},"point_estimate":25014.568001436783,"standard_error":8.211940450292284},"median_abs_dev":{"confidence_interval":{"confidence_level":0.95,"lower_bound":39.89208231125182,"upper_bound":82.96501150784336},"point_estimate":56.86613795736338,"standard_error":11.695611536587277},"slope":{"confidence_interval":{"confidence_level":0.95,"lower_bound":25031.79338034134,"upper_bound":25072.360907131013},"point_estimate":25050.930704078615,"standard_error":10.361062591605322},"std_dev":{"confidence_interval":{"confidence_level":0.95,"lower_bound":170.12090194278696,"upper_bound":461.70255150161637},"point_estimate":332.3059167908614,"standard_error":74.03811273949478}}