{"Mean":{"confidence_interval":{"confidence_level":0.95,"lower_bound":2.218063030311116,"upper_bound":2.2348436634698143},"point_estimate":2.2255136479336426,"standard_error":0.004331726102748966},"Median":{"confidence_interval":{"confidence_level":0.95,"lower_bound":2.21143440086197,"upper_bound":2.2163816867003407},"point_estimate":2.213705980409174,"standard_error":0.0013820578076222559},"MedianAbsDev":{"confidence_interval":{"confidence_level":0.95,"lower_bound":0.0046236854325353875,"upper_bound":0.010233755873681473},"point_estimate":0.007138967669211223,"standard_error":0.0014771896363466118},"Slope":{"confidence_interval":{"confidence_level":0.95,"lower_bound":2.2107641947474406,"upper_bound":2.2149554218287344},"point_estimate":2.212571015894203,"standard_error":0.0010814610824578445},"StdDev":{"confidence_interval":{"confidence_level":0.95,"lower_bound":0.01763980374580415,"upper_bound":0.06275423272803386},"point_estimate":0.043587799527536254,"standard_error":0.01149009797860464}}