{"Mean":{"confidence_interval":{"confidence_level":0.95,"lower_bound":2.2175756996467877,"upper_bound":2.2328266992299763},"point_estimate":2.224300700826291,"standard_error":0.0039059932299190525},"Median":{"confidence_interval":{"confidence_level":0.95,"lower_bound":2.210594204305517,"upper_bound":2.215895856732147},"point_estimate":2.2123966661054224,"standard_error":0.0012425094955149708},"MedianAbsDev":{"confidence_interval":{"confidence_level":0.95,"lower_bound":0.004334369903746929,"upper_bound":0.009573388984496858},"point_estimate":0.0060980536122646626,"standard_error":0.0012182518945484666},"Slope":{"confidence_interval":{"confidence_level":0.95,"lower_bound":2.210500947467833,"upper_bound":2.213504693271445},"point_estimate":2.2118666679234944,"standard_error":0.0007687152525125417},"StdDev":{"confidence_interval":{"confidence_level":0.95,"lower_bound":0.018860564329046096,"upper_bound":0.056424938919942574},"point_estimate":0.03913436190988699,"standard_error":0.009747939993615212}}