{"Mean":{"confidence_interval":{"confidence_level":0.95,"lower_bound":5.62138429702174,"upper_bound":5.64978539754243},"point_estimate":5.632253173096894,"standard_error":0.007605415760738477},"Median":{"confidence_interval":{"confidence_level":0.95,"lower_bound":5.623236251808972,"upper_bound":5.626237718028791},"point_estimate":5.625739503823841,"standard_error":0.0010499926987626634},"MedianAbsDev":{"confidence_interval":{"confidence_level":0.95,"lower_bound":0.0038771840567370613,"upper_bound":0.022062191444582387},"point_estimate":0.009760836503337814,"standard_error":0.005041660513650825},"Slope":{"confidence_interval":{"confidence_level":0.95,"lower_bound":5.617708078074223,"upper_bound":5.623360510825848},"point_estimate":5.620500673973914,"standard_error":0.0014449889841775883},"StdDev":{"confidence_interval":{"confidence_level":0.95,"lower_bound":0.011700486782402285,"upper_bound":0.12697978263340365},"point_estimate":0.07635376755062072,"standard_error":0.035365765335805335}}