{"Mean":{"confidence_interval":{"confidence_level":0.95,"lower_bound":3.593101769630978,"upper_bound":3.6250032213963275},"point_estimate":3.6087467972204967,"standard_error":0.008141733895908656},"Median":{"confidence_interval":{"confidence_level":0.95,"lower_bound":3.5985016046107585,"upper_bound":3.6168480355851678},"point_estimate":3.614483442335344,"standard_error":0.005664040613248034},"MedianAbsDev":{"confidence_interval":{"confidence_level":0.95,"lower_bound":0.07366395316416538,"upper_bound":0.13693291007762198},"point_estimate":0.11762405770822633,"standard_error":0.016179519686837465},"Slope":{"confidence_interval":{"confidence_level":0.95,"lower_bound":3.5839185465880066,"upper_bound":3.6237890503241577},"point_estimate":3.6032639339257027,"standard_error":0.010171285325811559},"StdDev":{"confidence_interval":{"confidence_level":0.95,"lower_bound":0.06899855000556018,"upper_bound":0.0964066337711043},"point_estimate":0.08192182550745365,"standard_error":0.0071580911680065255}}