{"Mean":{"confidence_interval":{"confidence_level":0.95,"lower_bound":5.977633419591491,"upper_bound":6.288175716682615},"point_estimate":6.127257266491507,"standard_error":0.07917098676936139},"Median":{"confidence_interval":{"confidence_level":0.95,"lower_bound":5.709077488889424,"upper_bound":5.72663433225721},"point_estimate":5.714463204350246,"standard_error":0.005266184883707884},"MedianAbsDev":{"confidence_interval":{"confidence_level":0.95,"lower_bound":0.016910231459473096,"upper_bound":0.05339853982531929},"point_estimate":0.026349101424315933,"standard_error":0.009342231631211737},"Slope":{"confidence_interval":{"confidence_level":0.95,"lower_bound":5.83720583416694,"upper_bound":6.110406244615937},"point_estimate":5.958871388944218,"standard_error":0.07001323896768893},"StdDev":{"confidence_interval":{"confidence_level":0.95,"lower_bound":0.652040742080704,"upper_bound":0.9045607960062346},"point_estimate":0.7976682640745257,"standard_error":0.06492413086139841}}