{"Mean":{"confidence_interval":{"confidence_level":0.95,"lower_bound":40.13028132684784,"upper_bound":40.43936120097049},"point_estimate":40.24339140072611,"standard_error":0.08703371378789633},"Median":{"confidence_interval":{"confidence_level":0.95,"lower_bound":40.09620958751393,"upper_bound":40.099908831908834},"point_estimate":40.097726902726905,"standard_error":0.0010427140893289506},"MedianAbsDev":{"confidence_interval":{"confidence_level":0.95,"lower_bound":0.0031350349093768387,"upper_bound":0.008234176661119497},"point_estimate":0.005255554839920584,"standard_error":0.0014369892886182403},"Slope":{"confidence_interval":{"confidence_level":0.95,"lower_bound":40.12080599571667,"upper_bound":40.230517548904274},"point_estimate":40.16476166009253,"standard_error":0.028811700832960672},"StdDev":{"confidence_interval":{"confidence_level":0.95,"lower_bound":0.10331455090159615,"upper_bound":1.4712967302310407},"point_estimate":0.8713289058150973,"standard_error":0.45350957098815653}}