{"Mean":{"confidence_interval":{"confidence_level":0.95,"lower_bound":8.45433869554475,"upper_bound":8.468266979571473},"point_estimate":8.460635019765173,"standard_error":0.003580280849593385},"Median":{"confidence_interval":{"confidence_level":0.95,"lower_bound":8.44972706200337,"upper_bound":8.456223714608875},"point_estimate":8.452571999890639,"standard_error":0.0015286627340282159},"MedianAbsDev":{"confidence_interval":{"confidence_level":0.95,"lower_bound":0.010534232618569858,"upper_bound":0.01714382323740847},"point_estimate":0.014621129438640293,"standard_error":0.0017514470902703363},"Slope":{"confidence_interval":{"confidence_level":0.95,"lower_bound":8.453929482613201,"upper_bound":8.46530541017355},"point_estimate":8.458980075151866,"standard_error":0.002909431500078506},"StdDev":{"confidence_interval":{"confidence_level":0.95,"lower_bound":0.016789837105621843,"upper_bound":0.05001723751436665},"point_estimate":0.03602336535804844,"standard_error":0.008152429153287911}}