{"Mean":{"confidence_interval":{"confidence_level":0.95,"lower_bound":2.032299065005333,"upper_bound":2.0418491715896954},"point_estimate":2.036365401897904,"standard_error":0.0024759081722175278},"Median":{"confidence_interval":{"confidence_level":0.95,"lower_bound":2.0294890617780537,"upper_bound":2.031634270803947},"point_estimate":2.030129188405235,"standard_error":0.0005350490844026479},"MedianAbsDev":{"confidence_interval":{"confidence_level":0.95,"lower_bound":0.0021861015801069943,"upper_bound":0.0046880322380198364},"point_estimate":0.002737977026063126,"standard_error":0.0006217573344655566},"Slope":{"confidence_interval":{"confidence_level":0.95,"lower_bound":2.031488581645343,"upper_bound":2.0383765017698128},"point_estimate":2.0342036038527365,"standard_error":0.0018457767987173624},"StdDev":{"confidence_interval":{"confidence_level":0.95,"lower_bound":0.007270929894853848,"upper_bound":0.03812597954396327},"point_estimate":0.024810676919063284,"standard_error":0.008120252162768123}}