{"Mean":{"confidence_interval":{"confidence_level":0.95,"lower_bound":2.296236635236102,"upper_bound":2.333462325747737},"point_estimate":2.3117267826185453,"standard_error":0.009715127266209971},"Median":{"confidence_interval":{"confidence_level":0.95,"lower_bound":2.2807791426853363,"upper_bound":2.2813815393866506},"point_estimate":2.281027622471565,"standard_error":0.00017281009812179156},"MedianAbsDev":{"confidence_interval":{"confidence_level":0.95,"lower_bound":0.0006119078227340351,"upper_bound":0.0016245556754092777},"point_estimate":0.0009760511856618336,"standard_error":0.00027501197257881975},"Slope":{"confidence_interval":{"confidence_level":0.95,"lower_bound":2.2979266126847664,"upper_bound":2.3315447808691805},"point_estimate":2.313913294336946,"standard_error":0.008605178608929186},"StdDev":{"confidence_interval":{"confidence_level":0.95,"lower_bound":0.03793580616626801,"upper_bound":0.1543335385861277},"point_estimate":0.09768889107980734,"standard_error":0.03605400500784447}}