{"Mean":{"confidence_interval":{"confidence_level":0.95,"lower_bound":2.275996500548606,"upper_bound":2.289840659369446},"point_estimate":2.282080099075106,"standard_error":0.003557724056532687},"Median":{"confidence_interval":{"confidence_level":0.95,"lower_bound":2.272249269717624,"upper_bound":2.272447799768755},"point_estimate":2.2723876617073664,"standard_error":0.00006211481342444615},"MedianAbsDev":{"confidence_interval":{"confidence_level":0.95,"lower_bound":0.00022587584404954,"upper_bound":0.0004525111640353356},"point_estimate":0.000341781166322792,"standard_error":0.00006450187221700261},"Slope":{"confidence_interval":{"confidence_level":0.95,"lower_bound":2.276355333278943,"upper_bound":2.2894470035996157},"point_estimate":2.2824521026597053,"standard_error":0.003359516500360233},"StdDev":{"confidence_interval":{"confidence_level":0.95,"lower_bound":0.015879242635903325,"upper_bound":0.05329930896404157},"point_estimate":0.03567951302521323,"standard_error":0.010088716930707647}}