{"Mean":{"confidence_interval":{"confidence_level":0.95,"lower_bound":2.275806865746264,"upper_bound":2.33024717895028},"point_estimate":2.295485461742219,"standard_error":0.015683080633911852},"Median":{"confidence_interval":{"confidence_level":0.95,"lower_bound":2.272162144109762,"upper_bound":2.2723633261140646},"point_estimate":2.2722158751377357,"standard_error":0.000055027265271038066},"MedianAbsDev":{"confidence_interval":{"confidence_level":0.95,"lower_bound":0.0003965052884872882,"upper_bound":0.0006687817365022948},"point_estimate":0.0005298194957254409,"standard_error":0.00007040277708652209},"Slope":{"confidence_interval":{"confidence_level":0.95,"lower_bound":2.2767937621864576,"upper_bound":2.30635201695254},"point_estimate":2.2893385973467884,"standard_error":0.007723348457239307},"StdDev":{"confidence_interval":{"confidence_level":0.95,"lower_bound":0.013856317047916508,"upper_bound":0.26870290032441857},"point_estimate":0.15825844316352913,"standard_error":0.08556561714254633}}