{"Mean":{"confidence_interval":{"confidence_level":0.95,"lower_bound":6.89084785581805,"upper_bound":6.918520783057094},"point_estimate":6.904036144024696,"standard_error":0.007095317188061655},"Median":{"confidence_interval":{"confidence_level":0.95,"lower_bound":6.873511904761905,"upper_bound":6.874618055555556},"point_estimate":6.874147727272727,"standard_error":0.00033348744080044594},"MedianAbsDev":{"confidence_interval":{"confidence_level":0.95,"lower_bound":0.000643211249588022,"upper_bound":0.002147119490501128},"point_estimate":0.0015012899565116193,"standard_error":0.0004403740522492608},"Slope":{"confidence_interval":{"confidence_level":0.95,"lower_bound":6.881345997205377,"upper_bound":6.9152775913630204},"point_estimate":6.896460873672655,"standard_error":0.008752651553801854},"StdDev":{"confidence_interval":{"confidence_level":0.95,"lower_bound":0.0534338780347547,"upper_bound":0.08405587137454038},"point_estimate":0.07098712191025615,"standard_error":0.007872259618584666}}