{"Mean":{"confidence_interval":{"confidence_level":0.95,"lower_bound":2.0839047525867733,"upper_bound":2.087874867739147},"point_estimate":2.0856100800236197,"standard_error":0.0010193292000075167},"Median":{"confidence_interval":{"confidence_level":0.95,"lower_bound":2.082488708924958,"upper_bound":2.084315719062949},"point_estimate":2.083397466432228,"standard_error":0.0004951413955369456},"MedianAbsDev":{"confidence_interval":{"confidence_level":0.95,"lower_bound":0.002840362850796407,"upper_bound":0.004812081270759307},"point_estimate":0.0038322994118303384,"standard_error":0.0005030772440284837},"Slope":{"confidence_interval":{"confidence_level":0.95,"lower_bound":2.0836949176656745,"upper_bound":2.0865136344162756},"point_estimate":2.085018042109315,"standard_error":0.0007212340613021339},"StdDev":{"confidence_interval":{"confidence_level":0.95,"lower_bound":0.004940865842612054,"upper_bound":0.015759471890596517},"point_estimate":0.010268021565331038,"standard_error":0.0033596457004202054}}