{"Mean":{"confidence_interval":{"confidence_level":0.95,"lower_bound":2.4774206212371874,"upper_bound":2.494086019306846},"point_estimate":2.4846344333419457,"standard_error":0.004327958534648295},"Median":{"confidence_interval":{"confidence_level":0.95,"lower_bound":2.4713100274633675,"upper_bound":2.4732049728403784},"point_estimate":2.4721342745711086,"standard_error":0.00048225175897496713},"MedianAbsDev":{"confidence_interval":{"confidence_level":0.95,"lower_bound":0.002227358084095579,"upper_bound":0.005142312034916577},"point_estimate":0.003348180643825097,"standard_error":0.0007554610426322725},"Slope":{"confidence_interval":{"confidence_level":0.95,"lower_bound":2.479384605855265,"upper_bound":2.491182171728886},"point_estimate":2.4852560441739104,"standard_error":0.0030211543386716696},"StdDev":{"confidence_interval":{"confidence_level":0.95,"lower_bound":0.014123841384681278,"upper_bound":0.06545716512500462},"point_estimate":0.04364248431652439,"standard_error":0.01385856397318649}}