{"Mean":{"confidence_interval":{"confidence_level":0.95,"lower_bound":7.443892236398826,"upper_bound":7.484923448944127},"point_estimate":7.461493786630373,"standard_error":0.010622989047548081},"Median":{"confidence_interval":{"confidence_level":0.95,"lower_bound":7.430492044095232,"upper_bound":7.436500747671683},"point_estimate":7.433320129659638,"standard_error":0.0018145738102275399},"MedianAbsDev":{"confidence_interval":{"confidence_level":0.95,"lower_bound":0.00898169264674842,"upper_bound":0.018369905270549377},"point_estimate":0.013140148325983248,"standard_error":0.0024470330142784403},"Slope":{"confidence_interval":{"confidence_level":0.95,"lower_bound":7.426971042818446,"upper_bound":7.4316816242301815},"point_estimate":7.429115225469023,"standard_error":0.0012020872000254293},"StdDev":{"confidence_interval":{"confidence_level":0.95,"lower_bound":0.038555302560953804,"upper_bound":0.16587564215928274},"point_estimate":0.10721292917914133,"standard_error":0.035064985510596565}}