{"Mean":{"confidence_interval":{"confidence_level":0.95,"lower_bound":7.943332096178045,"upper_bound":7.9576184397162635},"point_estimate":7.949277743925949,"standard_error":0.003723846289523726},"Median":{"confidence_interval":{"confidence_level":0.95,"lower_bound":7.94064985537611,"upper_bound":7.942875435549266},"point_estimate":7.94159766905826,"standard_error":0.0005133723996467958},"MedianAbsDev":{"confidence_interval":{"confidence_level":0.95,"lower_bound":0.0033463644781669363,"upper_bound":0.0061819668558817},"point_estimate":0.0045933734490310775,"standard_error":0.0007299251004359064},"Slope":{"confidence_interval":{"confidence_level":0.95,"lower_bound":7.942231344917657,"upper_bound":7.964034287364087},"point_estimate":7.950147991078354,"standard_error":0.006057592256049433},"StdDev":{"confidence_interval":{"confidence_level":0.95,"lower_bound":0.008008479802892354,"upper_bound":0.058170501027755006},"point_estimate":0.03736516566341103,"standard_error":0.01350060558829129}}