{"Mean":{"confidence_interval":{"confidence_level":0.95,"lower_bound":4.669682549996363,"upper_bound":4.701826486887998},"point_estimate":4.685021223205081,"standard_error":0.00818816098556946},"Median":{"confidence_interval":{"confidence_level":0.95,"lower_bound":4.632227072044953,"upper_bound":4.636978858514223},"point_estimate":4.632992675739363,"standard_error":0.003152390911824793},"MedianAbsDev":{"confidence_interval":{"confidence_level":0.95,"lower_bound":0.0026943132916428933,"upper_bound":0.010279329198147728},"point_estimate":0.0044168281400915515,"standard_error":0.0041277017095950295},"Slope":{"confidence_interval":{"confidence_level":0.95,"lower_bound":4.639006404335426,"upper_bound":4.6741995499120295},"point_estimate":4.653456935492897,"standard_error":0.009152836790981807},"StdDev":{"confidence_interval":{"confidence_level":0.95,"lower_bound":0.06376872114107711,"upper_bound":0.10357173302481454},"point_estimate":0.08213867598925167,"standard_error":0.010821451850038268}}