{"Mean":{"confidence_interval":{"confidence_level":0.95,"lower_bound":7.344594642255676,"upper_bound":7.391018745336413},"point_estimate":7.364655027137091,"standard_error":0.011960971341912053},"Median":{"confidence_interval":{"confidence_level":0.95,"lower_bound":7.331886552088739,"upper_bound":7.341599575397636},"point_estimate":7.335690837216378,"standard_error":0.0025040434596457174},"MedianAbsDev":{"confidence_interval":{"confidence_level":0.95,"lower_bound":0.01338813209207277,"upper_bound":0.021872606461807678},"point_estimate":0.01770750090980446,"standard_error":0.002174394098706853},"Slope":{"confidence_interval":{"confidence_level":0.95,"lower_bound":7.327087780346865,"upper_bound":7.3319932750644705},"point_estimate":7.329365680988061,"standard_error":0.0012550000456865902},"StdDev":{"confidence_interval":{"confidence_level":0.95,"lower_bound":0.03424309146261366,"upper_bound":0.1820647642189595},"point_estimate":0.12020674407170397,"standard_error":0.036962425563268154}}