{"Mean":{"confidence_interval":{"confidence_level":0.95,"lower_bound":3.7389303782812213,"upper_bound":3.864569729511654},"point_estimate":3.783400355470858,"standard_error":0.03737225477038591},"Median":{"confidence_interval":{"confidence_level":0.95,"lower_bound":3.733177243972174,"upper_bound":3.7334433720942046},"point_estimate":3.7332775711463233,"standard_error":0.00006602277035232529},"MedianAbsDev":{"confidence_interval":{"confidence_level":0.95,"lower_bound":0.0004006046544408318,"upper_bound":0.000859127584128343},"point_estimate":0.0006214630261248954,"standard_error":0.00012318991965900816},"Slope":{"confidence_interval":{"confidence_level":0.95,"lower_bound":3.7357453527212976,"upper_bound":3.74986119150335},"point_estimate":3.7419528730552902,"standard_error":0.0036384679498969365},"StdDev":{"confidence_interval":{"confidence_level":0.95,"lower_bound":0.02290899756569345,"upper_bound":0.6426729897270991},"point_estimate":0.3768232993864773,"standard_error":0.213660730154011}}