{"mean":{"confidence_interval":{"confidence_level":0.95,"lower_bound":7.756512114812578,"upper_bound":7.803458625965147},"point_estimate":7.776802857913492,"standard_error":0.012161343776006677},"median":{"confidence_interval":{"confidence_level":0.95,"lower_bound":7.7378447108950885,"upper_bound":7.748708377202094},"point_estimate":7.741814291240628,"standard_error":0.0022712985498497032},"median_abs_dev":{"confidence_interval":{"confidence_level":0.95,"lower_bound":0.01139435249049174,"upper_bound":0.02427248999777259},"point_estimate":0.01644220031141956,"standard_error":0.003058593012818163},"slope":{"confidence_interval":{"confidence_level":0.95,"lower_bound":7.736079104008408,"upper_bound":7.7454995254965135},"point_estimate":7.740047479873652,"standard_error":0.002427058190802414},"std_dev":{"confidence_interval":{"confidence_level":0.95,"lower_bound":0.04626498366661009,"upper_bound":0.1869536850730593},"point_estimate":0.12203448422565286,"standard_error":0.0378318772746213}}