{"Mean":{"confidence_interval":{"confidence_level":0.95,"lower_bound":7.0368993381094835,"upper_bound":7.152992518819324},"point_estimate":7.085078753886509,"standard_error":0.03021227047236456},"Median":{"confidence_interval":{"confidence_level":0.95,"lower_bound":6.986460027536283,"upper_bound":7.000454300138504},"point_estimate":6.991360421074415,"standard_error":0.004068479979410258},"MedianAbsDev":{"confidence_interval":{"confidence_level":0.95,"lower_bound":0.014155509109165743,"upper_bound":0.03492292385128573},"point_estimate":0.02210070519783927,"standard_error":0.005718352609871489},"Slope":{"confidence_interval":{"confidence_level":0.95,"lower_bound":7.050468378723901,"upper_bound":7.339355265650358},"point_estimate":7.166704934266604,"standard_error":0.07691095031060217},"StdDev":{"confidence_interval":{"confidence_level":0.95,"lower_bound":0.11754725243504803,"upper_bound":0.48018634723774833},"point_estimate":0.3032069295815746,"standard_error":0.11247370254070041}}