{"Mean":{"confidence_interval":{"confidence_level":0.95,"lower_bound":2.9305864143521276,"upper_bound":2.9533429640768487},"point_estimate":2.940086736703247,"standard_error":0.005879407993205057},"Median":{"confidence_interval":{"confidence_level":0.95,"lower_bound":2.9226285629989346,"upper_bound":2.924642621893991},"point_estimate":2.923715104498746,"standard_error":0.0004891842344379034},"MedianAbsDev":{"confidence_interval":{"confidence_level":0.95,"lower_bound":0.002567849200382163,"upper_bound":0.0056979854663783075},"point_estimate":0.003947421169707862,"standard_error":0.0008508771506138508},"Slope":{"confidence_interval":{"confidence_level":0.95,"lower_bound":2.9312909055852465,"upper_bound":2.970841673889857},"point_estimate":2.947211600387747,"standard_error":0.010427158244214618},"StdDev":{"confidence_interval":{"confidence_level":0.95,"lower_bound":0.02372817875754008,"upper_bound":0.09273341583175405},"point_estimate":0.059165688395310924,"standard_error":0.021045065122885124}}