{"Mean":{"confidence_interval":{"confidence_level":0.95,"lower_bound":3.7580673807660134,"upper_bound":3.781640483086682},"point_estimate":3.7682606269853487,"standard_error":0.006095895098919416},"Median":{"confidence_interval":{"confidence_level":0.95,"lower_bound":3.748705135753802,"upper_bound":3.7538800755752733},"point_estimate":3.750668914490962,"standard_error":0.0011080917651622546},"MedianAbsDev":{"confidence_interval":{"confidence_level":0.95,"lower_bound":0.00486691940010331,"upper_bound":0.010528071980827218},"point_estimate":0.007503724524994847,"standard_error":0.0013200577823372708},"Slope":{"confidence_interval":{"confidence_level":0.95,"lower_bound":3.747645454127448,"upper_bound":3.7530227802243292},"point_estimate":3.7496447066923553,"standard_error":0.0014464482183101852},"StdDev":{"confidence_interval":{"confidence_level":0.95,"lower_bound":0.02235483062729483,"upper_bound":0.09266587473860664},"point_estimate":0.06118127080198055,"standard_error":0.018139671411534223}}