{"Mean":{"confidence_interval":{"confidence_level":0.95,"lower_bound":2.0433468423988774,"upper_bound":2.073813234592461},"point_estimate":2.0565496885250565,"standard_error":0.007827385562450578},"Median":{"confidence_interval":{"confidence_level":0.95,"lower_bound":2.038619813831004,"upper_bound":2.0411097098272784},"point_estimate":2.0393156890794897,"standard_error":0.0005929851096225627},"MedianAbsDev":{"confidence_interval":{"confidence_level":0.95,"lower_bound":0.0035584284774267633,"upper_bound":0.0069915038529232455},"point_estimate":0.004781992166955066,"standard_error":0.0009568625741119211},"Slope":{"confidence_interval":{"confidence_level":0.95,"lower_bound":2.0415863497034583,"upper_bound":2.0552210404093794},"point_estimate":2.0471559875979186,"standard_error":0.003594107539346443},"StdDev":{"confidence_interval":{"confidence_level":0.95,"lower_bound":0.015615736741289847,"upper_bound":0.11925673145142265},"point_estimate":0.07889401416945906,"standard_error":0.025043128474931245}}