{"Mean":{"confidence_interval":{"confidence_level":0.95,"lower_bound":2.1229329189947146,"upper_bound":2.1823130951198126},"point_estimate":2.147742086773354,"standard_error":0.015367448723405282},"Median":{"confidence_interval":{"confidence_level":0.95,"lower_bound":2.1195448414966416,"upper_bound":2.119853471054528},"point_estimate":2.1196545855089317,"standard_error":0.0000950975709204985},"MedianAbsDev":{"confidence_interval":{"confidence_level":0.95,"lower_bound":0.00041398014169310787,"upper_bound":0.0008339550656649957},"point_estimate":0.000543454141062067,"standard_error":0.00010902226502209294},"Slope":{"confidence_interval":{"confidence_level":0.95,"lower_bound":2.121815715676852,"upper_bound":2.186509199659145},"point_estimate":2.1451758093183773,"standard_error":0.01791706924163483},"StdDev":{"confidence_interval":{"confidence_level":0.95,"lower_bound":0.015301980225357094,"upper_bound":0.24989193012994548},"point_estimate":0.15500004974571777,"standard_error":0.05974663882098779}}