{"Mean":{"confidence_interval":{"confidence_level":0.95,"lower_bound":2.623845150491739,"upper_bound":2.6378494842650246},"point_estimate":2.6304550208416995,"standard_error":0.0035830478220592868},"Median":{"confidence_interval":{"confidence_level":0.95,"lower_bound":2.6137018353758235,"upper_bound":2.6237079072146443},"point_estimate":2.616877656130164,"standard_error":0.0023534640894943386},"MedianAbsDev":{"confidence_interval":{"confidence_level":0.95,"lower_bound":0.010640726284083397,"upper_bound":0.021408620023601433},"point_estimate":0.013954354486452323,"standard_error":0.0025132092047205497},"Slope":{"confidence_interval":{"confidence_level":0.95,"lower_bound":2.6279418921508597,"upper_bound":2.651855112327579},"point_estimate":2.639477796596556,"standard_error":0.0061087651983119835},"StdDev":{"confidence_interval":{"confidence_level":0.95,"lower_bound":0.025333211674076674,"upper_bound":0.04532230413024168},"point_estimate":0.03592425367000237,"standard_error":0.005120584911588658}}