{"Mean":{"confidence_interval":{"confidence_level":0.95,"lower_bound":3.3832449118750114,"upper_bound":3.4036757257711097},"point_estimate":3.3920874151264275,"standard_error":0.0052802590320159175},"Median":{"confidence_interval":{"confidence_level":0.95,"lower_bound":3.375439829659117,"upper_bound":3.3790984859621105},"point_estimate":3.377676987287698,"standard_error":0.0009853318625354366},"MedianAbsDev":{"confidence_interval":{"confidence_level":0.95,"lower_bound":0.0044608703922816954,"upper_bound":0.00947006097131756},"point_estimate":0.0069564000230069555,"standard_error":0.001322744316005715},"Slope":{"confidence_interval":{"confidence_level":0.95,"lower_bound":3.3742017813562675,"upper_bound":3.3774000767611123},"point_estimate":3.375579716924703,"standard_error":0.0008225900664980715},"StdDev":{"confidence_interval":{"confidence_level":0.95,"lower_bound":0.019715942157252336,"upper_bound":0.08071312907524746},"point_estimate":0.05302545829254298,"standard_error":0.016033265698546698}}