{"Mean":{"confidence_interval":{"confidence_level":0.95,"lower_bound":7502.288121082889,"upper_bound":7530.086182104214},"point_estimate":7514.882892901365,"standard_error":7.092362042616604},"Median":{"confidence_interval":{"confidence_level":0.95,"lower_bound":7491.732394701734,"upper_bound":7498.673628248738},"point_estimate":7495.281019225872,"standard_error":1.5688843350824624},"MedianAbsDev":{"confidence_interval":{"confidence_level":0.95,"lower_bound":10.358934739162644,"upper_bound":19.69818597306483},"point_estimate":14.313327596772078,"standard_error":2.46590920792764},"Slope":{"confidence_interval":{"confidence_level":0.95,"lower_bound":7497.770763559007,"upper_bound":7507.9340243759325},"point_estimate":7502.484483881224,"standard_error":2.5946226786709663},"StdDev":{"confidence_interval":{"confidence_level":0.95,"lower_bound":37.876041983612886,"upper_bound":99.44113530859866},"point_estimate":71.2837154749019,"standard_error":15.759817667518771}}