{"Mean":{"confidence_interval":{"confidence_level":0.95,"lower_bound":8939.547368384374,"upper_bound":8971.450763993365},"point_estimate":8953.59496154451,"standard_error":8.208471740105297},"Median":{"confidence_interval":{"confidence_level":0.95,"lower_bound":8927.075909242576,"upper_bound":8931.56383970177},"point_estimate":8928.267087903077,"standard_error":1.2131757479669452},"MedianAbsDev":{"confidence_interval":{"confidence_level":0.95,"lower_bound":7.750833692776663,"upper_bound":17.087472877917474},"point_estimate":12.673698646065027,"standard_error":2.463904868938628},"Slope":{"confidence_interval":{"confidence_level":0.95,"lower_bound":8929.97390963853,"upper_bound":8938.459340229512},"point_estimate":8934.037433570707,"standard_error":2.165785055859049},"StdDev":{"confidence_interval":{"confidence_level":0.95,"lower_bound":36.80125102729069,"upper_bound":120.7795698054385},"point_estimate":82.31320770348027,"standard_error":21.98844642321786}}