{"Mean":{"confidence_interval":{"confidence_level":0.95,"lower_bound":2.8323028151542484,"upper_bound":2.8508597866152465},"point_estimate":2.840516947712022,"standard_error":0.004762883928316419},"Median":{"confidence_interval":{"confidence_level":0.95,"lower_bound":2.8238512386840267,"upper_bound":2.827267574236708},"point_estimate":2.825092859949743,"standard_error":0.0008148986032063388},"MedianAbsDev":{"confidence_interval":{"confidence_level":0.95,"lower_bound":0.0053239209227314305,"upper_bound":0.009957512162566334},"point_estimate":0.007418167448621717,"standard_error":0.0011401334373504794},"Slope":{"confidence_interval":{"confidence_level":0.95,"lower_bound":2.823077460306929,"upper_bound":2.8419964976883407},"point_estimate":2.8317559746131398,"standard_error":0.004803967659628158},"StdDev":{"confidence_interval":{"confidence_level":0.95,"lower_bound":0.023531307613500477,"upper_bound":0.07056761400872116},"point_estimate":0.04783403098136893,"standard_error":0.012709707828190017}}