{"Mean":{"confidence_interval":{"confidence_level":0.95,"lower_bound":7.705043178138757,"upper_bound":7.722861345966647},"point_estimate":7.7126913389632685,"standard_error":0.004601525409744501},"Median":{"confidence_interval":{"confidence_level":0.95,"lower_bound":7.708009772423914,"upper_bound":7.714068173583905},"point_estimate":7.71077684267466,"standard_error":0.0016154428915187437},"MedianAbsDev":{"confidence_interval":{"confidence_level":0.95,"lower_bound":0.009443206446091352,"upper_bound":0.019138258204361915},"point_estimate":0.014023287001180558,"standard_error":0.002404426808727908},"Slope":{"confidence_interval":{"confidence_level":0.95,"lower_bound":7.705692138007143,"upper_bound":7.714007611289314},"point_estimate":7.709762990927524,"standard_error":0.0021152291358221224},"StdDev":{"confidence_interval":{"confidence_level":0.95,"lower_bound":0.020465804227522602,"upper_bound":0.07262833513396758},"point_estimate":0.04634103100303554,"standard_error":0.01624019404168869}}