{"Mean":{"confidence_interval":{"confidence_level":0.95,"lower_bound":7.709116179045997,"upper_bound":7.731086430291196},"point_estimate":7.718779156200413,"standard_error":0.00565911986403545},"Median":{"confidence_interval":{"confidence_level":0.95,"lower_bound":7.710291803205713,"upper_bound":7.717682523801974},"point_estimate":7.715337552041258,"standard_error":0.0019792343164022667},"MedianAbsDev":{"confidence_interval":{"confidence_level":0.95,"lower_bound":0.011968138420052966,"upper_bound":0.02017656253810598},"point_estimate":0.016067383908506778,"standard_error":0.0021427244238595862},"Slope":{"confidence_interval":{"confidence_level":0.95,"lower_bound":7.710824602071502,"upper_bound":7.717497845962779},"point_estimate":7.714104374072132,"standard_error":0.0017015650372592481},"StdDev":{"confidence_interval":{"confidence_level":0.95,"lower_bound":0.022040432528699323,"upper_bound":0.08703745602973596},"point_estimate":0.05699057127397901,"standard_error":0.017352220773418647}}