{"Mean":{"confidence_interval":{"confidence_level":0.95,"lower_bound":7.785664273233956,"upper_bound":7.845021723308527},"point_estimate":7.8116804347087445,"standard_error":0.01525604056592147},"Median":{"confidence_interval":{"confidence_level":0.95,"lower_bound":7.758913129880872,"upper_bound":7.786018551341132},"point_estimate":7.769469346151878,"standard_error":0.006456293861200966},"MedianAbsDev":{"confidence_interval":{"confidence_level":0.95,"lower_bound":0.0415238498367688,"upper_bound":0.07596215604936715},"point_estimate":0.055066563946661214,"standard_error":0.00880867795987036},"Slope":{"confidence_interval":{"confidence_level":0.95,"lower_bound":7.794027865689158,"upper_bound":7.902218984959175},"point_estimate":7.839791666809996,"standard_error":0.028170802683504182},"StdDev":{"confidence_interval":{"confidence_level":0.95,"lower_bound":0.07785607391207115,"upper_bound":0.23070218262497852},"point_estimate":0.15362436287628914,"standard_error":0.0454760621002266}}