{"Mean":{"confidence_interval":{"confidence_level":0.95,"lower_bound":2.5348817302714246,"upper_bound":2.551793349858704},"point_estimate":2.5421747921500617,"standard_error":0.004369026248039363},"Median":{"confidence_interval":{"confidence_level":0.95,"lower_bound":2.531095950617501,"upper_bound":2.5324112994155925},"point_estimate":2.531785325028082,"standard_error":0.00035040718554483943},"MedianAbsDev":{"confidence_interval":{"confidence_level":0.95,"lower_bound":0.0024120707095540935,"upper_bound":0.004435580012311772},"point_estimate":0.0033017722457368377,"standard_error":0.0005044348946904772},"Slope":{"confidence_interval":{"confidence_level":0.95,"lower_bound":2.533106758556559,"upper_bound":2.5367963221286822},"point_estimate":2.5348405391288513,"standard_error":0.0009413209875652681},"StdDev":{"confidence_interval":{"confidence_level":0.95,"lower_bound":0.01047325026383051,"upper_bound":0.06644841374205832},"point_estimate":0.04395653772159361,"standard_error":0.014028941694396821}}