{"mean":{"confidence_interval":{"confidence_level":0.95,"lower_bound":1629.8506654680505,"upper_bound":1632.2473658657377},"point_estimate":1630.993660966827,"standard_error":0.6137135777294521},"median":{"confidence_interval":{"confidence_level":0.95,"lower_bound":1627.8917143118213,"upper_bound":1629.4697574013157},"point_estimate":1628.6195167932497,"standard_error":0.4199877762978191},"median_abs_dev":{"confidence_interval":{"confidence_level":0.95,"lower_bound":2.2755653764865205,"upper_bound":5.163514168648536},"point_estimate":3.4839493076651156,"standard_error":0.6899016585045442},"slope":{"confidence_interval":{"confidence_level":0.95,"lower_bound":1628.8623669076562,"upper_bound":1631.4134757424342},"point_estimate":1630.0439542954198,"standard_error":0.651477601835087},"std_dev":{"confidence_interval":{"confidence_level":0.95,"lower_bound":4.486323739299991,"upper_bound":7.632997346547532},"point_estimate":6.166035736462156,"standard_error":0.8038606758879044}}