{"Mean":{"confidence_interval":{"confidence_level":0.95,"lower_bound":6.997986140966614,"upper_bound":7.040582365340859},"point_estimate":7.016370640266164,"standard_error":0.010987556668110873},"Median":{"confidence_interval":{"confidence_level":0.95,"lower_bound":6.981021817569552,"upper_bound":6.98988978011903},"point_estimate":6.985462152648692,"standard_error":0.003053036674091477},"MedianAbsDev":{"confidence_interval":{"confidence_level":0.95,"lower_bound":0.008419981029556935,"upper_bound":0.019866477429258768},"point_estimate":0.013523735004162108,"standard_error":0.00332460173694191},"Slope":{"confidence_interval":{"confidence_level":0.95,"lower_bound":6.979194606120518,"upper_bound":6.982725114810363},"point_estimate":6.980744996569979,"standard_error":0.0008984565371057377},"StdDev":{"confidence_interval":{"confidence_level":0.95,"lower_bound":0.04139929237750281,"upper_bound":0.16832323247760433},"point_estimate":0.11025876257319187,"standard_error":0.03343501852266981}}