{"Mean":{"confidence_interval":{"confidence_level":0.95,"lower_bound":5.706909085152001,"upper_bound":5.74347013964185},"point_estimate":5.72291559672372,"standard_error":0.00939166164011631},"Median":{"confidence_interval":{"confidence_level":0.95,"lower_bound":5.698212907301359,"upper_bound":5.706552053706114},"point_estimate":5.700779468885418,"standard_error":0.0018705645537387217},"MedianAbsDev":{"confidence_interval":{"confidence_level":0.95,"lower_bound":0.00840686754504482,"upper_bound":0.017701274474571094},"point_estimate":0.011476408983389636,"standard_error":0.002303067296162862},"Slope":{"confidence_interval":{"confidence_level":0.95,"lower_bound":5.681691351631022,"upper_bound":5.696571924995419},"point_estimate":5.6890271507033345,"standard_error":0.003802287756093512},"StdDev":{"confidence_interval":{"confidence_level":0.95,"lower_bound":0.03882176649390003,"upper_bound":0.1405834848041078},"point_estimate":0.09375042392477623,"standard_error":0.026529588092266503}}