{"Mean":{"confidence_interval":{"confidence_level":0.95,"lower_bound":2.645327426009392,"upper_bound":2.6561185530084144},"point_estimate":2.650379763187285,"standard_error":0.0027537936714210525},"Median":{"confidence_interval":{"confidence_level":0.95,"lower_bound":2.634323400049344,"upper_bound":2.6448467214149183},"point_estimate":2.6372144838049127,"standard_error":0.0028646877927983633},"MedianAbsDev":{"confidence_interval":{"confidence_level":0.95,"lower_bound":0.00622577827070961,"upper_bound":0.022095752373628146},"point_estimate":0.01060440291363254,"standard_error":0.004012683810584386},"Slope":{"confidence_interval":{"confidence_level":0.95,"lower_bound":2.6529587694382193,"upper_bound":2.6617287096469395},"point_estimate":2.6575857931818168,"standard_error":0.002238877934330045},"StdDev":{"confidence_interval":{"confidence_level":0.95,"lower_bound":0.01898012334107794,"upper_bound":0.03612695530830053},"point_estimate":0.027643587024599275,"standard_error":0.004443168844750169}}