{"mean":{"confidence_interval":{"confidence_level":0.95,"lower_bound":5.520709241811303,"upper_bound":5.55552331830645},"point_estimate":5.536149949006304,"standard_error":0.008945009616907106},"median":{"confidence_interval":{"confidence_level":0.95,"lower_bound":5.503893052226693,"upper_bound":5.513918876326715},"point_estimate":5.507271100401141,"standard_error":0.0023540365413808532},"median_abs_dev":{"confidence_interval":{"confidence_level":0.95,"lower_bound":0.008391908717961739,"upper_bound":0.02049039554912214},"point_estimate":0.012743551793160994,"standard_error":0.0029317972334797792},"slope":{"confidence_interval":{"confidence_level":0.95,"lower_bound":5.5026511463433145,"upper_bound":5.512207827077921},"point_estimate":5.5063613061439804,"standard_error":0.0025025963233417277},"std_dev":{"confidence_interval":{"confidence_level":0.95,"lower_bound":0.0427115192591556,"upper_bound":0.1331470103224976},"point_estimate":0.09004371886555335,"standard_error":0.02433762541483053}}