{"Mean":{"confidence_interval":{"confidence_level":0.95,"lower_bound":2.852712848503775,"upper_bound":2.8807139278236256},"point_estimate":2.865229790964773,"standard_error":0.007196219772578298},"Median":{"confidence_interval":{"confidence_level":0.95,"lower_bound":2.833962044776312,"upper_bound":2.835247535137403},"point_estimate":2.8344749079011775,"standard_error":0.00037638733123824907},"MedianAbsDev":{"confidence_interval":{"confidence_level":0.95,"lower_bound":0.003195278415804015,"upper_bound":0.0061339464111130025},"point_estimate":0.004438242914771622,"standard_error":0.0008073827867041145},"Slope":{"confidence_interval":{"confidence_level":0.95,"lower_bound":2.8602797083337697,"upper_bound":2.8854385164158516},"point_estimate":2.872513535823304,"standard_error":0.006429187448341385},"StdDev":{"confidence_interval":{"confidence_level":0.95,"lower_bound":0.03780749068168588,"upper_bound":0.10553185347337594},"point_estimate":0.07224109112268139,"standard_error":0.018313438467266095}}