{"Mean":{"confidence_interval":{"confidence_level":0.95,"lower_bound":40.34100374617501,"upper_bound":40.643320733098015},"point_estimate":40.47650564125601,"standard_error":0.07779649944710045},"Median":{"confidence_interval":{"confidence_level":0.95,"lower_bound":40.186266634307756,"upper_bound":40.25981411827958},"point_estimate":40.21720710029673,"standard_error":0.02079288073333539},"MedianAbsDev":{"confidence_interval":{"confidence_level":0.95,"lower_bound":0.09122850874686741,"upper_bound":0.18687398944900055},"point_estimate":0.13466690277557453,"standard_error":0.026403909900056692},"Slope":{"confidence_interval":{"confidence_level":0.95,"lower_bound":40.19332495603403,"upper_bound":40.353520604047795},"point_estimate":40.26548235464861,"standard_error":0.041069364614729265},"StdDev":{"confidence_interval":{"confidence_level":0.95,"lower_bound":0.39201681339230643,"upper_bound":1.0950843943482145},"point_estimate":0.7787384314127447,"standard_error":0.18072388355877805}}