{"Mean":{"confidence_interval":{"confidence_level":0.95,"lower_bound":10.617986856895547,"upper_bound":10.679761880254214},"point_estimate":10.645101600991843,"standard_error":0.015912907907272195},"Median":{"confidence_interval":{"confidence_level":0.95,"lower_bound":10.593049550996913,"upper_bound":10.608737618426648},"point_estimate":10.597190957672687,"standard_error":0.003970557522012039},"MedianAbsDev":{"confidence_interval":{"confidence_level":0.95,"lower_bound":0.01974648984124767,"upper_bound":0.03937753240857408},"point_estimate":0.026831265233781543,"standard_error":0.005269234942922562},"Slope":{"confidence_interval":{"confidence_level":0.95,"lower_bound":10.585510575646849,"upper_bound":10.597915971525136},"point_estimate":10.59114530275185,"standard_error":0.0031629333771228526},"StdDev":{"confidence_interval":{"confidence_level":0.95,"lower_bound":0.07000007422543353,"upper_bound":0.24171728323235842},"point_estimate":0.16072089095044534,"standard_error":0.046815638653081984}}