{"Mean":{"confidence_interval":{"confidence_level":0.95,"lower_bound":26201.93177942063,"upper_bound":26314.98950369746},"point_estimate":26253.272734057784,"standard_error":28.9510357216782},"Median":{"confidence_interval":{"confidence_level":0.95,"lower_bound":26147.804709141274,"upper_bound":26171.59812156654},"point_estimate":26157.462851456374,"standard_error":5.959774318378717},"MedianAbsDev":{"confidence_interval":{"confidence_level":0.95,"lower_bound":28.84249732557794,"upper_bound":58.40856621762427},"point_estimate":41.640287138883416,"standard_error":7.253802983846639},"Slope":{"confidence_interval":{"confidence_level":0.95,"lower_bound":26173.646462227953,"upper_bound":26215.91734223606},"point_estimate":26193.640178031157,"standard_error":10.823311680970683},"StdDev":{"confidence_interval":{"confidence_level":0.95,"lower_bound":153.20679839634815,"upper_bound":400.97313082185644},"point_estimate":290.8495828823766,"standard_error":62.927369024146365}}