{"Mean":{"confidence_interval":{"confidence_level":0.95,"lower_bound":618.1541887906166,"upper_bound":627.328125651354},"point_estimate":622.2762837813483,"standard_error":2.360513690066057},"Median":{"confidence_interval":{"confidence_level":0.95,"lower_bound":613.8109178659179,"upper_bound":616.8273424300355},"point_estimate":614.813483782893,"standard_error":0.8384992214843401},"MedianAbsDev":{"confidence_interval":{"confidence_level":0.95,"lower_bound":4.0041617941783905,"upper_bound":7.403890962499495},"point_estimate":5.40552875021744,"standard_error":0.911720418436982},"Slope":{"confidence_interval":{"confidence_level":0.95,"lower_bound":612.1601352805231,"upper_bound":613.6573930941688},"point_estimate":612.8325757651401,"standard_error":0.3833797954614543},"StdDev":{"confidence_interval":{"confidence_level":0.95,"lower_bound":12.026274776273905,"upper_bound":33.21744510627776},"point_estimate":23.69314224225341,"standard_error":5.398411453507695}}