{"Mean":{"confidence_interval":{"confidence_level":0.95,"lower_bound":2.010105395388482,"upper_bound":2.0384992602279595},"point_estimate":2.0206797247481734,"standard_error":0.007708576357064141},"Median":{"confidence_interval":{"confidence_level":0.95,"lower_bound":2.0085703837717332,"upper_bound":2.009393803249073},"point_estimate":2.008959821751911,"standard_error":0.00021303549550817774},"MedianAbsDev":{"confidence_interval":{"confidence_level":0.95,"lower_bound":0.0013867914437444124,"upper_bound":0.002789059996996212},"point_estimate":0.0019743272015803545,"standard_error":0.00037051306695437596},"Slope":{"confidence_interval":{"confidence_level":0.95,"lower_bound":2.0098721142376594,"upper_bound":2.039290224596005},"point_estimate":2.0208109734130444,"standard_error":0.008012500273733403},"StdDev":{"confidence_interval":{"confidence_level":0.95,"lower_bound":0.004519638070470309,"upper_bound":0.12981176489908244},"point_estimate":0.07772761029119374,"standard_error":0.037774663892983874}}