{"Mean":{"confidence_interval":{"confidence_level":0.95,"lower_bound":2.0108914191462506,"upper_bound":2.0166312368666084},"point_estimate":2.013416824887318,"standard_error":0.0014790857617310684},"Median":{"confidence_interval":{"confidence_level":0.95,"lower_bound":2.0082883768882285,"upper_bound":2.0096868874188907},"point_estimate":2.008592927441271,"standard_error":0.00037814428009174127},"MedianAbsDev":{"confidence_interval":{"confidence_level":0.95,"lower_bound":0.001696172723955031,"upper_bound":0.0035145692378821852},"point_estimate":0.0025517823716730685,"standard_error":0.00046650265980205147},"Slope":{"confidence_interval":{"confidence_level":0.95,"lower_bound":2.009298643897414,"upper_bound":2.013158093871916},"point_estimate":2.0108576005733596,"standard_error":0.0010173315687320426},"StdDev":{"confidence_interval":{"confidence_level":0.95,"lower_bound":0.006231038351004773,"upper_bound":0.021548483447237664},"point_estimate":0.01486848832101223,"standard_error":0.003986559059615955}}