{"Mean":{"confidence_interval":{"confidence_level":0.95,"lower_bound":20.949397569199085,"upper_bound":21.088744501162456},"point_estimate":21.01036711024829,"standard_error":0.036008609815764425},"Median":{"confidence_interval":{"confidence_level":0.95,"lower_bound":20.893002114288386,"upper_bound":20.93808374467673},"point_estimate":20.917660484195416,"standard_error":0.012362164635991421},"MedianAbsDev":{"confidence_interval":{"confidence_level":0.95,"lower_bound":0.05467030162834348,"upper_bound":0.10360704144483697},"point_estimate":0.0716656571764636,"standard_error":0.013182289665932186},"Slope":{"confidence_interval":{"confidence_level":0.95,"lower_bound":20.881475048214835,"upper_bound":20.904297238049217},"point_estimate":20.89219125941421,"standard_error":0.005837678642235714},"StdDev":{"confidence_interval":{"confidence_level":0.95,"lower_bound":0.15287192959941792,"upper_bound":0.5421832964844956},"point_estimate":0.36055356653615805,"standard_error":0.10376149524961877}}