{"Mean":{"confidence_interval":{"confidence_level":0.95,"lower_bound":20.914222825350926,"upper_bound":21.11590557735397},"point_estimate":21.00095282749325,"standard_error":0.05204389446575205},"Median":{"confidence_interval":{"confidence_level":0.95,"lower_bound":20.84818358576049,"upper_bound":20.888256809938405},"point_estimate":20.867992664890767,"standard_error":0.010108388559060034},"MedianAbsDev":{"confidence_interval":{"confidence_level":0.95,"lower_bound":0.04771731729286071,"upper_bound":0.09247606721177278},"point_estimate":0.07112098076376333,"standard_error":0.012009248707034174},"Slope":{"confidence_interval":{"confidence_level":0.95,"lower_bound":20.84331539535559,"upper_bound":20.988783280336797},"point_estimate":20.892267396135125,"standard_error":0.04074882042446536},"StdDev":{"confidence_interval":{"confidence_level":0.95,"lower_bound":0.17906094753385543,"upper_bound":0.8061865041171438},"point_estimate":0.5242394056917928,"standard_error":0.16631464776006272}}