{"Mean":{"confidence_interval":{"confidence_level":0.95,"lower_bound":8.000108077070424,"upper_bound":8.072368421408251},"point_estimate":8.035401214382729,"standard_error":0.018510894204290175},"Median":{"confidence_interval":{"confidence_level":0.95,"lower_bound":7.960765157423751,"upper_bound":8.046090477672603},"point_estimate":7.995532860153194,"standard_error":0.02057130543105563},"MedianAbsDev":{"confidence_interval":{"confidence_level":0.95,"lower_bound":0.13003749149018046,"upper_bound":0.2154493968564247},"point_estimate":0.1641923635962376,"standard_error":0.020762464892394066},"Slope":{"confidence_interval":{"confidence_level":0.95,"lower_bound":7.976850394666307,"upper_bound":8.062715014558503},"point_estimate":8.01858091507873,"standard_error":0.021909275817689398},"StdDev":{"confidence_interval":{"confidence_level":0.95,"lower_bound":0.1524476403052984,"upper_bound":0.21541632878411715},"point_estimate":0.18571381673841883,"standard_error":0.01609363164747921}}