{"Mean":{"confidence_interval":{"confidence_level":0.95,"lower_bound":2.4249471654591703,"upper_bound":2.490281910285236},"point_estimate":2.455924056818061,"standard_error":0.01675622454992991},"Median":{"confidence_interval":{"confidence_level":0.95,"lower_bound":2.389485423799149,"upper_bound":2.389620292561469},"point_estimate":2.3895534165312213,"standard_error":0.000033797948471901755},"MedianAbsDev":{"confidence_interval":{"confidence_level":0.95,"lower_bound":0.00020961568140603537,"upper_bound":0.0004503928853864169},"point_estimate":0.0003214747156341766,"standard_error":0.00006229013429086847},"Slope":{"confidence_interval":{"confidence_level":0.95,"lower_bound":2.4540652947165236,"upper_bound":2.5708528907507744},"point_estimate":2.5099864094858835,"standard_error":0.029796005520294218},"StdDev":{"confidence_interval":{"confidence_level":0.95,"lower_bound":0.1240441584842996,"upper_bound":0.2013887796252338},"point_estimate":0.16842171709527967,"standard_error":0.019732228177235255}}