{"Mean":{"confidence_interval":{"confidence_level":0.95,"lower_bound":47.632065506127056,"upper_bound":47.92372506109354},"point_estimate":47.75939834768317,"standard_error":0.0750642125345039},"Median":{"confidence_interval":{"confidence_level":0.95,"lower_bound":47.51659037631947,"upper_bound":47.5939533852446},"point_estimate":47.547680261587004,"standard_error":0.01871965270092588},"MedianAbsDev":{"confidence_interval":{"confidence_level":0.95,"lower_bound":0.10622789536501996,"upper_bound":0.20692261675197607},"point_estimate":0.14014980103792765,"standard_error":0.025071886411653907},"Slope":{"confidence_interval":{"confidence_level":0.95,"lower_bound":47.53045144191438,"upper_bound":47.59201989223319},"point_estimate":47.560088588961584,"standard_error":0.015691330632971935},"StdDev":{"confidence_interval":{"confidence_level":0.95,"lower_bound":0.3395963783449231,"upper_bound":1.1312717413428528},"point_estimate":0.7536544080690007,"standard_error":0.2173575155908721}}