{"Mean":{"confidence_interval":{"confidence_level":0.95,"lower_bound":1.7581727320362524,"upper_bound":1.7656728077191945},"point_estimate":1.7610974805372148,"standard_error":0.0019966033126759446},"Median":{"confidence_interval":{"confidence_level":0.95,"lower_bound":1.7573136261123643,"upper_bound":1.7578225496983428},"point_estimate":1.7574855729915349,"standard_error":0.0001395100211429072},"MedianAbsDev":{"confidence_interval":{"confidence_level":0.95,"lower_bound":0.0009452869860802833,"upper_bound":0.001629685915620313},"point_estimate":0.0013009276272186111,"standard_error":0.0001689681003731956},"Slope":{"confidence_interval":{"confidence_level":0.95,"lower_bound":1.7580252269036414,"upper_bound":1.7714264442526177},"point_estimate":1.7626121494516926,"standard_error":0.0038491499881677734},"StdDev":{"confidence_interval":{"confidence_level":0.95,"lower_bound":0.0030613081710295724,"upper_bound":0.03321527919606376},"point_estimate":0.020133672590665442,"standard_error":0.008979988168452689}}