{"mean":{"confidence_interval":{"confidence_level":0.95,"lower_bound":89.45042210960565,"upper_bound":89.89792237601588},"point_estimate":89.64893078193478,"standard_error":0.11542915651957578},"median":{"confidence_interval":{"confidence_level":0.95,"lower_bound":89.25826233361859,"upper_bound":89.4176889235184},"point_estimate":89.32987891755269,"standard_error":0.04050986323804578},"median_abs_dev":{"confidence_interval":{"confidence_level":0.95,"lower_bound":0.17867881780777223,"upper_bound":0.3666369959283953},"point_estimate":0.26628646522904226,"standard_error":0.04807731451591486},"slope":{"confidence_interval":{"confidence_level":0.95,"lower_bound":89.24249018493968,"upper_bound":89.44788098064619},"point_estimate":89.32900286275593,"standard_error":0.05318372265852783},"std_dev":{"confidence_interval":{"confidence_level":0.95,"lower_bound":0.5267597475133022,"upper_bound":1.7226438150721846},"point_estimate":1.1626325816792806,"standard_error":0.31594206765544147}}