{"Mean":{"confidence_interval":{"confidence_level":0.95,"lower_bound":7.878423821854035,"upper_bound":8.009742543828779},"point_estimate":7.9380567207232335,"standard_error":0.033485702210817876},"Median":{"confidence_interval":{"confidence_level":0.95,"lower_bound":7.876414749908726,"upper_bound":7.878123605533244},"point_estimate":7.877056688291628,"standard_error":0.00044391516094870897},"MedianAbsDev":{"confidence_interval":{"confidence_level":0.95,"lower_bound":0.0033037234865533555,"upper_bound":0.09229123033167416},"point_estimate":0.022505135782852913,"standard_error":0.027500105794388743},"Slope":{"confidence_interval":{"confidence_level":0.95,"lower_bound":7.876446623703083,"upper_bound":7.9994096026097505},"point_estimate":7.935091870363084,"standard_error":0.03119814436653897},"StdDev":{"confidence_interval":{"confidence_level":0.95,"lower_bound":0.19807740536245164,"upper_bound":0.48327927026640377},"point_estimate":0.337150349139378,"standard_error":0.0792923996667778}}