{"Mean":{"confidence_interval":{"confidence_level":0.95,"lower_bound":7.865827820871276,"upper_bound":7.994491305576495},"point_estimate":7.919150297886202,"standard_error":0.033321621471546804},"Median":{"confidence_interval":{"confidence_level":0.95,"lower_bound":7.876372932879294,"upper_bound":7.877008804190349},"point_estimate":7.8765523883293715,"standard_error":0.00015749814712219082},"MedianAbsDev":{"confidence_interval":{"confidence_level":0.95,"lower_bound":0.0009351599247595371,"upper_bound":0.001909486547359621},"point_estimate":0.0013230803403700587,"standard_error":0.00024632429645563323},"Slope":{"confidence_interval":{"confidence_level":0.95,"lower_bound":7.856504627811513,"upper_bound":7.93230801513415},"point_estimate":7.890011930278793,"standard_error":0.019397520644217486},"StdDev":{"confidence_interval":{"confidence_level":0.95,"lower_bound":0.10642567282794707,"upper_bound":0.5311440262086425},"point_estimate":0.3335746035312762,"standard_error":0.12290237261546252}}