{"Mean":{"confidence_interval":{"confidence_level":0.95,"lower_bound":2.1756861880664706,"upper_bound":2.186175249251135},"point_estimate":2.179912147513997,"standard_error":0.0027467448654857527},"Median":{"confidence_interval":{"confidence_level":0.95,"lower_bound":2.173011429036206,"upper_bound":2.180442539123657},"point_estimate":2.180349006670879,"standard_error":0.0025298948918335454},"MedianAbsDev":{"confidence_interval":{"confidence_level":0.95,"lower_bound":0.002470661766687626,"upper_bound":0.011720769319026058},"point_estimate":0.009111958334698446,"standard_error":0.002215207765035632},"Slope":{"confidence_interval":{"confidence_level":0.95,"lower_bound":2.1747496528259895,"upper_bound":2.181710124235412},"point_estimate":2.1776443937976446,"standard_error":0.001800458886990529},"StdDev":{"confidence_interval":{"confidence_level":0.95,"lower_bound":0.007893259381360271,"upper_bound":0.04475527620255571},"point_estimate":0.027653987636265493,"standard_error":0.0112147106593203}}