{"Mean":{"confidence_interval":{"confidence_level":0.95,"lower_bound":1.3447797491836448,"upper_bound":1.3481149907226766},"point_estimate":1.3462859587190759,"standard_error":0.0008542254146954275},"Median":{"confidence_interval":{"confidence_level":0.95,"lower_bound":1.341076760934481,"upper_bound":1.3492378829449558},"point_estimate":1.3490837907966364,"standard_error":0.002345918306510451},"MedianAbsDev":{"confidence_interval":{"confidence_level":0.95,"lower_bound":0.0003200052553796039,"upper_bound":0.008594027600807002},"point_estimate":0.003895818408719497,"standard_error":0.0024771011494757913},"Slope":{"confidence_interval":{"confidence_level":0.95,"lower_bound":1.3449881343589425,"upper_bound":1.3505524212622881},"point_estimate":1.3472782736796978,"standard_error":0.0014567396451730195},"StdDev":{"confidence_interval":{"confidence_level":0.95,"lower_bound":0.004580030153059265,"upper_bound":0.012315480034048967},"point_estimate":0.008576448024530508,"standard_error":0.0021101703073737165}}