{"mean":{"confidence_interval":{"confidence_level":0.95,"lower_bound":17.40601149935895,"upper_bound":17.717366877248423},"point_estimate":17.544542361671727,"standard_error":0.0797014708419632},"median":{"confidence_interval":{"confidence_level":0.95,"lower_bound":17.29207329163165,"upper_bound":17.421932451112383},"point_estimate":17.357041589385062,"standard_error":0.029546850331846883},"median_abs_dev":{"confidence_interval":{"confidence_level":0.95,"lower_bound":0.21666475261812385,"upper_bound":0.3832838258951376},"point_estimate":0.2945920223932584,"standard_error":0.04067473990402146},"slope":{"confidence_interval":{"confidence_level":0.95,"lower_bound":17.193540917504524,"upper_bound":17.322519382654466},"point_estimate":17.254985389319266,"standard_error":0.0329290749237573},"std_dev":{"confidence_interval":{"confidence_level":0.95,"lower_bound":0.3939665986549032,"upper_bound":1.1555862840671032},"point_estimate":0.7967373132693956,"standard_error":0.19943324423093545}}