{"Mean":{"confidence_interval":{"confidence_level":0.95,"lower_bound":1.1698117893528868,"upper_bound":1.1782992699494534},"point_estimate":1.173648145563957,"standard_error":0.0021745445169677226},"Median":{"confidence_interval":{"confidence_level":0.95,"lower_bound":1.1654915210528236,"upper_bound":1.1684982393804528},"point_estimate":1.1662226137479679,"standard_error":0.000788197125413999},"MedianAbsDev":{"confidence_interval":{"confidence_level":0.95,"lower_bound":0.0020969623823283317,"upper_bound":0.005545248953865229},"point_estimate":0.003324682399450417,"standard_error":0.0008425585682125031},"Slope":{"confidence_interval":{"confidence_level":0.95,"lower_bound":1.165867406160534,"upper_bound":1.1723770260994353},"point_estimate":1.1684402590228284,"standard_error":0.0017161421971014152},"StdDev":{"confidence_interval":{"confidence_level":0.95,"lower_bound":0.01156008334368597,"upper_bound":0.03052188376859387},"point_estimate":0.021782208825732355,"standard_error":0.004893292598205325}}