{"Mean":{"confidence_interval":{"confidence_level":0.95,"lower_bound":46.98219224500284,"upper_bound":47.26433607777561},"point_estimate":47.101626525275506,"standard_error":0.07306882222337831},"Median":{"confidence_interval":{"confidence_level":0.95,"lower_bound":46.8868805204106,"upper_bound":46.949593299531735},"point_estimate":46.906996369588875,"standard_error":0.016183356511424368},"MedianAbsDev":{"confidence_interval":{"confidence_level":0.95,"lower_bound":0.06234392219652221,"upper_bound":0.12728630038004954},"point_estimate":0.08747852958521496,"standard_error":0.017450023651092543},"Slope":{"confidence_interval":{"confidence_level":0.95,"lower_bound":46.86851304188668,"upper_bound":46.89039343053394},"point_estimate":46.87834922323072,"standard_error":0.005586577466038228},"StdDev":{"confidence_interval":{"confidence_level":0.95,"lower_bound":0.23809632805979197,"upper_bound":1.1506331232034877},"point_estimate":0.731104743757236,"standard_error":0.2446058299491723}}