{"Mean":{"confidence_interval":{"confidence_level":0.95,"lower_bound":106218.12231207696,"upper_bound":106484.89603538711},"point_estimate":106332.76401975304,"standard_error":69.19661896620144},"Median":{"confidence_interval":{"confidence_level":0.95,"lower_bound":106157.71325301204,"upper_bound":106194.23027065527},"point_estimate":106177.35921052631,"standard_error":8.733744350817444},"MedianAbsDev":{"confidence_interval":{"confidence_level":0.95,"lower_bound":98.14322694477669,"upper_bound":162.91777903071332},"point_estimate":137.95682903361129,"standard_error":16.261439802755724},"Slope":{"confidence_interval":{"confidence_level":0.95,"lower_bound":106172.46733430515,"upper_bound":106235.81029256665},"point_estimate":106202.85500930989,"standard_error":16.243025203407555},"StdDev":{"confidence_interval":{"confidence_level":0.95,"lower_bound":211.16294405180633,"upper_bound":1050.3812642396294},"point_estimate":693.0991548684436,"standard_error":219.10714520099475}}