{"Mean":{"confidence_interval":{"confidence_level":0.95,"lower_bound":44.5738320373976,"upper_bound":44.82795088307678},"point_estimate":44.68138403614044,"standard_error":0.06589080395910102},"Median":{"confidence_interval":{"confidence_level":0.95,"lower_bound":44.476636799223726,"upper_bound":44.538426311780256},"point_estimate":44.50511418798823,"standard_error":0.018393513341388227},"MedianAbsDev":{"confidence_interval":{"confidence_level":0.95,"lower_bound":0.06329499892034017,"upper_bound":0.1388807644726388},"point_estimate":0.08846727686102221,"standard_error":0.02015966724965176},"Slope":{"confidence_interval":{"confidence_level":0.95,"lower_bound":44.460800031470875,"upper_bound":44.49034943728699},"point_estimate":44.47374655738171,"standard_error":0.007546051263952322},"StdDev":{"confidence_interval":{"confidence_level":0.95,"lower_bound":0.23628508380266433,"upper_bound":1.0399693485117887},"point_estimate":0.6641663821458331,"standard_error":0.22770901104697508}}