{"Mean":{"confidence_interval":{"confidence_level":0.95,"lower_bound":1.7758637403275073,"upper_bound":1.7883314806716786},"point_estimate":1.781366184531805,"standard_error":0.003205334421320361},"Median":{"confidence_interval":{"confidence_level":0.95,"lower_bound":1.7713028627893137,"upper_bound":1.7750998494223929},"point_estimate":1.7726152176290189,"standard_error":0.000890645173064589},"MedianAbsDev":{"confidence_interval":{"confidence_level":0.95,"lower_bound":0.005300282675047821,"upper_bound":0.009233718130420959},"point_estimate":0.007016951303453435,"standard_error":0.0009969864317052207},"Slope":{"confidence_interval":{"confidence_level":0.95,"lower_bound":1.7700723923611719,"upper_bound":1.7723763116766285},"point_estimate":1.771157200939056,"standard_error":0.0005897861946647775},"StdDev":{"confidence_interval":{"confidence_level":0.95,"lower_bound":0.01426316493506044,"upper_bound":0.046768184434555854},"point_estimate":0.032221372111761674,"standard_error":0.008353275699284944}}