{"Mean":{"confidence_interval":{"confidence_level":0.95,"lower_bound":4.668783290020388,"upper_bound":4.694979705556911},"point_estimate":4.679854322268754,"standard_error":0.006796904396246742},"Median":{"confidence_interval":{"confidence_level":0.95,"lower_bound":4.658976777149835,"upper_bound":4.664847989767489},"point_estimate":4.661480767925379,"standard_error":0.0016420185354801297},"MedianAbsDev":{"confidence_interval":{"confidence_level":0.95,"lower_bound":0.007263667968232047,"upper_bound":0.014959927478775722},"point_estimate":0.010906372403167535,"standard_error":0.002181790050050465},"Slope":{"confidence_interval":{"confidence_level":0.95,"lower_bound":4.656473287150826,"upper_bound":4.65927807266558},"point_estimate":4.657764348851095,"standard_error":0.0007167156723932485},"StdDev":{"confidence_interval":{"confidence_level":0.95,"lower_bound":0.024217611041341444,"upper_bound":0.10663584926025654},"point_estimate":0.0681391088642826,"standard_error":0.023191292435370638}}