{"Mean":{"confidence_interval":{"confidence_level":0.95,"lower_bound":249.11952043434837,"upper_bound":249.84877475076874},"point_estimate":249.46833171173796,"standard_error":0.18623032701415662},"Median":{"confidence_interval":{"confidence_level":0.95,"lower_bound":248.77246656004652,"upper_bound":249.27121401570224},"point_estimate":249.00643633111542,"standard_error":0.13745283987979892},"MedianAbsDev":{"confidence_interval":{"confidence_level":0.95,"lower_bound":0.8968824935215165,"upper_bound":1.4522404816875483},"point_estimate":1.1975761410388777,"standard_error":0.1439362199293055},"Slope":{"confidence_interval":{"confidence_level":0.95,"lower_bound":248.63457217977032,"upper_bound":249.362016824264},"point_estimate":248.9718357363723,"standard_error":0.18537743692591063},"StdDev":{"confidence_interval":{"confidence_level":0.95,"lower_bound":1.419818381387379,"upper_bound":2.2837317988872137},"point_estimate":1.868959616761796,"standard_error":0.22138844529172308}}