{"Mean":{"confidence_interval":{"confidence_level":0.95,"lower_bound":4.1208585700034455,"upper_bound":4.181628451949761},"point_estimate":4.144186821124526,"standard_error":0.01625252604096395},"Median":{"confidence_interval":{"confidence_level":0.95,"lower_bound":4.116397168447381,"upper_bound":4.118381114932869},"point_estimate":4.116866562664159,"standard_error":0.0005146009939590569},"MedianAbsDev":{"confidence_interval":{"confidence_level":0.95,"lower_bound":0.003896988044714028,"upper_bound":0.007805597174141617},"point_estimate":0.0062079649149162485,"standard_error":0.0010941038498011038},"Slope":{"confidence_interval":{"confidence_level":0.95,"lower_bound":4.118127995730875,"upper_bound":4.221451719859145},"point_estimate":4.156460844488165,"standard_error":0.028090966189555564},"StdDev":{"confidence_interval":{"confidence_level":0.95,"lower_bound":0.01697467438406025,"upper_bound":0.26863930163637184},"point_estimate":0.16266967929985682,"standard_error":0.0740076446173407}}