{"Mean":{"confidence_interval":{"confidence_level":0.95,"lower_bound":8.079700490546971,"upper_bound":8.097080598951194},"point_estimate":8.087359367681637,"standard_error":0.004469960150632638},"Median":{"confidence_interval":{"confidence_level":0.95,"lower_bound":8.073438695944397,"upper_bound":8.078226153598859},"point_estimate":8.075836809404503,"standard_error":0.0013970581970361756},"MedianAbsDev":{"confidence_interval":{"confidence_level":0.95,"lower_bound":0.008837626108432368,"upper_bound":0.016416610224366555},"point_estimate":0.013217142657559288,"standard_error":0.002065542594668194},"Slope":{"confidence_interval":{"confidence_level":0.95,"lower_bound":8.077880939136984,"upper_bound":8.08605530004401},"point_estimate":8.081762160865823,"standard_error":0.0020868646354230773},"StdDev":{"confidence_interval":{"confidence_level":0.95,"lower_bound":0.019223265862225062,"upper_bound":0.06524655623532293},"point_estimate":0.04482223596011044,"standard_error":0.012085606202992287}}