{"Mean":{"confidence_interval":{"confidence_level":0.95,"lower_bound":6.49796988696581,"upper_bound":6.525480775522817},"point_estimate":6.510768936271724,"standard_error":0.007037120424890418},"Median":{"confidence_interval":{"confidence_level":0.95,"lower_bound":6.472733936766955,"upper_bound":6.487259450906603},"point_estimate":6.47373712998713,"standard_error":0.003547926468896968},"MedianAbsDev":{"confidence_interval":{"confidence_level":0.95,"lower_bound":0.0009947294178720256,"upper_bound":0.02190521665914585},"point_estimate":0.002569440986324594,"standard_error":0.005193867141807235},"Slope":{"confidence_interval":{"confidence_level":0.95,"lower_bound":6.492127657115643,"upper_bound":6.5365676759266576},"point_estimate":6.51169872722952,"standard_error":0.011437814043976386},"StdDev":{"confidence_interval":{"confidence_level":0.95,"lower_bound":0.04665126105722784,"upper_bound":0.09118137089421396},"point_estimate":0.07029059402535866,"standard_error":0.011345869401661608}}