{"Mean":{"confidence_interval":{"confidence_level":0.95,"lower_bound":4.897494085142189,"upper_bound":4.937045331886469},"point_estimate":4.915016832774145,"standard_error":0.01014742373405067},"Median":{"confidence_interval":{"confidence_level":0.95,"lower_bound":4.880651872664936,"upper_bound":4.891155015197568},"point_estimate":4.883425563165707,"standard_error":0.002915483857361398},"MedianAbsDev":{"confidence_interval":{"confidence_level":0.95,"lower_bound":0.013598970438551261,"upper_bound":0.026610601906908487},"point_estimate":0.018165760337995402,"standard_error":0.0032406323409004145},"Slope":{"confidence_interval":{"confidence_level":0.95,"lower_bound":4.879313707825166,"upper_bound":4.890651426674728},"point_estimate":4.884323912119143,"standard_error":0.0028984022707278893},"StdDev":{"confidence_interval":{"confidence_level":0.95,"lower_bound":0.03969656381557405,"upper_bound":0.14630474100707908},"point_estimate":0.10157066120718461,"standard_error":0.026493747840062275}}