{"Mean":{"confidence_interval":{"confidence_level":0.95,"lower_bound":4.129985732504035,"upper_bound":4.152018696876467},"point_estimate":4.13967744326754,"standard_error":0.0056755620464284595},"Median":{"confidence_interval":{"confidence_level":0.95,"lower_bound":4.123997161045278,"upper_bound":4.1248304782298355},"point_estimate":4.124271520877276,"standard_error":0.00023656324627702025},"MedianAbsDev":{"confidence_interval":{"confidence_level":0.95,"lower_bound":0.0009918851053740572,"upper_bound":0.0019498111932418356},"point_estimate":0.0011829321330468299,"standard_error":0.00025010873121321956},"Slope":{"confidence_interval":{"confidence_level":0.95,"lower_bound":4.1285165722911055,"upper_bound":4.151976837498856},"point_estimate":4.138802571618343,"standard_error":0.0060366423362058575},"StdDev":{"confidence_interval":{"confidence_level":0.95,"lower_bound":0.022361869472693276,"upper_bound":0.08253043662542908},"point_estimate":0.057060975721383564,"standard_error":0.015339563631459847}}