{"Mean":{"confidence_interval":{"confidence_level":0.95,"lower_bound":5.473950970857245,"upper_bound":5.542412381394621},"point_estimate":5.498517194805926,"standard_error":0.02004851514588475},"Median":{"confidence_interval":{"confidence_level":0.95,"lower_bound":5.471769560941535,"upper_bound":5.4729847137072785},"point_estimate":5.472420993770369,"standard_error":0.000295897892213797},"MedianAbsDev":{"confidence_interval":{"confidence_level":0.95,"lower_bound":0.0019448399203270267,"upper_bound":0.006855250731546751},"point_estimate":0.0035423985636202976,"standard_error":0.001294946028381743},"Slope":{"confidence_interval":{"confidence_level":0.95,"lower_bound":5.472509386054394,"upper_bound":5.491360309279338},"point_estimate":5.4806572004286656,"standard_error":0.0048373636873218296},"StdDev":{"confidence_interval":{"confidence_level":0.95,"lower_bound":0.017750411692377243,"upper_bound":0.34321997063708914},"point_estimate":0.2018112527682243,"standard_error":0.11171778532783336}}