{"Mean":{"confidence_interval":{"confidence_level":0.95,"lower_bound":5.269957633948367,"upper_bound":5.324204141756985},"point_estimate":5.296145244344866,"standard_error":0.013831811211823001},"Median":{"confidence_interval":{"confidence_level":0.95,"lower_bound":5.3481232445656985,"upper_bound":5.368876052638526},"point_estimate":5.367274573044634,"standard_error":0.011335865908298761},"MedianAbsDev":{"confidence_interval":{"confidence_level":0.95,"lower_bound":0.013076735482975404,"upper_bound":0.07856513556245912},"point_estimate":0.02063175954602764,"standard_error":0.022340309893117544},"Slope":{"confidence_interval":{"confidence_level":0.95,"lower_bound":5.244869854567681,"upper_bound":5.30361451598274},"point_estimate":5.27475425986445,"standard_error":0.014967207194469466},"StdDev":{"confidence_interval":{"confidence_level":0.95,"lower_bound":0.1080372047037875,"upper_bound":0.18024268720366557},"point_estimate":0.13887148242154423,"standard_error":0.021121204622363707}}