{"Mean":{"confidence_interval":{"confidence_level":0.95,"lower_bound":10.660203293266386,"upper_bound":10.807900681548107},"point_estimate":10.728318325537431,"standard_error":0.03788118066598659},"Median":{"confidence_interval":{"confidence_level":0.95,"lower_bound":10.596405717361401,"upper_bound":10.597714527563221},"point_estimate":10.596743020530848,"standard_error":0.0003256448868139684},"MedianAbsDev":{"confidence_interval":{"confidence_level":0.95,"lower_bound":0.0005908702077936596,"upper_bound":0.002527918369570681},"point_estimate":0.0010992785535572636,"standard_error":0.0004948703017602858},"Slope":{"confidence_interval":{"confidence_level":0.95,"lower_bound":10.64487179751909,"upper_bound":10.832864847045585},"point_estimate":10.72675576453332,"standard_error":0.048466029421924246},"StdDev":{"confidence_interval":{"confidence_level":0.95,"lower_bound":0.22508262422197622,"upper_bound":0.49850878962864814},"point_estimate":0.3815579307067633,"standard_error":0.06937193553318537}}