{"Mean":{"confidence_interval":{"confidence_level":0.95,"lower_bound":2.96810767431554,"upper_bound":2.9708554428870775},"point_estimate":2.969357218808244,"standard_error":0.0007032337354854522},"Median":{"confidence_interval":{"confidence_level":0.95,"lower_bound":2.966902527470843,"upper_bound":2.9678209915890483},"point_estimate":2.9674133903868496,"standard_error":0.00022708048060172256},"MedianAbsDev":{"confidence_interval":{"confidence_level":0.95,"lower_bound":0.001540912977434496,"upper_bound":0.002613260068239354},"point_estimate":0.0020995582337675683,"standard_error":0.0002787517631606043},"Slope":{"confidence_interval":{"confidence_level":0.95,"lower_bound":2.9672750717680625,"upper_bound":2.968987932121514},"point_estimate":2.9680004929672985,"standard_error":0.00044400892494352533},"StdDev":{"confidence_interval":{"confidence_level":0.95,"lower_bound":0.004089531814759787,"upper_bound":0.009981229142632714},"point_estimate":0.007061542594626925,"standard_error":0.0015753974383522764}}