{"Mean":{"confidence_interval":{"confidence_level":0.95,"lower_bound":630.9365595169371,"upper_bound":639.481875962116},"point_estimate":634.9380276215636,"standard_error":2.186889801733141},"Median":{"confidence_interval":{"confidence_level":0.95,"lower_bound":625.5081172245043,"upper_bound":629.0406617647059},"point_estimate":627.164650475575,"standard_error":0.8469145980307542},"MedianAbsDev":{"confidence_interval":{"confidence_level":0.95,"lower_bound":5.083268110964539,"upper_bound":9.76264553701699},"point_estimate":7.415016424971842,"standard_error":1.1688876480048813},"Slope":{"confidence_interval":{"confidence_level":0.95,"lower_bound":623.3778835767254,"upper_bound":625.0955801276458},"point_estimate":624.159884004555,"standard_error":0.43653019412876287},"StdDev":{"confidence_interval":{"confidence_level":0.95,"lower_bound":14.810916449617727,"upper_bound":27.88553669190182},"point_estimate":22.009308295408506,"standard_error":3.3310578912157585}}