{"Mean":{"confidence_interval":{"confidence_level":0.95,"lower_bound":2.0840388707409043,"upper_bound":2.0882490184342113},"point_estimate":2.085948111970291,"standard_error":0.0010794731744134666},"Median":{"confidence_interval":{"confidence_level":0.95,"lower_bound":2.0819840292978435,"upper_bound":2.0831558639299157},"point_estimate":2.082428543793397,"standard_error":0.0003315919556339078},"MedianAbsDev":{"confidence_interval":{"confidence_level":0.95,"lower_bound":0.0016313182870451714,"upper_bound":0.003545708659409836},"point_estimate":0.0024185054287738884,"standard_error":0.0004916761443245272},"Slope":{"confidence_interval":{"confidence_level":0.95,"lower_bound":2.0834321567063263,"upper_bound":2.0855579755749147},"point_estimate":2.0844361736637067,"standard_error":0.0005440168873437842},"StdDev":{"confidence_interval":{"confidence_level":0.95,"lower_bound":0.005497637361935287,"upper_bound":0.015133298075841283},"point_estimate":0.01084857711358033,"standard_error":0.0024463659380589576}}