{"Mean":{"confidence_interval":{"confidence_level":0.95,"lower_bound":2.0661603917181797,"upper_bound":2.1217422637726386},"point_estimate":2.091805304866166,"standard_error":0.014212113433052613},"Median":{"confidence_interval":{"confidence_level":0.95,"lower_bound":2.0432149333503005,"upper_bound":2.0433598423390205},"point_estimate":2.0432634862339167,"standard_error":0.00003202789816889166},"MedianAbsDev":{"confidence_interval":{"confidence_level":0.95,"lower_bound":0.0003193597610982906,"upper_bound":0.0006970166671042034},"point_estimate":0.00047932061803195654,"standard_error":0.00009600540030852023},"Slope":{"confidence_interval":{"confidence_level":0.95,"lower_bound":2.049527017168801,"upper_bound":2.0977448202763656},"point_estimate":2.0677113889718526,"standard_error":0.013027844450704242},"StdDev":{"confidence_interval":{"confidence_level":0.95,"lower_bound":0.09084281646887613,"upper_bound":0.18079236283883632},"point_estimate":0.14288520634162302,"standard_error":0.02328824554740874}}