{"Mean":{"confidence_interval":{"confidence_level":0.95,"lower_bound":4.157622550155249,"upper_bound":4.175034307942238},"point_estimate":4.165974601330988,"standard_error":0.004440659018589489},"Median":{"confidence_interval":{"confidence_level":0.95,"lower_bound":4.148085312535278,"upper_bound":4.161803589446976},"point_estimate":4.152823190487604,"standard_error":0.0031389885393574386},"MedianAbsDev":{"confidence_interval":{"confidence_level":0.95,"lower_bound":0.018808911498303365,"upper_bound":0.031240501680858453},"point_estimate":0.02647001705371622,"standard_error":0.0031781017552122404},"Slope":{"confidence_interval":{"confidence_level":0.95,"lower_bound":4.158725564734844,"upper_bound":4.177296930418679},"point_estimate":4.167534717347647,"standard_error":0.0047697359667852705},"StdDev":{"confidence_interval":{"confidence_level":0.95,"lower_bound":0.03387579356856305,"upper_bound":0.053822411980200977},"point_estimate":0.04471127778678417,"standard_error":0.0050946818442756305}}