{"Mean":{"confidence_interval":{"confidence_level":0.95,"lower_bound":3.383199397890617,"upper_bound":3.4048271193094313},"point_estimate":3.3925988660373765,"standard_error":0.005577992250506738},"Median":{"confidence_interval":{"confidence_level":0.95,"lower_bound":3.375419121275342,"upper_bound":3.380158230079277},"point_estimate":3.37635214543198,"standard_error":0.0013248538765014443},"MedianAbsDev":{"confidence_interval":{"confidence_level":0.95,"lower_bound":0.005236744224831479,"upper_bound":0.011140804848835515},"point_estimate":0.006862804916872688,"standard_error":0.001505584204252355},"Slope":{"confidence_interval":{"confidence_level":0.95,"lower_bound":3.373773870983514,"upper_bound":3.375760956553894},"point_estimate":3.374663462895965,"standard_error":0.0005072118810330714},"StdDev":{"confidence_interval":{"confidence_level":0.95,"lower_bound":0.02018440680011028,"upper_bound":0.08521495343684127},"point_estimate":0.056133214468531645,"standard_error":0.016913736830343938}}