{"Mean":{"confidence_interval":{"confidence_level":0.95,"lower_bound":5.091089922125624,"upper_bound":5.1208220069487345},"point_estimate":5.103865129342521,"standard_error":0.007656310322591739},"Median":{"confidence_interval":{"confidence_level":0.95,"lower_bound":5.078067976221246,"upper_bound":5.083634306558664},"point_estimate":5.081702636608814,"standard_error":0.0013643881895011414},"MedianAbsDev":{"confidence_interval":{"confidence_level":0.95,"lower_bound":0.006963838850313907,"upper_bound":0.013893113542440782},"point_estimate":0.010466273556788355,"standard_error":0.001851682129454042},"Slope":{"confidence_interval":{"confidence_level":0.95,"lower_bound":5.0773547524042995,"upper_bound":5.097176808418044},"point_estimate":5.086025154564155,"standard_error":0.0051111530163133944},"StdDev":{"confidence_interval":{"confidence_level":0.95,"lower_bound":0.03129066989342458,"upper_bound":0.11816973501348567},"point_estimate":0.07671290745780762,"standard_error":0.02422082486826822}}