{"Mean":{"confidence_interval":{"confidence_level":0.95,"lower_bound":4.845215913694999,"upper_bound":4.866996429986112},"point_estimate":4.855127812401435,"standard_error":0.005582394374502089},"Median":{"confidence_interval":{"confidence_level":0.95,"lower_bound":4.83773162715894,"upper_bound":4.8383974091542274},"point_estimate":4.837973099795876,"standard_error":0.00015202849477911854},"MedianAbsDev":{"confidence_interval":{"confidence_level":0.95,"lower_bound":0.0012114674258072618,"upper_bound":0.002315037775146243},"point_estimate":0.001560799733142972,"standard_error":0.00027979995356123015},"Slope":{"confidence_interval":{"confidence_level":0.95,"lower_bound":4.844278867471673,"upper_bound":4.8713433458738935},"point_estimate":4.856861508060765,"standard_error":0.006962947745068773},"StdDev":{"confidence_interval":{"confidence_level":0.95,"lower_bound":0.030985445663627723,"upper_bound":0.07618995369779125},"point_estimate":0.05614436650149503,"standard_error":0.01151289048180302}}