{"Mean":{"confidence_interval":{"confidence_level":0.95,"lower_bound":2.035659008186693,"upper_bound":2.0406752017222587},"point_estimate":2.0377881840625007,"standard_error":0.001291265878997053},"Median":{"confidence_interval":{"confidence_level":0.95,"lower_bound":2.0331856010003184,"upper_bound":2.0347772707197915},"point_estimate":2.033790874037389,"standard_error":0.00041030979390406687},"MedianAbsDev":{"confidence_interval":{"confidence_level":0.95,"lower_bound":0.0017521340799537407,"upper_bound":0.00394964139424294},"point_estimate":0.002649511868782787,"standard_error":0.0005979762620947259},"Slope":{"confidence_interval":{"confidence_level":0.95,"lower_bound":2.03494996560388,"upper_bound":2.0381227212271122},"point_estimate":2.0363955959228868,"standard_error":0.0008150234849305249},"StdDev":{"confidence_interval":{"confidence_level":0.95,"lower_bound":0.005668385233569496,"upper_bound":0.020090054165521964},"point_estimate":0.012999493983527254,"standard_error":0.0042447077771872255}}