{"Mean":{"confidence_interval":{"confidence_level":0.95,"lower_bound":55.527853480106955,"upper_bound":55.60248122757625},"point_estimate":55.556829916702384,"standard_error":0.01999298857245951},"Median":{"confidence_interval":{"confidence_level":0.95,"lower_bound":55.51478725125384,"upper_bound":55.53339545704956},"point_estimate":55.52398486831987,"standard_error":0.004604620202085159},"MedianAbsDev":{"confidence_interval":{"confidence_level":0.95,"lower_bound":0.02995834281726525,"upper_bound":0.04984853574115935},"point_estimate":0.038990523743704986,"standard_error":0.005046018056255634},"Slope":{"confidence_interval":{"confidence_level":0.95,"lower_bound":55.51734515611201,"upper_bound":55.53689547327341},"point_estimate":55.52640885460903,"standard_error":0.004987011205089482},"StdDev":{"confidence_interval":{"confidence_level":0.95,"lower_bound":0.054703716493818104,"upper_bound":0.32987685196189154},"point_estimate":0.19969178344435046,"standard_error":0.09154922560068612}}