{"Mean":{"confidence_interval":{"confidence_level":0.95,"lower_bound":29553.55292431276,"upper_bound":29675.087585931095},"point_estimate":29605.34567583925,"standard_error":31.438517015635068},"Median":{"confidence_interval":{"confidence_level":0.95,"lower_bound":29529.235284072645,"upper_bound":29544.717560553632},"point_estimate":29539.378330125903,"standard_error":4.396565705211886},"MedianAbsDev":{"confidence_interval":{"confidence_level":0.95,"lower_bound":27.23842211867594,"upper_bound":55.46584166695148},"point_estimate":40.99780345808659,"standard_error":7.029362023064177},"Slope":{"confidence_interval":{"confidence_level":0.95,"lower_bound":29543.65303719278,"upper_bound":29580.910987187453},"point_estimate":29560.4822752284,"standard_error":9.53232923367828},"StdDev":{"confidence_interval":{"confidence_level":0.95,"lower_bound":90.33993471643531,"upper_bound":496.06988313144217},"point_estimate":317.53800199802964,"standard_error":106.75280310150782}}