{"Mean":{"confidence_interval":{"confidence_level":0.95,"lower_bound":8.57966809597324,"upper_bound":8.730015882841236},"point_estimate":8.649442509563473,"standard_error":0.03849083794088881},"Median":{"confidence_interval":{"confidence_level":0.95,"lower_bound":8.51012744708996,"upper_bound":8.540861610021658},"point_estimate":8.52137053139123,"standard_error":0.008092458508438203},"MedianAbsDev":{"confidence_interval":{"confidence_level":0.95,"lower_bound":0.04702408080019057,"upper_bound":0.08621679547406418},"point_estimate":0.061950588561890965,"standard_error":0.01080647910885055},"Slope":{"confidence_interval":{"confidence_level":0.95,"lower_bound":8.5456903817479,"upper_bound":8.763952104050292},"point_estimate":8.644115726594922,"standard_error":0.05607806511201582},"StdDev":{"confidence_interval":{"confidence_level":0.95,"lower_bound":0.24271712955075345,"upper_bound":0.5023951978543015},"point_estimate":0.3883925840471865,"standard_error":0.06614785182778822}}