{"Mean":{"confidence_interval":{"confidence_level":0.95,"lower_bound":2.266376138079644,"upper_bound":2.3001063120257697},"point_estimate":2.279847801651446,"standard_error":0.008912137877412938},"Median":{"confidence_interval":{"confidence_level":0.95,"lower_bound":2.2648565952647495,"upper_bound":2.2664089908623506},"point_estimate":2.265485336969691,"standard_error":0.0003920836554944613},"MedianAbsDev":{"confidence_interval":{"confidence_level":0.95,"lower_bound":0.0021126590743321834,"upper_bound":0.0037043334349520386},"point_estimate":0.0028084150754289533,"standard_error":0.0004253967604087929},"Slope":{"confidence_interval":{"confidence_level":0.95,"lower_bound":2.2656610514158295,"upper_bound":2.269293802385161},"point_estimate":2.2671817079683927,"standard_error":0.0009331403852564215},"StdDev":{"confidence_interval":{"confidence_level":0.95,"lower_bound":0.005777825367531371,"upper_bound":0.14515721834346193},"point_estimate":0.08987805943274418,"standard_error":0.03751738651715652}}