{"Mean":{"confidence_interval":{"confidence_level":0.95,"lower_bound":2.206107107762887,"upper_bound":2.2137594804897027},"point_estimate":2.2092225867481874,"standard_error":0.0020041663546504244},"Median":{"confidence_interval":{"confidence_level":0.95,"lower_bound":2.204091577555025,"upper_bound":2.205120766716127},"point_estimate":2.2046582204644882,"standard_error":0.0002799319363287341},"MedianAbsDev":{"confidence_interval":{"confidence_level":0.95,"lower_bound":0.001650339695963896,"upper_bound":0.0032600182048068724},"point_estimate":0.0024055800826362187,"standard_error":0.0004261262966742187},"Slope":{"confidence_interval":{"confidence_level":0.95,"lower_bound":2.2054023306737647,"upper_bound":2.2079506871954258},"point_estimate":2.2066084547193863,"standard_error":0.0006533724453173968},"StdDev":{"confidence_interval":{"confidence_level":0.95,"lower_bound":0.005025357597122813,"upper_bound":0.03254325422469002},"point_estimate":0.020192692876843464,"standard_error":0.007957056534025066}}