{"Mean":{"confidence_interval":{"confidence_level":0.95,"lower_bound":17.9437072667061,"upper_bound":18.073920006491118},"point_estimate":18.00135890042698,"standard_error":0.0335538110759408},"Median":{"confidence_interval":{"confidence_level":0.95,"lower_bound":17.892109403517416,"upper_bound":17.933164585017572},"point_estimate":17.908025909153665,"standard_error":0.010274631367446966},"MedianAbsDev":{"confidence_interval":{"confidence_level":0.95,"lower_bound":0.05803531556301382,"upper_bound":0.1043953456383216},"point_estimate":0.07772835275568632,"standard_error":0.011945536763241902},"Slope":{"confidence_interval":{"confidence_level":0.95,"lower_bound":17.880449490096666,"upper_bound":17.907741921500666},"point_estimate":17.89349700100552,"standard_error":0.006976910339875203},"StdDev":{"confidence_interval":{"confidence_level":0.95,"lower_bound":0.15082103990547235,"upper_bound":0.48537841534891524},"point_estimate":0.3365402089986988,"standard_error":0.08555736040128607}}