{"Mean":{"confidence_interval":{"confidence_level":0.95,"lower_bound":4.658317560732875,"upper_bound":4.917152943392947},"point_estimate":4.763530818974806,"standard_error":0.06986477651211112},"Median":{"confidence_interval":{"confidence_level":0.95,"lower_bound":4.646828562648688,"upper_bound":4.647479962554117},"point_estimate":4.647118795732486,"standard_error":0.0001814732160969356},"MedianAbsDev":{"confidence_interval":{"confidence_level":0.95,"lower_bound":0.0009457829710162887,"upper_bound":0.0023921103896573366},"point_estimate":0.0013156821144762747,"standard_error":0.0003827516926639888},"Slope":{"confidence_interval":{"confidence_level":0.95,"lower_bound":4.654057081892746,"upper_bound":4.678694615097684},"point_estimate":4.665301875846271,"standard_error":0.00632731693132225},"StdDev":{"confidence_interval":{"confidence_level":0.95,"lower_bound":0.043919380774800565,"upper_bound":1.100099161096429},"point_estimate":0.7030105610366519,"standard_error":0.2863782187754908}}