{"Mean":{"confidence_interval":{"confidence_level":0.95,"lower_bound":4.69666119778919,"upper_bound":4.782506016043243},"point_estimate":4.7311167592681,"standard_error":0.022907729948990537},"Median":{"confidence_interval":{"confidence_level":0.95,"lower_bound":4.6950018477457505,"upper_bound":4.69518564260404},"point_estimate":4.695080064820919,"standard_error":0.00004120863254317696},"MedianAbsDev":{"confidence_interval":{"confidence_level":0.95,"lower_bound":0.00015994277389606623,"upper_bound":0.00039209214277060786},"point_estimate":0.0002567912071844271,"standard_error":0.000055134384458049514},"Slope":{"confidence_interval":{"confidence_level":0.95,"lower_bound":4.695693175651116,"upper_bound":4.7250426278232105},"point_estimate":4.705958392053257,"standard_error":0.008046643748757014},"StdDev":{"confidence_interval":{"confidence_level":0.95,"lower_bound":0.005336661962107465,"upper_bound":0.3640071504326859},"point_estimate":0.22954406989566795,"standard_error":0.09518984178604521}}