{"Mean":{"confidence_interval":{"confidence_level":0.95,"lower_bound":4.013760062585816,"upper_bound":4.0744094080288535},"point_estimate":4.036619635260404,"standard_error":0.01655183909541833},"Median":{"confidence_interval":{"confidence_level":0.95,"lower_bound":4.002378517741654,"upper_bound":4.007288935500787},"point_estimate":4.003040359263911,"standard_error":0.001233779766557669},"MedianAbsDev":{"confidence_interval":{"confidence_level":0.95,"lower_bound":0.0020549270189646925,"upper_bound":0.00814015056532145},"point_estimate":0.005803313698022216,"standard_error":0.0015118981573582352},"Slope":{"confidence_interval":{"confidence_level":0.95,"lower_bound":4.011212848241217,"upper_bound":4.037095560160836},"point_estimate":4.023226886330831,"standard_error":0.006639484852225195},"StdDev":{"confidence_interval":{"confidence_level":0.95,"lower_bound":0.035952386874100246,"upper_bound":0.2779466779933555},"point_estimate":0.16652827290805156,"standard_error":0.08118555302295223}}