{"Mean":{"confidence_interval":{"confidence_level":0.95,"lower_bound":9.760999618772681,"upper_bound":9.82022246235691},"point_estimate":9.786715903357187,"standard_error":0.015274892724720716},"Median":{"confidence_interval":{"confidence_level":0.95,"lower_bound":9.739818496876586,"upper_bound":9.751443875840453},"point_estimate":9.746472572949308,"standard_error":0.0028242459916807817},"MedianAbsDev":{"confidence_interval":{"confidence_level":0.95,"lower_bound":0.013011465267011996,"upper_bound":0.026022348565077486},"point_estimate":0.01923762930821969,"standard_error":0.0032411575632363613},"Slope":{"confidence_interval":{"confidence_level":0.95,"lower_bound":9.736237735451628,"upper_bound":9.740952794806809},"point_estimate":9.738359059743514,"standard_error":0.001201652081435707},"StdDev":{"confidence_interval":{"confidence_level":0.95,"lower_bound":0.05471307548639911,"upper_bound":0.2307439991726978},"point_estimate":0.15372391627084958,"standard_error":0.044984649746131554}}