{"Mean":{"confidence_interval":{"confidence_level":0.95,"lower_bound":2.6659133942265183,"upper_bound":2.7045958568338087},"point_estimate":2.683120160217675,"standard_error":0.009943284332820023},"Median":{"confidence_interval":{"confidence_level":0.95,"lower_bound":2.6500953870306687,"upper_bound":2.656506085996032},"point_estimate":2.6529498359269836,"standard_error":0.0018009512927420004},"MedianAbsDev":{"confidence_interval":{"confidence_level":0.95,"lower_bound":0.005805888579117117,"upper_bound":0.013373304741153759},"point_estimate":0.009783053579758295,"standard_error":0.002056111878783319},"Slope":{"confidence_interval":{"confidence_level":0.95,"lower_bound":2.650498140350825,"upper_bound":2.657709339468402},"point_estimate":2.6534816344136827,"standard_error":0.0018737411181196887},"StdDev":{"confidence_interval":{"confidence_level":0.95,"lower_bound":0.04782263920881443,"upper_bound":0.14591011389736072},"point_estimate":0.1000676595980776,"standard_error":0.025788136425835707}}