{"Mean":{"confidence_interval":{"confidence_level":0.95,"lower_bound":7.981911062515132,"upper_bound":8.198765368602169},"point_estimate":8.075042052515611,"standard_error":0.056089757255798796},"Median":{"confidence_interval":{"confidence_level":0.95,"lower_bound":7.941942018399022,"upper_bound":7.953930647159567},"point_estimate":7.945856987950023,"standard_error":0.0036900456456416654},"MedianAbsDev":{"confidence_interval":{"confidence_level":0.95,"lower_bound":0.016008565903447323,"upper_bound":0.03501726943092126},"point_estimate":0.02158345108136814,"standard_error":0.005191091705546892},"Slope":{"confidence_interval":{"confidence_level":0.95,"lower_bound":7.941746046380703,"upper_bound":8.399430472639635},"point_estimate":8.139768131830207,"standard_error":0.11753809458862699},"StdDev":{"confidence_interval":{"confidence_level":0.95,"lower_bound":0.13174328622012432,"upper_bound":0.8494461839145722},"point_estimate":0.5635895730564097,"standard_error":0.18547344655657072}}