{"Mean":{"confidence_interval":{"confidence_level":0.95,"lower_bound":7.867574501300958,"upper_bound":7.9314388077496565},"point_estimate":7.894900678871709,"standard_error":0.016514046443665182},"Median":{"confidence_interval":{"confidence_level":0.95,"lower_bound":7.839480088355651,"upper_bound":7.861924857676982},"point_estimate":7.846595674105791,"standard_error":0.005613705287060013},"MedianAbsDev":{"confidence_interval":{"confidence_level":0.95,"lower_bound":0.024605491222852403,"upper_bound":0.04749726355065221},"point_estimate":0.03098586874197109,"standard_error":0.005685313512795452},"Slope":{"confidence_interval":{"confidence_level":0.95,"lower_bound":7.8461810609992515,"upper_bound":7.883609424446129},"point_estimate":7.863438223560525,"standard_error":0.009594401289354187},"StdDev":{"confidence_interval":{"confidence_level":0.95,"lower_bound":0.07140231226218596,"upper_bound":0.25604300814044023},"point_estimate":0.1655986733734834,"standard_error":0.05542953997959655}}