{"Mean":{"confidence_interval":{"confidence_level":0.95,"lower_bound":0.9037789805099097,"upper_bound":0.9098871051340449},"point_estimate":0.9067688823800352,"standard_error":0.0015567249644974487},"Median":{"confidence_interval":{"confidence_level":0.95,"lower_bound":0.8973937549400598,"upper_bound":0.9083995646694766},"point_estimate":0.8991536898411367,"standard_error":0.00243240638161001},"MedianAbsDev":{"confidence_interval":{"confidence_level":0.95,"lower_bound":0.007293211316705593,"upper_bound":0.018744331618667065},"point_estimate":0.011543462811763498,"standard_error":0.0028735628229696144},"Slope":{"confidence_interval":{"confidence_level":0.95,"lower_bound":0.9002493630636589,"upper_bound":0.9072527581997066},"point_estimate":0.9036228949768865,"standard_error":0.001790942629596787},"StdDev":{"confidence_interval":{"confidence_level":0.95,"lower_bound":0.013102414968390126,"upper_bound":0.018183703491121538},"point_estimate":0.015655637766384678,"standard_error":0.00130382638635959}}