{"Mean":{"confidence_interval":{"confidence_level":0.95,"lower_bound":0.905650721336123,"upper_bound":0.9526245094932201},"point_estimate":0.9274424096808008,"standard_error":0.011905827346827602},"Median":{"confidence_interval":{"confidence_level":0.95,"lower_bound":0.88998763925286,"upper_bound":0.8908082594584295},"point_estimate":0.8902026050927978,"standard_error":0.00019401450887236493},"MedianAbsDev":{"confidence_interval":{"confidence_level":0.95,"lower_bound":0.001236158596797284,"upper_bound":0.0026466162051308707},"point_estimate":0.0016931188915862909,"standard_error":0.0003577477597759943},"Slope":{"confidence_interval":{"confidence_level":0.95,"lower_bound":0.9234097797559072,"upper_bound":1.0187807915116889},"point_estimate":0.9693324810245324,"standard_error":0.02438339226517149},"StdDev":{"confidence_interval":{"confidence_level":0.95,"lower_bound":0.07665402386200802,"upper_bound":0.15099200471213625},"point_estimate":0.11953806660763686,"standard_error":0.01919631201159939}}