{"Mean":{"confidence_interval":{"confidence_level":0.95,"lower_bound":0.8878310164584928,"upper_bound":0.8892704973429643},"point_estimate":0.8884657008987067,"standard_error":0.00036907484885474593},"Median":{"confidence_interval":{"confidence_level":0.95,"lower_bound":0.887392035446668,"upper_bound":0.8880543953679934},"point_estimate":0.8877449326037498,"standard_error":0.0001977170894528731},"MedianAbsDev":{"confidence_interval":{"confidence_level":0.95,"lower_bound":0.0010031481118278507,"upper_bound":0.001857232187166365},"point_estimate":0.0014040451424872646,"standard_error":0.00021554871739375758},"Slope":{"confidence_interval":{"confidence_level":0.95,"lower_bound":0.8878586109363809,"upper_bound":0.8894570407929207},"point_estimate":0.8885839997848376,"standard_error":0.0004109644829112788},"StdDev":{"confidence_interval":{"confidence_level":0.95,"lower_bound":0.0017281136809146477,"upper_bound":0.005538074853981627},"point_estimate":0.0036989661020093256,"standard_error":0.0010464297431478893}}