{"Mean":{"confidence_interval":{"confidence_level":0.95,"lower_bound":0.8863883279648993,"upper_bound":0.8896238855690006},"point_estimate":0.8878110849119217,"standard_error":0.0008307103425292876},"Median":{"confidence_interval":{"confidence_level":0.95,"lower_bound":0.8854528629197318,"upper_bound":0.886070861778882},"point_estimate":0.8857128804825241,"standard_error":0.00015317995565331782},"MedianAbsDev":{"confidence_interval":{"confidence_level":0.95,"lower_bound":0.0007833389601538479,"upper_bound":0.0014654018777785843},"point_estimate":0.0010700268792943144,"standard_error":0.00017704231692090817},"Slope":{"confidence_interval":{"confidence_level":0.95,"lower_bound":0.8860062411258256,"upper_bound":0.8873762365850993},"point_estimate":0.8866063752009693,"standard_error":0.00035207627296686726},"StdDev":{"confidence_interval":{"confidence_level":0.95,"lower_bound":0.0022997882768013528,"upper_bound":0.012062374731504805},"point_estimate":0.008350153184930537,"standard_error":0.002303042633906259}}