{"Mean":{"confidence_interval":{"confidence_level":0.95,"lower_bound":2.528540345775259,"upper_bound":2.533724557660887},"point_estimate":2.5306942319172125,"standard_error":0.0013535852184079632},"Median":{"confidence_interval":{"confidence_level":0.95,"lower_bound":2.5274249606745607,"upper_bound":2.5288619221313184},"point_estimate":2.5280355300549715,"standard_error":0.00032940076090956814},"MedianAbsDev":{"confidence_interval":{"confidence_level":0.95,"lower_bound":0.0021355969360376936,"upper_bound":0.003618633661339747},"point_estimate":0.0027374892695273684,"standard_error":0.00038635272401300294},"Slope":{"confidence_interval":{"confidence_level":0.95,"lower_bound":2.5285772505733797,"upper_bound":2.53206134896089},"point_estimate":2.5300666669471505,"standard_error":0.0008966926098485065},"StdDev":{"confidence_interval":{"confidence_level":0.95,"lower_bound":0.0034878672057073365,"upper_bound":0.021513268481905393},"point_estimate":0.013581704378384678,"standard_error":0.004980713275931331}}