{"Mean":{"confidence_interval":{"confidence_level":0.95,"lower_bound":293.4889512869883,"upper_bound":295.37733293681805},"point_estimate":294.3283629952808,"standard_error":0.4857916875697221},"Median":{"confidence_interval":{"confidence_level":0.95,"lower_bound":292.47786825509456,"upper_bound":293.2643161251083},"point_estimate":292.9767783633537,"standard_error":0.2080766566133397},"MedianAbsDev":{"confidence_interval":{"confidence_level":0.95,"lower_bound":0.8293855273312433,"upper_bound":1.6509492587835135},"point_estimate":1.2284334452522756,"standard_error":0.20554999513873426},"Slope":{"confidence_interval":{"confidence_level":0.95,"lower_bound":292.2554060699576,"upper_bound":292.70255708766007},"point_estimate":292.43964385677623,"standard_error":0.1154574464256215},"StdDev":{"confidence_interval":{"confidence_level":0.95,"lower_bound":2.4427764798102802,"upper_bound":7.139421462907299},"point_estimate":4.872415972296723,"standard_error":1.2549359086631278}}