{"Mean":{"confidence_interval":{"confidence_level":0.95,"lower_bound":3.5719218427609,"upper_bound":3.580046573110141},"point_estimate":3.575578112504236,"standard_error":0.002081278818342407},"Median":{"confidence_interval":{"confidence_level":0.95,"lower_bound":3.568976218661684,"upper_bound":3.572184236258334},"point_estimate":3.57004820173813,"standard_error":0.0007002735552147986},"MedianAbsDev":{"confidence_interval":{"confidence_level":0.95,"lower_bound":0.004219884559417385,"upper_bound":0.007403113641574034},"point_estimate":0.0056750317930871165,"standard_error":0.0008046694305010681},"Slope":{"confidence_interval":{"confidence_level":0.95,"lower_bound":3.5696931586677785,"upper_bound":3.5728441248224},"point_estimate":3.571136591475246,"standard_error":0.0008062700459619393},"StdDev":{"confidence_interval":{"confidence_level":0.95,"lower_bound":0.010371726785374723,"upper_bound":0.028914412391060247},"point_estimate":0.020863971995013088,"standard_error":0.0046770931297826475}}