{"mean":{"confidence_interval":{"confidence_level":0.95,"lower_bound":4.421764316077896,"upper_bound":4.459685218897561},"point_estimate":4.4391593432772005,"standard_error":0.009749289281374888},"median":{"confidence_interval":{"confidence_level":0.95,"lower_bound":4.400918590495216,"upper_bound":4.4131193059870615},"point_estimate":4.4048347783463315,"standard_error":0.0033068409223827025},"median_abs_dev":{"confidence_interval":{"confidence_level":0.95,"lower_bound":0.011425702650426162,"upper_bound":0.025643016890577353},"point_estimate":0.01675294415295972,"standard_error":0.003949606590381702},"slope":{"confidence_interval":{"confidence_level":0.95,"lower_bound":4.402092753479893,"upper_bound":4.4126580341924875},"point_estimate":4.406834624566388,"standard_error":0.002714364922050277},"std_dev":{"confidence_interval":{"confidence_level":0.95,"lower_bound":0.05655522039083937,"upper_bound":0.13078355576464792},"point_estimate":0.09795866949998278,"standard_error":0.01892995551641266}}