{"mean":{"confidence_interval":{"confidence_level":0.95,"lower_bound":12.568561525472388,"upper_bound":12.707987611048983},"point_estimate":12.634926627001725,"standard_error":0.035697611600280905},"median":{"confidence_interval":{"confidence_level":0.95,"lower_bound":12.46225213599521,"upper_bound":12.493231174497403},"point_estimate":12.47672052006773,"standard_error":0.0073067952463948755},"median_abs_dev":{"confidence_interval":{"confidence_level":0.95,"lower_bound":0.03194219636772333,"upper_bound":0.07388827837351118},"point_estimate":0.05357727189488246,"standard_error":0.010377642898016695},"slope":{"confidence_interval":{"confidence_level":0.95,"lower_bound":12.479744250967233,"upper_bound":12.525802616350761},"point_estimate":12.499760309625009,"standard_error":0.01178507634864095},"std_dev":{"confidence_interval":{"confidence_level":0.95,"lower_bound":0.26363676277074943,"upper_bound":0.4371212684575307},"point_estimate":0.35963622337254847,"standard_error":0.04409683060404071}}