{"Mean":{"confidence_interval":{"confidence_level":0.95,"lower_bound":2.632044035440421,"upper_bound":2.7440694180617466},"point_estimate":2.680564409480583,"standard_error":0.028731120641755297},"Median":{"confidence_interval":{"confidence_level":0.95,"lower_bound":2.626959314300252,"upper_bound":2.6289285568743765},"point_estimate":2.627789954440574,"standard_error":0.000495950970842179},"MedianAbsDev":{"confidence_interval":{"confidence_level":0.95,"lower_bound":0.002198135681639941,"upper_bound":0.00450000815437227},"point_estimate":0.0033180670188272844,"standard_error":0.000588948422775545},"Slope":{"confidence_interval":{"confidence_level":0.95,"lower_bound":2.6290795372435745,"upper_bound":2.885047190846033},"point_estimate":2.742836851182268,"standard_error":0.06527686848487606},"StdDev":{"confidence_interval":{"confidence_level":0.95,"lower_bound":0.01676284136262944,"upper_bound":0.4499747337423789},"point_estimate":0.28865037999372056,"standard_error":0.10250004742832786}}