{"Mean":{"confidence_interval":{"confidence_level":0.95,"lower_bound":2.6387159781549534,"upper_bound":2.665794375670923},"point_estimate":2.649800612700091,"standard_error":0.007077491087320405},"Median":{"confidence_interval":{"confidence_level":0.95,"lower_bound":2.6327753108263545,"upper_bound":2.636204973296067},"point_estimate":2.633972597607955,"standard_error":0.0008467386880557439},"MedianAbsDev":{"confidence_interval":{"confidence_level":0.95,"lower_bound":0.004953867502142355,"upper_bound":0.009324069592012287},"point_estimate":0.006667195470472089,"standard_error":0.0011297008342162132},"Slope":{"confidence_interval":{"confidence_level":0.95,"lower_bound":2.634089843033574,"upper_bound":2.6375732952673787},"point_estimate":2.6357123879747704,"standard_error":0.0008883228748579703},"StdDev":{"confidence_interval":{"confidence_level":0.95,"lower_bound":0.015671746574048937,"upper_bound":0.11372702762123998},"point_estimate":0.07100696976702006,"standard_error":0.027452339273907687}}