{"Mean":{"confidence_interval":{"confidence_level":0.95,"lower_bound":1.324569178115421,"upper_bound":1.3689243948891516},"point_estimate":1.3436449119016327,"standard_error":0.011430227379541809},"Median":{"confidence_interval":{"confidence_level":0.95,"lower_bound":1.3210076389275787,"upper_bound":1.3220034542314336},"point_estimate":1.3210874660745127,"standard_error":0.001317856824731735},"MedianAbsDev":{"confidence_interval":{"confidence_level":0.95,"lower_bound":0.04433655534412962,"upper_bound":0.049166435118527876},"point_estimate":0.04790339352977574,"standard_error":0.0032879173628611925},"Slope":{"confidence_interval":{"confidence_level":0.95,"lower_bound":1.3166152370544841,"upper_bound":1.3883749988789404},"point_estimate":1.3447865295693593,"standard_error":0.019067755427398053},"StdDev":{"confidence_interval":{"confidence_level":0.95,"lower_bound":0.04786036232391968,"upper_bound":0.1763266592887791},"point_estimate":0.11483679100027926,"standard_error":0.036253292186800935}}