{"mean":{"confidence_interval":{"confidence_level":0.95,"lower_bound":3.3480607197014107,"upper_bound":3.367752779558317},"point_estimate":3.3565875503072995,"standard_error":0.005083997998597374},"median":{"confidence_interval":{"confidence_level":0.95,"lower_bound":3.338545941743171,"upper_bound":3.3453868338961286},"point_estimate":3.341666826444783,"standard_error":0.001997895068338826},"median_abs_dev":{"confidence_interval":{"confidence_level":0.95,"lower_bound":0.007128587704965264,"upper_bound":0.013982126681768986},"point_estimate":0.009653683094007144,"standard_error":0.0017546973232966689},"slope":{"confidence_interval":{"confidence_level":0.95,"lower_bound":3.3388791894758043,"upper_bound":3.346287795791675},"point_estimate":3.342205421242304,"standard_error":0.001897853399416898},"std_dev":{"confidence_interval":{"confidence_level":0.95,"lower_bound":0.02209027809329108,"upper_bound":0.07789893977701552},"point_estimate":0.051200575559914134,"standard_error":0.015482216127419115}}