{"Mean":{"confidence_interval":{"confidence_level":0.95,"lower_bound":2.177866719228254,"upper_bound":2.2001734432908853},"point_estimate":2.187586544857937,"standard_error":0.0057415942533062024},"Median":{"confidence_interval":{"confidence_level":0.95,"lower_bound":2.1691518038477158,"upper_bound":2.1804565017441817},"point_estimate":2.1751959176234736,"standard_error":0.0038315856973570503},"MedianAbsDev":{"confidence_interval":{"confidence_level":0.95,"lower_bound":0.0017055181238829974,"upper_bound":0.016630312579260648},"point_estimate":0.009222435642695957,"standard_error":0.004057872963043231},"Slope":{"confidence_interval":{"confidence_level":0.95,"lower_bound":2.1772511839689233,"upper_bound":2.1988870786482484},"point_estimate":2.186545116338095,"standard_error":0.005584511111519543},"StdDev":{"confidence_interval":{"confidence_level":0.95,"lower_bound":0.020874418355912375,"upper_bound":0.08486152385420198},"point_estimate":0.05765642642823606,"standard_error":0.016190675283317305}}