{"Mean":{"confidence_interval":{"confidence_level":0.95,"lower_bound":2.1956705273229145,"upper_bound":2.2215908666989597},"point_estimate":2.2077570930140116,"standard_error":0.006602900116259831},"Median":{"confidence_interval":{"confidence_level":0.95,"lower_bound":2.180476668579078,"upper_bound":2.180750211731279},"point_estimate":2.180597887582074,"standard_error":0.00008274838875341721},"MedianAbsDev":{"confidence_interval":{"confidence_level":0.95,"lower_bound":0.004814409553080778,"upper_bound":0.01853307170668409},"point_estimate":0.016876979855843674,"standard_error":0.004274299649610748},"Slope":{"confidence_interval":{"confidence_level":0.95,"lower_bound":2.1936661326212854,"upper_bound":2.225070446388536},"point_estimate":2.2083858751945016,"standard_error":0.008031642584988568},"StdDev":{"confidence_interval":{"confidence_level":0.95,"lower_bound":0.0448055268572131,"upper_bound":0.08654491166834487},"point_estimate":0.06651271578404937,"standard_error":0.010757061522189472}}