{"Mean":{"confidence_interval":{"confidence_level":0.95,"lower_bound":1.7642599181129823,"upper_bound":1.770963538552927},"point_estimate":1.7673557629273302,"standard_error":0.0017215432866065626},"Median":{"confidence_interval":{"confidence_level":0.95,"lower_bound":1.7612505985291529,"upper_bound":1.7629920574669837},"point_estimate":1.7617717622084135,"standard_error":0.0004623491145937793},"MedianAbsDev":{"confidence_interval":{"confidence_level":0.95,"lower_bound":0.0023605386000072315,"upper_bound":0.004569231857426663},"point_estimate":0.0032015933060258227,"standard_error":0.000567429637983681},"Slope":{"confidence_interval":{"confidence_level":0.95,"lower_bound":1.7640512836320794,"upper_bound":1.7725016475440327},"point_estimate":1.767751055434854,"standard_error":0.0021728257558718874},"StdDev":{"confidence_interval":{"confidence_level":0.95,"lower_bound":0.010438181700632885,"upper_bound":0.022908525516564613},"point_estimate":0.01727709493901457,"standard_error":0.003177774797436913}}