{"Mean":{"confidence_interval":{"confidence_level":0.95,"lower_bound":741.9365913546362,"upper_bound":750.0201517261432},"point_estimate":745.5612634728054,"standard_error":2.0638726670767236},"Median":{"confidence_interval":{"confidence_level":0.95,"lower_bound":737.0805353550983,"upper_bound":745.2037985667625},"point_estimate":741.1183559175108,"standard_error":2.3835753018558883},"MedianAbsDev":{"confidence_interval":{"confidence_level":0.95,"lower_bound":9.395428068663211,"upper_bound":16.25932351325821},"point_estimate":13.422993260069582,"standard_error":1.859664045317525},"Slope":{"confidence_interval":{"confidence_level":0.95,"lower_bound":736.5335011368388,"upper_bound":740.6588907992428},"point_estimate":738.5584101409025,"standard_error":1.0536087617885765},"StdDev":{"confidence_interval":{"confidence_level":0.95,"lower_bound":11.320475537275092,"upper_bound":30.386069406313936},"point_estimate":20.752157414768924,"standard_error":5.328222565258465}}