{"Mean":{"confidence_interval":{"confidence_level":0.95,"lower_bound":26.67585749341939,"upper_bound":26.92942840020654},"point_estimate":26.79089134397564,"standard_error":0.06508347166444012},"Median":{"confidence_interval":{"confidence_level":0.95,"lower_bound":26.5616967421767,"upper_bound":26.601821281298008},"point_estimate":26.58160730366581,"standard_error":0.010592323257694613},"MedianAbsDev":{"confidence_interval":{"confidence_level":0.95,"lower_bound":0.05070068178175408,"upper_bound":0.10233373988358128},"point_estimate":0.07237453905939963,"standard_error":0.013422561759521915},"Slope":{"confidence_interval":{"confidence_level":0.95,"lower_bound":26.562797945704723,"upper_bound":26.656013088236108},"point_estimate":26.602167469681817,"standard_error":0.024255256538139},"StdDev":{"confidence_interval":{"confidence_level":0.95,"lower_bound":0.34903952149968304,"upper_bound":0.8900147005708926},"point_estimate":0.6546587463279325,"standard_error":0.13777142254276822}}