{"mean":{"confidence_interval":{"confidence_level":0.95,"lower_bound":99.05583977680577,"upper_bound":99.62558590755438},"point_estimate":99.29959663465824,"standard_error":0.1469674853219402},"median":{"confidence_interval":{"confidence_level":0.95,"lower_bound":98.81454616480767,"upper_bound":98.99669687680483},"point_estimate":98.87294380324792,"standard_error":0.0423225601787855},"median_abs_dev":{"confidence_interval":{"confidence_level":0.95,"lower_bound":0.17674503546257556,"upper_bound":0.3550550004315581},"point_estimate":0.2485565838373863,"standard_error":0.044180841374531335},"slope":{"confidence_interval":{"confidence_level":0.95,"lower_bound":98.78751615670616,"upper_bound":98.90578279705235},"point_estimate":98.83882075542769,"standard_error":0.030310627808969856},"std_dev":{"confidence_interval":{"confidence_level":0.95,"lower_bound":0.5676798420653332,"upper_bound":2.2843500380738946},"point_estimate":1.4788111540577622,"standard_error":0.47565165735991094}}