{"Mean":{"confidence_interval":{"confidence_level":0.95,"lower_bound":4.140492511398226,"upper_bound":4.318267718685464},"point_estimate":4.210281522348364,"standard_error":0.04704843806202415},"Median":{"confidence_interval":{"confidence_level":0.95,"lower_bound":4.091198033340121,"upper_bound":4.091535550025862},"point_estimate":4.091270723663191,"standard_error":0.0007194834231149807},"MedianAbsDev":{"confidence_interval":{"confidence_level":0.95,"lower_bound":0.0005320538172887812,"upper_bound":0.0052638844194649245},"point_estimate":0.0008429375206517148,"standard_error":0.0016456178014487613},"Slope":{"confidence_interval":{"confidence_level":0.95,"lower_bound":4.13517779234042,"upper_bound":4.18913693775374},"point_estimate":4.161127494077428,"standard_error":0.013816746517911763},"StdDev":{"confidence_interval":{"confidence_level":0.95,"lower_bound":0.11085920357477269,"upper_bound":0.7760954546228411},"point_estimate":0.47283644761489585,"standard_error":0.2045487602122865}}