{"Mean":{"confidence_interval":{"confidence_level":0.95,"lower_bound":8713.576591440036,"upper_bound":8745.335011785517},"point_estimate":8727.342276135516,"standard_error":8.173584597849137},"Median":{"confidence_interval":{"confidence_level":0.95,"lower_bound":8704.770705973831,"upper_bound":8710.899805959805},"point_estimate":8707.310837230192,"standard_error":1.6634702097125733},"MedianAbsDev":{"confidence_interval":{"confidence_level":0.95,"lower_bound":9.270856489818634,"upper_bound":16.835850058042322},"point_estimate":12.3416218229342,"standard_error":1.9585033683599606},"Slope":{"confidence_interval":{"confidence_level":0.95,"lower_bound":8709.001567404011,"upper_bound":8717.567012797886},"point_estimate":8713.065780623241,"standard_error":2.195503437705419},"StdDev":{"confidence_interval":{"confidence_level":0.95,"lower_bound":28.46109293676976,"upper_bound":123.69633251163542},"point_estimate":82.02086711714534,"standard_error":24.40556404440366}}