{"Mean":{"confidence_interval":{"confidence_level":0.95,"lower_bound":8.05896389388695,"upper_bound":8.063996904685126},"point_estimate":8.061262500299927,"standard_error":0.001285340014980381},"Median":{"confidence_interval":{"confidence_level":0.95,"lower_bound":8.056015354956807,"upper_bound":8.058970659458934},"point_estimate":8.057126233613058,"standard_error":0.0006654975835026914},"MedianAbsDev":{"confidence_interval":{"confidence_level":0.95,"lower_bound":0.0036075456535184522,"upper_bound":0.006662399354559571},"point_estimate":0.004785293087910254,"standard_error":0.0007969576992536522},"Slope":{"confidence_interval":{"confidence_level":0.95,"lower_bound":8.058181176380074,"upper_bound":8.062613032001593},"point_estimate":8.060166541234764,"standard_error":0.0011402151157779864},"StdDev":{"confidence_interval":{"confidence_level":0.95,"lower_bound":0.007311851423985888,"upper_bound":0.017773141516226002},"point_estimate":0.012913180805372106,"standard_error":0.002678268959940478}}