{"Mean":{"confidence_interval":{"confidence_level":0.95,"lower_bound":53.41394677298153,"upper_bound":53.723059676786434},"point_estimate":53.54506308135523,"standard_error":0.08020920972159251},"Median":{"confidence_interval":{"confidence_level":0.95,"lower_bound":53.29786428416603,"upper_bound":53.35303984297819},"point_estimate":53.328739294405366,"standard_error":0.01450445608084833},"MedianAbsDev":{"confidence_interval":{"confidence_level":0.95,"lower_bound":0.06459291561075534,"upper_bound":0.13739279959558093},"point_estimate":0.10350057902104864,"standard_error":0.018181602059818974},"Slope":{"confidence_interval":{"confidence_level":0.95,"lower_bound":53.27722429242258,"upper_bound":53.312491381991514},"point_estimate":53.292750537167336,"standard_error":0.00903823224408466},"StdDev":{"confidence_interval":{"confidence_level":0.95,"lower_bound":0.2828152433408727,"upper_bound":1.2630034328558242},"point_estimate":0.8068777960228414,"standard_error":0.27512764786718746}}