{"Mean":{"confidence_interval":{"confidence_level":0.95,"lower_bound":8.052152877406867,"upper_bound":8.160061079325201},"point_estimate":8.094714453831127,"standard_error":0.02854745824953467},"Median":{"confidence_interval":{"confidence_level":0.95,"lower_bound":8.010713243904938,"upper_bound":8.056402653243797},"point_estimate":8.025082789905053,"standard_error":0.012068965636219182},"MedianAbsDev":{"confidence_interval":{"confidence_level":0.95,"lower_bound":0.05511325699945854,"upper_bound":0.10500440923252596},"point_estimate":0.07766550078156367,"standard_error":0.012822125006243123},"Slope":{"confidence_interval":{"confidence_level":0.95,"lower_bound":8.0309465869451,"upper_bound":8.148278432008537},"point_estimate":8.075798945475643,"standard_error":0.031081463696906918},"StdDev":{"confidence_interval":{"confidence_level":0.95,"lower_bound":0.09414841989215994,"upper_bound":0.47154206770456003},"point_estimate":0.28823207370250076,"standard_error":0.12652580190099696}}