{"Mean":{"confidence_interval":{"confidence_level":0.95,"lower_bound":7.949034539564283,"upper_bound":7.968990489122515},"point_estimate":7.957981088820624,"standard_error":0.005130795946127154},"Median":{"confidence_interval":{"confidence_level":0.95,"lower_bound":7.944128721001879,"upper_bound":7.952759818456576},"point_estimate":7.94841295448129,"standard_error":0.0024767262988373315},"MedianAbsDev":{"confidence_interval":{"confidence_level":0.95,"lower_bound":0.012499689657751724,"upper_bound":0.02287948209256979},"point_estimate":0.01592938832153536,"standard_error":0.0026531331614882726},"Slope":{"confidence_interval":{"confidence_level":0.95,"lower_bound":7.9476198396337665,"upper_bound":7.956498655479799},"point_estimate":7.951895271163081,"standard_error":0.0022633776679440946},"StdDev":{"confidence_interval":{"confidence_level":0.95,"lower_bound":0.024810573655109542,"upper_bound":0.0736805599214296},"point_estimate":0.0514256916842235,"standard_error":0.012494780892839804}}