{"Mean":{"confidence_interval":{"confidence_level":0.95,"lower_bound":8.565469067792458,"upper_bound":9.355609143543711},"point_estimate":8.944804574485534,"standard_error":0.2021986894641028},"Median":{"confidence_interval":{"confidence_level":0.95,"lower_bound":7.922287867346258,"upper_bound":7.933458735010581},"point_estimate":7.927439590101813,"standard_error":0.003010931674193753},"MedianAbsDev":{"confidence_interval":{"confidence_level":0.95,"lower_bound":0.012556033823844818,"upper_bound":0.03092471076040465},"point_estimate":0.02056969921893632,"standard_error":0.004809728142529369},"Slope":{"confidence_interval":{"confidence_level":0.95,"lower_bound":8.423710052754055,"upper_bound":9.545250504977},"point_estimate":8.953434218440123,"standard_error":0.28777562740077683},"StdDev":{"confidence_interval":{"confidence_level":0.95,"lower_bound":1.666701556229985,"upper_bound":2.2865849098704563},"point_estimate":2.0249528219864845,"standard_error":0.16007418065528808}}