{"Mean":{"confidence_interval":{"confidence_level":0.95,"lower_bound":3.421066465719821,"upper_bound":3.4439445309706676},"point_estimate":3.4311612657486745,"standard_error":0.005881294725776199},"Median":{"confidence_interval":{"confidence_level":0.95,"lower_bound":3.4119566176075744,"upper_bound":3.4167844585351954},"point_estimate":3.414082227753071,"standard_error":0.0012487790479467843},"MedianAbsDev":{"confidence_interval":{"confidence_level":0.95,"lower_bound":0.005727652130769481,"upper_bound":0.01157697616293823},"point_estimate":0.008062484784291604,"standard_error":0.0014709901124361664},"Slope":{"confidence_interval":{"confidence_level":0.95,"lower_bound":3.4103860332862386,"upper_bound":3.4148720887088246},"point_estimate":3.412131770160742,"standard_error":0.0011670399806982031},"StdDev":{"confidence_interval":{"confidence_level":0.95,"lower_bound":0.027048138656665673,"upper_bound":0.08646374175608072},"point_estimate":0.05896191764958832,"standard_error":0.01554561797901752}}