{"Mean":{"confidence_interval":{"confidence_level":0.95,"lower_bound":7.2595356088722225,"upper_bound":7.320282141280685},"point_estimate":7.287176498275816,"standard_error":0.01559204355963679},"Median":{"confidence_interval":{"confidence_level":0.95,"lower_bound":7.2342075416297895,"upper_bound":7.241686593082942},"point_estimate":7.237282176713966,"standard_error":0.0020889185334931055},"MedianAbsDev":{"confidence_interval":{"confidence_level":0.95,"lower_bound":0.012978753737678499,"upper_bound":0.027707370943510827},"point_estimate":0.018617171686445392,"standard_error":0.0036598697967324895},"Slope":{"confidence_interval":{"confidence_level":0.95,"lower_bound":7.2330328226459555,"upper_bound":7.243902676809289},"point_estimate":7.237908576209844,"standard_error":0.002783398145887975},"StdDev":{"confidence_interval":{"confidence_level":0.95,"lower_bound":0.08844351072005169,"upper_bound":0.2098929703331137},"point_estimate":0.1565857485790461,"standard_error":0.030978018531628515}}