{"Mean":{"confidence_interval":{"confidence_level":0.95,"lower_bound":5.6976590649266505,"upper_bound":5.7319480971173284},"point_estimate":5.7126894607159935,"standard_error":0.008837673179176473},"Median":{"confidence_interval":{"confidence_level":0.95,"lower_bound":5.685859570987259,"upper_bound":5.694892433891486},"point_estimate":5.69010255889936,"standard_error":0.002275833457864026},"MedianAbsDev":{"confidence_interval":{"confidence_level":0.95,"lower_bound":0.013928457656608448,"upper_bound":0.0250091545917147},"point_estimate":0.01906072709892018,"standard_error":0.0028306742693105093},"Slope":{"confidence_interval":{"confidence_level":0.95,"lower_bound":5.680367745726442,"upper_bound":5.686399485567308},"point_estimate":5.683116977584593,"standard_error":0.0015306282446533872},"StdDev":{"confidence_interval":{"confidence_level":0.95,"lower_bound":0.03620390886879874,"upper_bound":0.13140535077161655},"point_estimate":0.08881071848377026,"standard_error":0.024225309113489593}}