{"Mean":{"confidence_interval":{"confidence_level":0.95,"lower_bound":1.759191521419628,"upper_bound":1.761561629764826},"point_estimate":1.7601074216052317,"standard_error":0.0006313356004762738},"Median":{"confidence_interval":{"confidence_level":0.95,"lower_bound":1.7588395236705046,"upper_bound":1.7592152463513762},"point_estimate":1.7590208604884432,"standard_error":0.00010335562200287866},"MedianAbsDev":{"confidence_interval":{"confidence_level":0.95,"lower_bound":0.0006933155803835492,"upper_bound":0.0012926473335131592},"point_estimate":0.0009454430336770375,"standard_error":0.00015843307857417034},"Slope":{"confidence_interval":{"confidence_level":0.95,"lower_bound":1.7590099715964813,"upper_bound":1.7595313533993915},"point_estimate":1.7592619288833617,"standard_error":0.00013336033661203903},"StdDev":{"confidence_interval":{"confidence_level":0.95,"lower_bound":0.0013361777915090578,"upper_bound":0.010514383599616397},"point_estimate":0.00635012915646507,"standard_error":0.0028836982422859865}}