{"Mean":{"confidence_interval":{"confidence_level":0.95,"lower_bound":929.0806792649544,"upper_bound":932.640786276565},"point_estimate":930.6973455871026,"standard_error":0.9099147568897848},"Median":{"confidence_interval":{"confidence_level":0.95,"lower_bound":927.0985788113695,"upper_bound":928.7311856415597},"point_estimate":927.7570495400466,"standard_error":0.4484969953892566},"MedianAbsDev":{"confidence_interval":{"confidence_level":0.95,"lower_bound":2.3042907106849584,"upper_bound":4.3116610169362755},"point_estimate":3.0847868898885866,"standard_error":0.4896122547923986},"Slope":{"confidence_interval":{"confidence_level":0.95,"lower_bound":926.4543437108915,"upper_bound":927.5748027994198},"point_estimate":926.9895348493544,"standard_error":0.2861141191001181},"StdDev":{"confidence_interval":{"confidence_level":0.95,"lower_bound":5.269312010913335,"upper_bound":12.82715201555543},"point_estimate":9.177877485252006,"standard_error":1.9774871702652104}}