{"Mean":{"confidence_interval":{"confidence_level":0.95,"lower_bound":2.0299885065050236,"upper_bound":2.04167225437799},"point_estimate":2.0350976720315184,"standard_error":0.003010072991026401},"Median":{"confidence_interval":{"confidence_level":0.95,"lower_bound":2.026070487483531,"upper_bound":2.026288460048051},"point_estimate":2.02613277577794,"standard_error":0.000052014293249072723},"MedianAbsDev":{"confidence_interval":{"confidence_level":0.95,"lower_bound":0.00026252275656231443,"upper_bound":0.0006185306107006008},"point_estimate":0.0003611873805934714,"standard_error":0.0000879356424658029},"Slope":{"confidence_interval":{"confidence_level":0.95,"lower_bound":2.0291506205800367,"upper_bound":2.0396555647739083},"point_estimate":2.0338339523764186,"standard_error":0.0027031242610623995},"StdDev":{"confidence_interval":{"confidence_level":0.95,"lower_bound":0.012908831367343583,"upper_bound":0.04553143532769861},"point_estimate":0.03021106364737439,"standard_error":0.00869116337162922}}