{"Mean":{"confidence_interval":{"confidence_level":0.95,"lower_bound":2.4120189363647015,"upper_bound":2.44451411128386},"point_estimate":2.4251305296662737,"standard_error":0.008562942659984642},"Median":{"confidence_interval":{"confidence_level":0.95,"lower_bound":2.4062366938008766,"upper_bound":2.4064606431176103},"point_estimate":2.4063487093856537,"standard_error":0.000048798976772572326},"MedianAbsDev":{"confidence_interval":{"confidence_level":0.95,"lower_bound":0.0003042803865535139,"upper_bound":0.0006591000078055591},"point_estimate":0.0004596699459195866,"standard_error":0.00009031933344492602},"Slope":{"confidence_interval":{"confidence_level":0.95,"lower_bound":2.409415384244287,"upper_bound":2.4210741687569843},"point_estimate":2.4146328155745693,"standard_error":0.003003152069989384},"StdDev":{"confidence_interval":{"confidence_level":0.95,"lower_bound":0.019375939086359272,"upper_bound":0.13989503133332123},"point_estimate":0.08602027652035127,"standard_error":0.035011149323268057}}