{"Mean":{"confidence_interval":{"confidence_level":0.95,"lower_bound":7441.755527114172,"upper_bound":7465.600037309925},"point_estimate":7452.200449824155,"standard_error":6.143776650102515},"Median":{"confidence_interval":{"confidence_level":0.95,"lower_bound":7436.791979949875,"upper_bound":7441.538181930236},"point_estimate":7439.462975088821,"standard_error":1.1984896439403765},"MedianAbsDev":{"confidence_interval":{"confidence_level":0.95,"lower_bound":9.241258204165042,"upper_bound":19.944333787622124},"point_estimate":12.822515034648253,"standard_error":2.829661778205775},"Slope":{"confidence_interval":{"confidence_level":0.95,"lower_bound":7440.753824942821,"upper_bound":7448.2138736248935},"point_estimate":7444.306150035944,"standard_error":1.8982761410589406},"StdDev":{"confidence_interval":{"confidence_level":0.95,"lower_bound":25.37700122803147,"upper_bound":91.6934852805352},"point_estimate":61.554154747942356,"standard_error":17.5257693353777}}