{"Mean":{"confidence_interval":{"confidence_level":0.95,"lower_bound":53.66134241845103,"upper_bound":53.87414078349459},"point_estimate":53.755521499273875,"standard_error":0.05466822141074791},"Median":{"confidence_interval":{"confidence_level":0.95,"lower_bound":53.54924014453798,"upper_bound":53.6124282722954},"point_estimate":53.5618578204289,"standard_error":0.016042303234309826},"MedianAbsDev":{"confidence_interval":{"confidence_level":0.95,"lower_bound":0.06341895265562845,"upper_bound":0.15036115405632208},"point_estimate":0.08963896311301478,"standard_error":0.022062714301168837},"Slope":{"confidence_interval":{"confidence_level":0.95,"lower_bound":53.585548670585474,"upper_bound":53.658952020908416},"point_estimate":53.620107780693495,"standard_error":0.018816776696526757},"StdDev":{"confidence_interval":{"confidence_level":0.95,"lower_bound":0.24509251596217496,"upper_bound":0.7934767838249871},"point_estimate":0.5492874790354949,"standard_error":0.1425467529655353}}