{"Mean":{"confidence_interval":{"confidence_level":0.95,"lower_bound":49.6551847332973,"upper_bound":49.71844610694255},"point_estimate":49.68070683073065,"standard_error":0.016537712865435976},"Median":{"confidence_interval":{"confidence_level":0.95,"lower_bound":49.64705132346592,"upper_bound":49.67981719450909},"point_estimate":49.66471044554623,"standard_error":0.007613468432414078},"MedianAbsDev":{"confidence_interval":{"confidence_level":0.95,"lower_bound":0.04557119389759764,"upper_bound":0.080730041316935},"point_estimate":0.06182846543394353,"standard_error":0.008577756613701103},"Slope":{"confidence_interval":{"confidence_level":0.95,"lower_bound":49.64632202145021,"upper_bound":49.674786548781555},"point_estimate":49.65994892211686,"standard_error":0.007295784211480181},"StdDev":{"confidence_interval":{"confidence_level":0.95,"lower_bound":0.06241702002832357,"upper_bound":0.26714397703872567},"point_estimate":0.1654385659128547,"standard_error":0.06767893376137055}}