{"Mean":{"confidence_interval":{"confidence_level":0.95,"lower_bound":53.66372384132136,"upper_bound":53.85743625502146},"point_estimate":53.74976684060863,"standard_error":0.049806077863507686},"Median":{"confidence_interval":{"confidence_level":0.95,"lower_bound":53.603744885154676,"upper_bound":53.6500151784128},"point_estimate":53.6226880124145,"standard_error":0.011776514819008073},"MedianAbsDev":{"confidence_interval":{"confidence_level":0.95,"lower_bound":0.07637713533788246,"upper_bound":0.17182105882399532},"point_estimate":0.10691525563100394,"standard_error":0.02251971949773898},"Slope":{"confidence_interval":{"confidence_level":0.95,"lower_bound":53.614804694445446,"upper_bound":53.69616844778621},"point_estimate":53.653818646157475,"standard_error":0.020848177598892723},"StdDev":{"confidence_interval":{"confidence_level":0.95,"lower_bound":0.18634229100146293,"upper_bound":0.7181221048511207},"point_estimate":0.5006539194233166,"standard_error":0.13005910272794366}}