{"Mean":{"confidence_interval":{"confidence_level":0.95,"lower_bound":5.447790207953338,"upper_bound":5.747313408953319},"point_estimate":5.583287673744387,"standard_error":0.07687026991789746},"Median":{"confidence_interval":{"confidence_level":0.95,"lower_bound":5.353141442277932,"upper_bound":5.355675487465181},"point_estimate":5.354630919220055,"standard_error":0.0005885946194759101},"MedianAbsDev":{"confidence_interval":{"confidence_level":0.95,"lower_bound":0.005670522718136031,"upper_bound":0.015902420841176858},"point_estimate":0.010703077804411598,"standard_error":0.002347830784395843},"Slope":{"confidence_interval":{"confidence_level":0.95,"lower_bound":5.459163318073456,"upper_bound":5.920907791311144},"point_estimate":5.66780135904498,"standard_error":0.11779125783758664},"StdDev":{"confidence_interval":{"confidence_level":0.95,"lower_bound":0.4209785663005547,"upper_bound":1.0383636268206764},"point_estimate":0.7718626520152747,"standard_error":0.15946576800180828}}