{"Mean":{"confidence_interval":{"confidence_level":0.95,"lower_bound":5.399316951703634,"upper_bound":5.549786101088181},"point_estimate":5.461819151669536,"standard_error":0.0392411135138722},"Median":{"confidence_interval":{"confidence_level":0.95,"lower_bound":5.327769985974754,"upper_bound":5.3330170777988615},"point_estimate":5.329281595761259,"standard_error":0.0017436658623016287},"MedianAbsDev":{"confidence_interval":{"confidence_level":0.95,"lower_bound":0.007530423293114632,"upper_bound":0.020060458875465276},"point_estimate":0.011391222331660096,"standard_error":0.003277670949768311},"Slope":{"confidence_interval":{"confidence_level":0.95,"lower_bound":5.397756861278956,"upper_bound":5.5574614708808765},"point_estimate":5.466298761148225,"standard_error":0.04087968657748598},"StdDev":{"confidence_interval":{"confidence_level":0.95,"lower_bound":0.1605592717629461,"upper_bound":0.6205331408146408},"point_estimate":0.39311189985879613,"standard_error":0.14622400444425077}}