{"Mean":{"confidence_interval":{"confidence_level":0.95,"lower_bound":2.685070801924622,"upper_bound":2.705180952422666},"point_estimate":2.694179530502944,"standard_error":0.00513392387876264},"Median":{"confidence_interval":{"confidence_level":0.95,"lower_bound":2.6776050469023365,"upper_bound":2.695675137250699},"point_estimate":2.6869866958669073,"standard_error":0.004475993607839667},"MedianAbsDev":{"confidence_interval":{"confidence_level":0.95,"lower_bound":0.029117166553315265,"upper_bound":0.046767829626493555},"point_estimate":0.03912533853400619,"standard_error":0.00451563557905796},"Slope":{"confidence_interval":{"confidence_level":0.95,"lower_bound":2.683597371685593,"upper_bound":2.6963041085816473},"point_estimate":2.689978973787041,"standard_error":0.0032390446494796957},"StdDev":{"confidence_interval":{"confidence_level":0.95,"lower_bound":0.031666334164367746,"upper_bound":0.07408996335017162},"point_estimate":0.051796873913785416,"standard_error":0.012457092536767928}}