{"Mean":{"confidence_interval":{"confidence_level":0.95,"lower_bound":2.6435248416088597,"upper_bound":2.6882051878077236},"point_estimate":2.6595424016776024,"standard_error":0.013160337202762357},"Median":{"confidence_interval":{"confidence_level":0.95,"lower_bound":2.6385194697658942,"upper_bound":2.6425055552532863},"point_estimate":2.640521354454008,"standard_error":0.0010317387747381661},"MedianAbsDev":{"confidence_interval":{"confidence_level":0.95,"lower_bound":0.005487441111260336,"upper_bound":0.010814061422240527},"point_estimate":0.0075831254690694565,"standard_error":0.0014071219797552863},"Slope":{"confidence_interval":{"confidence_level":0.95,"lower_bound":2.6405599812070575,"upper_bound":2.6905026232155427},"point_estimate":2.656479514617772,"standard_error":0.01464746911083057},"StdDev":{"confidence_interval":{"confidence_level":0.95,"lower_bound":0.012750494489418321,"upper_bound":0.2262376032732546},"point_estimate":0.1328834658835143,"standard_error":0.07382446221415627}}