{"Mean":{"confidence_interval":{"confidence_level":0.95,"lower_bound":6.186558650995002,"upper_bound":6.240465661770004},"point_estimate":6.20942040287463,"standard_error":0.013986627518181166},"Median":{"confidence_interval":{"confidence_level":0.95,"lower_bound":6.172383505106033,"upper_bound":6.179312391880931},"point_estimate":6.175675234152397,"standard_error":0.0018726671394981523},"MedianAbsDev":{"confidence_interval":{"confidence_level":0.95,"lower_bound":0.008918343369031283,"upper_bound":0.020216922213901808},"point_estimate":0.015081786824661618,"standard_error":0.0027157698215814967},"Slope":{"confidence_interval":{"confidence_level":0.95,"lower_bound":6.169888078004631,"upper_bound":6.173838657731651},"point_estimate":6.171702017419714,"standard_error":0.0010088512310426668},"StdDev":{"confidence_interval":{"confidence_level":0.95,"lower_bound":0.035846890572701885,"upper_bound":0.21994470066023747},"point_estimate":0.14077855774105769,"standard_error":0.048052759098502144}}