{"Mean":{"confidence_interval":{"confidence_level":0.95,"lower_bound":22.51434278783777,"upper_bound":22.665048998050114},"point_estimate":22.582255877134,"standard_error":0.03873855305742604},"Median":{"confidence_interval":{"confidence_level":0.95,"lower_bound":22.43729650496842,"upper_bound":22.49727149930191},"point_estimate":22.465355347903778,"standard_error":0.01508520350619849},"MedianAbsDev":{"confidence_interval":{"confidence_level":0.95,"lower_bound":0.056763651088220436,"upper_bound":0.11588677046213347},"point_estimate":0.08517035963999908,"standard_error":0.014539120965923797},"Slope":{"confidence_interval":{"confidence_level":0.95,"lower_bound":22.43276831057449,"upper_bound":22.464450672813626},"point_estimate":22.447364700168396,"standard_error":0.008087485846249397},"StdDev":{"confidence_interval":{"confidence_level":0.95,"lower_bound":0.19814291641510923,"upper_bound":0.5523611855359447},"point_estimate":0.390411516352259,"standard_error":0.09143403230564061}}