{"Mean":{"confidence_interval":{"confidence_level":0.95,"lower_bound":9.339030154912969,"upper_bound":9.411441753554632},"point_estimate":9.371225247899115,"standard_error":0.018622516507162377},"Median":{"confidence_interval":{"confidence_level":0.95,"lower_bound":9.310547253844284,"upper_bound":9.33694860869707},"point_estimate":9.324291279671447,"standard_error":0.005754342446180365},"MedianAbsDev":{"confidence_interval":{"confidence_level":0.95,"lower_bound":0.030508577135707107,"upper_bound":0.052587133724918786},"point_estimate":0.039942285222414914,"standard_error":0.005639839093801372},"Slope":{"confidence_interval":{"confidence_level":0.95,"lower_bound":9.304114468987953,"upper_bound":9.317363688316764},"point_estimate":9.31034318179245,"standard_error":0.003385653342112096},"StdDev":{"confidence_interval":{"confidence_level":0.95,"lower_bound":0.08087531591739695,"upper_bound":0.2657598745472653},"point_estimate":0.18781029285077105,"standard_error":0.04599404037750817}}