{"Mean":{"confidence_interval":{"confidence_level":0.95,"lower_bound":6.544881759878424,"upper_bound":6.615613493151265},"point_estimate":6.574534932064841,"standard_error":0.018358575852600655},"Median":{"confidence_interval":{"confidence_level":0.95,"lower_bound":6.510777147004692,"upper_bound":6.560425577416596},"point_estimate":6.514446107784432,"standard_error":0.012004344599982262},"MedianAbsDev":{"confidence_interval":{"confidence_level":0.95,"lower_bound":0.01033186622686467,"upper_bound":0.07187069957423338},"point_estimate":0.01898640448486004,"standard_error":0.014296416763070986},"Slope":{"confidence_interval":{"confidence_level":0.95,"lower_bound":6.5533599221397285,"upper_bound":6.630713224116257},"point_estimate":6.584348494423258,"standard_error":0.020278750256081272},"StdDev":{"confidence_interval":{"confidence_level":0.95,"lower_bound":0.04939598756315155,"upper_bound":0.2910415154905194},"point_estimate":0.18475519778658442,"standard_error":0.06580949721634133}}