{"Mean":{"confidence_interval":{"confidence_level":0.95,"lower_bound":4.408478534265381,"upper_bound":4.435709690646438},"point_estimate":4.420307869528706,"standard_error":0.007035186781824935},"Median":{"confidence_interval":{"confidence_level":0.95,"lower_bound":4.398479173248058,"upper_bound":4.403986437998075},"point_estimate":4.401189533342066,"standard_error":0.0012430122022504375},"MedianAbsDev":{"confidence_interval":{"confidence_level":0.95,"lower_bound":0.00639028364461779,"upper_bound":0.012514117041676922},"point_estimate":0.009524004828221157,"standard_error":0.001486004583754755},"Slope":{"confidence_interval":{"confidence_level":0.95,"lower_bound":4.396830105396437,"upper_bound":4.399800074392626},"point_estimate":4.398113610713986,"standard_error":0.0007612555364088092},"StdDev":{"confidence_interval":{"confidence_level":0.95,"lower_bound":0.026287062453668426,"upper_bound":0.10775057737990372},"point_estimate":0.0707258153636492,"standard_error":0.021301411920537132}}