{"Mean":{"confidence_interval":{"confidence_level":0.95,"lower_bound":5.376258518282197,"upper_bound":5.406538908296591},"point_estimate":5.389133806758658,"standard_error":0.007859051595461086},"Median":{"confidence_interval":{"confidence_level":0.95,"lower_bound":5.3652088963755595,"upper_bound":5.371451721662715},"point_estimate":5.367423629496596,"standard_error":0.0014275378752458593},"MedianAbsDev":{"confidence_interval":{"confidence_level":0.95,"lower_bound":0.008020445947703505,"upper_bound":0.01632631137018889},"point_estimate":0.011040308771778624,"standard_error":0.002010549435388785},"Slope":{"confidence_interval":{"confidence_level":0.95,"lower_bound":5.362587192085756,"upper_bound":5.366243341686511},"point_estimate":5.364183517907791,"standard_error":0.0009375992120540348},"StdDev":{"confidence_interval":{"confidence_level":0.95,"lower_bound":0.027631473876676083,"upper_bound":0.12384542495292324},"point_estimate":0.0792192320688351,"standard_error":0.026941847293069622}}