{"Mean":{"confidence_interval":{"confidence_level":0.95,"lower_bound":4.084460959164685,"upper_bound":4.1096590707664},"point_estimate":4.095420419283399,"standard_error":0.006492875470416844},"Median":{"confidence_interval":{"confidence_level":0.95,"lower_bound":4.075295667309248,"upper_bound":4.080421835127489},"point_estimate":4.07737678376337,"standard_error":0.0013096548074623738},"MedianAbsDev":{"confidence_interval":{"confidence_level":0.95,"lower_bound":0.005982595728876732,"upper_bound":0.01184680246467713},"point_estimate":0.008460818013370404,"standard_error":0.0014515362664534218},"Slope":{"confidence_interval":{"confidence_level":0.95,"lower_bound":4.0731993158865505,"upper_bound":4.076063364061613},"point_estimate":4.074415981220007,"standard_error":0.0007375632004292407},"StdDev":{"confidence_interval":{"confidence_level":0.95,"lower_bound":0.025328408618705868,"upper_bound":0.0992721241897123},"point_estimate":0.06546642992482092,"standard_error":0.01947352150050247}}