{"Mean":{"confidence_interval":{"confidence_level":0.95,"lower_bound":2.978091885966604,"upper_bound":2.995507703716547},"point_estimate":2.985552508847272,"standard_error":0.0044874092696813115},"Median":{"confidence_interval":{"confidence_level":0.95,"lower_bound":2.971667408132123,"upper_bound":2.9752919271151526},"point_estimate":2.973599198826533,"standard_error":0.0009549041833439649},"MedianAbsDev":{"confidence_interval":{"confidence_level":0.95,"lower_bound":0.0043934208784828415,"upper_bound":0.00864704288966503},"point_estimate":0.0067235811682868655,"standard_error":0.001131577908397074},"Slope":{"confidence_interval":{"confidence_level":0.95,"lower_bound":2.9700144361769656,"upper_bound":2.971875907138951},"point_estimate":2.9708507974111953,"standard_error":0.00047565574636724184},"StdDev":{"confidence_interval":{"confidence_level":0.95,"lower_bound":0.01711887101966263,"upper_bound":0.06966037131875485},"point_estimate":0.0451265058846523,"standard_error":0.014528224062450695}}