{"Mean":{"confidence_interval":{"confidence_level":0.95,"lower_bound":1.8367646111171623,"upper_bound":1.8454658689972816},"point_estimate":1.840929438979908,"standard_error":0.0022214806487276485},"Median":{"confidence_interval":{"confidence_level":0.95,"lower_bound":1.829778733326585,"upper_bound":1.8379788396075454},"point_estimate":1.8328489404932227,"standard_error":0.0021001777040246194},"MedianAbsDev":{"confidence_interval":{"confidence_level":0.95,"lower_bound":0.009493969278314892,"upper_bound":0.017909926293580083},"point_estimate":0.013216663808313132,"standard_error":0.0021898580864617915},"Slope":{"confidence_interval":{"confidence_level":0.95,"lower_bound":1.8381254913241225,"upper_bound":1.8507376410852112},"point_estimate":1.8440459112258236,"standard_error":0.003227326786059928},"StdDev":{"confidence_interval":{"confidence_level":0.95,"lower_bound":0.017718608904437612,"upper_bound":0.026410177062721737},"point_estimate":0.022345207736190302,"standard_error":0.0022222586150971494}}