{"Mean":{"confidence_interval":{"confidence_level":0.95,"lower_bound":1.8438000992606998,"upper_bound":1.858521436153938},"point_estimate":1.8509904195000246,"standard_error":0.0037623377864986003},"Median":{"confidence_interval":{"confidence_level":0.95,"lower_bound":1.8232283750656322,"upper_bound":1.8408041158381223},"point_estimate":1.8285849282781972,"standard_error":0.004381885721614896},"MedianAbsDev":{"confidence_interval":{"confidence_level":0.95,"lower_bound":0.003550364033416361,"upper_bound":0.029753769781971723},"point_estimate":0.011241164782417573,"standard_error":0.006336006452818835},"Slope":{"confidence_interval":{"confidence_level":0.95,"lower_bound":1.8335288537143486,"upper_bound":1.844148431874477},"point_estimate":1.8382882542672936,"standard_error":0.002705441785082995},"StdDev":{"confidence_interval":{"confidence_level":0.95,"lower_bound":0.03248282333460332,"upper_bound":0.04206188481402325},"point_estimate":0.037858333150573555,"standard_error":0.002441672047144768}}