{"Mean":{"confidence_interval":{"confidence_level":0.95,"lower_bound":11.280025416851649,"upper_bound":11.353818756721145},"point_estimate":11.312829896712415,"standard_error":0.019006033693140138},"Median":{"confidence_interval":{"confidence_level":0.95,"lower_bound":11.246633006678582,"upper_bound":11.270926357930858},"point_estimate":11.255854117134415,"standard_error":0.005713972009252567},"MedianAbsDev":{"confidence_interval":{"confidence_level":0.95,"lower_bound":0.027513786438673277,"upper_bound":0.05220807658718032},"point_estimate":0.03775763697157996,"standard_error":0.006273730331957866},"Slope":{"confidence_interval":{"confidence_level":0.95,"lower_bound":11.24203925755032,"upper_bound":11.257053907826567},"point_estimate":11.2489270073836,"standard_error":0.0038399673383942103},"StdDev":{"confidence_interval":{"confidence_level":0.95,"lower_bound":0.09118502052506137,"upper_bound":0.28015969452351236},"point_estimate":0.19155456472821594,"standard_error":0.05003583982926903}}