{"Mean":{"confidence_interval":{"confidence_level":0.95,"lower_bound":11.245837250574041,"upper_bound":11.321132807388333},"point_estimate":11.278864862627165,"standard_error":0.019356806067780452},"Median":{"confidence_interval":{"confidence_level":0.95,"lower_bound":11.213119592475113,"upper_bound":11.228913580780231},"point_estimate":11.218941096468305,"standard_error":0.004685791075969688},"MedianAbsDev":{"confidence_interval":{"confidence_level":0.95,"lower_bound":0.01691164072158111,"upper_bound":0.03659283728632781},"point_estimate":0.02264721994572409,"standard_error":0.005211818281367809},"Slope":{"confidence_interval":{"confidence_level":0.95,"lower_bound":11.209117923253112,"upper_bound":11.21749940856265},"point_estimate":11.212840957135471,"standard_error":0.0021436358610582196},"StdDev":{"confidence_interval":{"confidence_level":0.95,"lower_bound":0.08787616497242728,"upper_bound":0.28648802684642494},"point_estimate":0.1941416927102178,"standard_error":0.05180442445051403}}