{"Mean":{"confidence_interval":{"confidence_level":0.95,"lower_bound":8.146369868182145,"upper_bound":8.196158740396758},"point_estimate":8.168129316870576,"standard_error":0.012805716828826273},"Median":{"confidence_interval":{"confidence_level":0.95,"lower_bound":8.12178843567846,"upper_bound":8.136076887376786},"point_estimate":8.128762886943221,"standard_error":0.0038941890858488495},"MedianAbsDev":{"confidence_interval":{"confidence_level":0.95,"lower_bound":0.011308931341635072,"upper_bound":0.027587914516833748},"point_estimate":0.019020415405338567,"standard_error":0.004525611888428352},"Slope":{"confidence_interval":{"confidence_level":0.95,"lower_bound":8.12089482933279,"upper_bound":8.127303037991021},"point_estimate":8.123725468391324,"standard_error":0.001638280690570765},"StdDev":{"confidence_interval":{"confidence_level":0.95,"lower_bound":0.054398581668914536,"upper_bound":0.19407626022902055},"point_estimate":0.12816477672188029,"standard_error":0.03745986944218615}}