{"Mean":{"confidence_interval":{"confidence_level":0.95,"lower_bound":73.71869605222729,"upper_bound":74.18877555698458},"point_estimate":73.94346749498415,"standard_error":0.11978360976691946},"Median":{"confidence_interval":{"confidence_level":0.95,"lower_bound":73.34744846768986,"upper_bound":73.40738243903846},"point_estimate":73.36979599400252,"standard_error":0.01326815758528062},"MedianAbsDev":{"confidence_interval":{"confidence_level":0.95,"lower_bound":0.07886648553862606,"upper_bound":0.18119193539145265},"point_estimate":0.10707979675400062,"standard_error":0.02890940435298518},"Slope":{"confidence_interval":{"confidence_level":0.95,"lower_bound":73.60484800939042,"upper_bound":74.00704127848284},"point_estimate":73.78347606607284,"standard_error":0.10301002618095055},"StdDev":{"confidence_interval":{"confidence_level":0.95,"lower_bound":0.9352224074680284,"upper_bound":1.4204092608408363},"point_estimate":1.202759961050986,"standard_error":0.12385228373168312}}