{"Mean":{"confidence_interval":{"confidence_level":0.95,"lower_bound":41.846315645106216,"upper_bound":42.13202284641402},"point_estimate":41.97175406369036,"standard_error":0.07378776885971391},"Median":{"confidence_interval":{"confidence_level":0.95,"lower_bound":41.74477697933673,"upper_bound":41.80458519974081},"point_estimate":41.76351037347963,"standard_error":0.01684795987258647},"MedianAbsDev":{"confidence_interval":{"confidence_level":0.95,"lower_bound":0.08784275664653177,"upper_bound":0.15767001329705033},"point_estimate":0.12932508124714973,"standard_error":0.017469978421028147},"Slope":{"confidence_interval":{"confidence_level":0.95,"lower_bound":41.710598090057765,"upper_bound":41.970409282808205},"point_estimate":41.796599776557535,"standard_error":0.07384518281374136},"StdDev":{"confidence_interval":{"confidence_level":0.95,"lower_bound":0.28560829417100303,"upper_bound":1.0816065827586834},"point_estimate":0.7392351478826298,"standard_error":0.2035453405343762}}