{"Mean":{"confidence_interval":{"confidence_level":0.95,"lower_bound":40.21990321075664,"upper_bound":40.85685076658689},"point_estimate":40.47119023933405,"standard_error":0.16792307885093263},"Median":{"confidence_interval":{"confidence_level":0.95,"lower_bound":40.09502262443439,"upper_bound":40.09945054945055},"point_estimate":40.0968778280543,"standard_error":0.001127415485885493},"MedianAbsDev":{"confidence_interval":{"confidence_level":0.95,"lower_bound":0.002210684478292325,"upper_bound":0.008421672690662928},"point_estimate":0.004770233897876785,"standard_error":0.0015832845838605412},"Slope":{"confidence_interval":{"confidence_level":0.95,"lower_bound":40.178562957157986,"upper_bound":40.677275776551035},"point_estimate":40.398760379367445,"standard_error":0.12790723556010739},"StdDev":{"confidence_interval":{"confidence_level":0.95,"lower_bound":0.47996772664050036,"upper_bound":2.7443597598121237},"point_estimate":1.6833800988503054,"standard_error":0.7172550817510476}}