{"Mean":{"confidence_interval":{"confidence_level":0.95,"lower_bound":4464.994131317984,"upper_bound":4509.121604923351},"point_estimate":4483.304495807158,"standard_error":11.424772385822788},"Median":{"confidence_interval":{"confidence_level":0.95,"lower_bound":4456.622439430175,"upper_bound":4459.550715746422},"point_estimate":4457.607407632937,"standard_error":0.7303937789955813},"MedianAbsDev":{"confidence_interval":{"confidence_level":0.95,"lower_bound":4.762945403658357,"upper_bound":8.87027985274518},"point_estimate":6.256932856975282,"standard_error":1.0269566650243145},"Slope":{"confidence_interval":{"confidence_level":0.95,"lower_bound":4456.612957612373,"upper_bound":4509.622795882194},"point_estimate":4476.967913231027,"standard_error":14.33618587887267},"StdDev":{"confidence_interval":{"confidence_level":0.95,"lower_bound":27.38568639587218,"upper_bound":182.3221981660886},"point_estimate":114.6159098739274,"standard_error":41.89351743836628}}