{"Mean":{"confidence_interval":{"confidence_level":0.95,"lower_bound":2.0116809601082117,"upper_bound":2.0139324817616644},"point_estimate":2.012716706235115,"standard_error":0.0005759035042730843},"Median":{"confidence_interval":{"confidence_level":0.95,"lower_bound":2.010540723941273,"upper_bound":2.0117472152516123},"point_estimate":2.011139404025188,"standard_error":0.00034914231390054573},"MedianAbsDev":{"confidence_interval":{"confidence_level":0.95,"lower_bound":0.0018692552334432764,"upper_bound":0.0030522423957571763},"point_estimate":0.0024744785374346853,"standard_error":0.0003009685252518738},"Slope":{"confidence_interval":{"confidence_level":0.95,"lower_bound":2.01152547355388,"upper_bound":2.0131467353517305},"point_estimate":2.0122501513828315,"standard_error":0.000414437034079067},"StdDev":{"confidence_interval":{"confidence_level":0.95,"lower_bound":0.003559645041814941,"upper_bound":0.00797581427873619},"point_estimate":0.005796071407278166,"standard_error":0.001164669866012471}}