{"Mean":{"confidence_interval":{"confidence_level":0.95,"lower_bound":46.78692009694451,"upper_bound":47.057036846947184},"point_estimate":46.90853508820206,"standard_error":0.06927343530182589},"Median":{"confidence_interval":{"confidence_level":0.95,"lower_bound":46.70255203550658,"upper_bound":46.70661157024794},"point_estimate":46.703834049449725,"standard_error":0.0009136816174429599},"MedianAbsDev":{"confidence_interval":{"confidence_level":0.95,"lower_bound":0.005061805970739246,"upper_bound":0.011261812428808691},"point_estimate":0.006591397742807429,"standard_error":0.001495957342768641},"Slope":{"confidence_interval":{"confidence_level":0.95,"lower_bound":46.763476262237305,"upper_bound":47.05124000147893},"point_estimate":46.89380322509863,"standard_error":0.07367628843065975},"StdDev":{"confidence_interval":{"confidence_level":0.95,"lower_bound":0.3490681919434547,"upper_bound":0.953500807028363},"point_estimate":0.6937485051737053,"standard_error":0.1524840200869481}}