{"Mean":{"confidence_interval":{"confidence_level":0.95,"lower_bound":6.555616340123784,"upper_bound":6.560932250003448},"point_estimate":6.558598451866921,"standard_error":0.0013717369030324922},"Median":{"confidence_interval":{"confidence_level":0.95,"lower_bound":6.559603286439204,"upper_bound":6.560015658877379},"point_estimate":6.5597796100434405,"standard_error":0.00008898282058438707},"MedianAbsDev":{"confidence_interval":{"confidence_level":0.95,"lower_bound":0.00047227828633756934,"upper_bound":0.0008089802042005489},"point_estimate":0.0006144992233321316,"standard_error":0.00008383842914464222},"Slope":{"confidence_interval":{"confidence_level":0.95,"lower_bound":6.556876895270238,"upper_bound":6.559869279760973},"point_estimate":6.558598049606375,"standard_error":0.0007738474709914274},"StdDev":{"confidence_interval":{"confidence_level":0.95,"lower_bound":0.0048331000021530094,"upper_bound":0.020346101226807807},"point_estimate":0.01382735359752036,"standard_error":0.003996826121385146}}