{"Mean":{"confidence_interval":{"confidence_level":0.95,"lower_bound":26.792259671083986,"upper_bound":27.93727163420861},"point_estimate":27.314453978150624,"standard_error":0.294888362768574},"Median":{"confidence_interval":{"confidence_level":0.95,"lower_bound":26.44579647849156,"upper_bound":26.49305352722681},"point_estimate":26.460488439717615,"standard_error":0.010469565910911726},"MedianAbsDev":{"confidence_interval":{"confidence_level":0.95,"lower_bound":0.037706190955996005,"upper_bound":0.09510868764559446},"point_estimate":0.05647071382225811,"standard_error":0.013519082331192929},"Slope":{"confidence_interval":{"confidence_level":0.95,"lower_bound":26.50209793070034,"upper_bound":26.841046330835095},"point_estimate":26.643552367280545,"standard_error":0.08736357586942563},"StdDev":{"confidence_interval":{"confidence_level":0.95,"lower_bound":1.515961536043467,"upper_bound":3.9870669138827872},"point_estimate":2.965024828572836,"standard_error":0.6029008391166198}}