{"mean":{"confidence_interval":{"confidence_level":0.95,"lower_bound":22.9646808016011,"upper_bound":23.01580119119196},"point_estimate":22.987113516575,"standard_error":0.013157642392652515},"median":{"confidence_interval":{"confidence_level":0.95,"lower_bound":22.96507331716892,"upper_bound":22.987951016048957},"point_estimate":22.976985904505128,"standard_error":0.005735460781849964},"median_abs_dev":{"confidence_interval":{"confidence_level":0.95,"lower_bound":0.038765816175007364,"upper_bound":0.07045610875954397},"point_estimate":0.052903688932241136,"standard_error":0.008174741685482658},"slope":{"confidence_interval":{"confidence_level":0.95,"lower_bound":22.96472101455542,"upper_bound":23.04001233100436},"point_estimate":22.993472462030436,"standard_error":0.020349772526673308},"std_dev":{"confidence_interval":{"confidence_level":0.95,"lower_bound":0.06300424866255892,"upper_bound":0.2032745872683677},"point_estimate":0.13213302864697382,"standard_error":0.041616594801878105}}