{"Mean":{"confidence_interval":{"confidence_level":0.95,"lower_bound":8.973358254292812,"upper_bound":9.032957767183175},"point_estimate":9.000774695581672,"standard_error":0.015290337451613692},"Median":{"confidence_interval":{"confidence_level":0.95,"lower_bound":8.939127642151211,"upper_bound":8.95487779565704},"point_estimate":8.946674693706074,"standard_error":0.004022320478083326},"MedianAbsDev":{"confidence_interval":{"confidence_level":0.95,"lower_bound":0.012832444368159125,"upper_bound":0.03104381108742061},"point_estimate":0.02028741786473164,"standard_error":0.004476308661501616},"Slope":{"confidence_interval":{"confidence_level":0.95,"lower_bound":8.950773867053526,"upper_bound":8.992812840936162},"point_estimate":8.96862767549241,"standard_error":0.010793449795043774},"StdDev":{"confidence_interval":{"confidence_level":0.95,"lower_bound":0.09133695424622441,"upper_bound":0.2041252096581419},"point_estimate":0.15389917405560502,"standard_error":0.028798952321840657}}