{"Mean":{"confidence_interval":{"confidence_level":0.95,"lower_bound":9.59961760237598,"upper_bound":9.658833866854579},"point_estimate":9.626147964307647,"standard_error":0.015193314307156657},"Median":{"confidence_interval":{"confidence_level":0.95,"lower_bound":9.559672876336691,"upper_bound":9.578165374244804},"point_estimate":9.568044536395739,"standard_error":0.005122855946059798},"MedianAbsDev":{"confidence_interval":{"confidence_level":0.95,"lower_bound":0.019937553929122408,"upper_bound":0.045542007004568494},"point_estimate":0.03144241048746229,"standard_error":0.007173928312964982},"Slope":{"confidence_interval":{"confidence_level":0.95,"lower_bound":9.566216093188508,"upper_bound":9.607513477790516},"point_estimate":9.584456676181892,"standard_error":0.010627784281819036},"StdDev":{"confidence_interval":{"confidence_level":0.95,"lower_bound":0.0848604130598729,"upper_bound":0.2213085518249038},"point_estimate":0.15219021867755625,"standard_error":0.03832334103730715}}