{"Mean":{"confidence_interval":{"confidence_level":0.95,"lower_bound":7.750917953271645,"upper_bound":7.8215574928021585},"point_estimate":7.781787592035596,"standard_error":0.018266902727802407},"Median":{"confidence_interval":{"confidence_level":0.95,"lower_bound":7.7391354391041975,"upper_bound":7.739583034818741},"point_estimate":7.7392834417230185,"standard_error":0.00011642481160978453},"MedianAbsDev":{"confidence_interval":{"confidence_level":0.95,"lower_bound":0.000286191515791808,"upper_bound":0.0008942336416562769},"point_estimate":0.0005230177586091719,"standard_error":0.0001589900459749942},"Slope":{"confidence_interval":{"confidence_level":0.95,"lower_bound":7.742328573305738,"upper_bound":7.8108146469200666},"point_estimate":7.767627140324476,"standard_error":0.01854082178025595},"StdDev":{"confidence_interval":{"confidence_level":0.95,"lower_bound":0.0630992915717357,"upper_bound":0.26472973855031384},"point_estimate":0.18342177283918853,"standard_error":0.04992331703374989}}