{"Mean":{"confidence_interval":{"confidence_level":0.95,"lower_bound":7.951937174304568,"upper_bound":8.319529180910461},"point_estimate":8.129786385221113,"standard_error":0.09367305335002032},"Median":{"confidence_interval":{"confidence_level":0.95,"lower_bound":7.599715215552441,"upper_bound":7.618035247147226},"point_estimate":7.606047758818374,"standard_error":0.005324642837405118},"MedianAbsDev":{"confidence_interval":{"confidence_level":0.95,"lower_bound":0.014581479111508136,"upper_bound":0.043002952052160884},"point_estimate":0.02368522145440255,"standard_error":0.007925776186512709},"Slope":{"confidence_interval":{"confidence_level":0.95,"lower_bound":7.640265072263889,"upper_bound":7.7217315771510835},"point_estimate":7.674741266107668,"standard_error":0.020822478045269207},"StdDev":{"confidence_interval":{"confidence_level":0.95,"lower_bound":0.7893645638314873,"upper_bound":1.0482481912180466},"point_estimate":0.9417693287109796,"standard_error":0.06589620004456914}}