{"Mean":{"confidence_interval":{"confidence_level":0.95,"lower_bound":622.9814191504183,"upper_bound":632.2476856105438},"point_estimate":627.3042810233977,"standard_error":2.3808212508643503},"Median":{"confidence_interval":{"confidence_level":0.95,"lower_bound":616.8941878625614,"upper_bound":620.4805802155993},"point_estimate":618.7078159837994,"standard_error":0.884663998259175},"MedianAbsDev":{"confidence_interval":{"confidence_level":0.95,"lower_bound":4.653469259769476,"upper_bound":8.861371160613523},"point_estimate":6.621254888869515,"standard_error":1.0687431846208177},"Slope":{"confidence_interval":{"confidence_level":0.95,"lower_bound":614.9225460577106,"upper_bound":616.4625160733425},"point_estimate":615.6285525343579,"standard_error":0.3931149251511697},"StdDev":{"confidence_interval":{"confidence_level":0.95,"lower_bound":16.257332862464448,"upper_bound":30.429488720893538},"point_estimate":23.96813692269147,"standard_error":3.621246574592967}}