{"Mean":{"confidence_interval":{"confidence_level":0.95,"lower_bound":51.90957557667085,"upper_bound":52.32099475253586},"point_estimate":52.09958823613467,"standard_error":0.10526374114536195},"Median":{"confidence_interval":{"confidence_level":0.95,"lower_bound":51.62471331329237,"upper_bound":51.99470976001576},"point_estimate":51.714440831789446,"standard_error":0.07131879784175192},"MedianAbsDev":{"confidence_interval":{"confidence_level":0.95,"lower_bound":0.2664880727377179,"upper_bound":0.5718165510684194},"point_estimate":0.4271268806595166,"standard_error":0.06675560058575368},"Slope":{"confidence_interval":{"confidence_level":0.95,"lower_bound":51.8493235999628,"upper_bound":52.04827387832208},"point_estimate":51.95178643707896,"standard_error":0.05057967940007566},"StdDev":{"confidence_interval":{"confidence_level":0.95,"lower_bound":0.6657714862611191,"upper_bound":1.3995403565164712},"point_estimate":1.056644989074671,"standard_error":0.1884340118710087}}