{"Mean":{"confidence_interval":{"confidence_level":0.95,"lower_bound":8.95289200328268,"upper_bound":8.9762185108232},"point_estimate":8.962990611909937,"standard_error":0.006033706490189587},"Median":{"confidence_interval":{"confidence_level":0.95,"lower_bound":8.943895511306032,"upper_bound":8.952262148778587},"point_estimate":8.947656227266114,"standard_error":0.002515970019884763},"MedianAbsDev":{"confidence_interval":{"confidence_level":0.95,"lower_bound":0.013035034516422838,"upper_bound":0.02456811184282101},"point_estimate":0.018341270475883683,"standard_error":0.0030734816448953887},"Slope":{"confidence_interval":{"confidence_level":0.95,"lower_bound":8.950086232934561,"upper_bound":8.958916233302022},"point_estimate":8.95438585247933,"standard_error":0.0022516154540424185},"StdDev":{"confidence_interval":{"confidence_level":0.95,"lower_bound":0.022838716124407854,"upper_bound":0.09166124068617791},"point_estimate":0.06055300938276264,"standard_error":0.018551166549667725}}