{"Mean":{"confidence_interval":{"confidence_level":0.95,"lower_bound":20.99043435751022,"upper_bound":21.008435210988036},"point_estimate":20.99854018583968,"standard_error":0.004621861987601046},"Median":{"confidence_interval":{"confidence_level":0.95,"lower_bound":20.98639355080959,"upper_bound":20.99738188009696},"point_estimate":20.989742318857036,"standard_error":0.0026179283301891675},"MedianAbsDev":{"confidence_interval":{"confidence_level":0.95,"lower_bound":0.02074157751437917,"upper_bound":0.03449491046143369},"point_estimate":0.028831490782845286,"standard_error":0.0035138978042565396},"Slope":{"confidence_interval":{"confidence_level":0.95,"lower_bound":20.987769625240958,"upper_bound":21.00008944177497},"point_estimate":20.993746951498764,"standard_error":0.003140900333106401},"StdDev":{"confidence_interval":{"confidence_level":0.95,"lower_bound":0.026875003281420597,"upper_bound":0.06741719714933997},"point_estimate":0.046338938342987704,"standard_error":0.011881354996083086}}