{"mean":{"confidence_interval":{"confidence_level":0.95,"lower_bound":34.543622544493175,"upper_bound":35.260129417621286},"point_estimate":34.87735129878042,"standard_error":0.1829543899823824},"median":{"confidence_interval":{"confidence_level":0.95,"lower_bound":34.72820815826331,"upper_bound":35.09741311486716},"point_estimate":34.97202829434243,"standard_error":0.09411224880432334},"median_abs_dev":{"confidence_interval":{"confidence_level":0.95,"lower_bound":0.5900113478843364,"upper_bound":1.1118802030910786},"point_estimate":0.7881254195280534,"standard_error":0.13477148311975326},"slope":{"confidence_interval":{"confidence_level":0.95,"lower_bound":34.029000724789775,"upper_bound":34.600267817850366},"point_estimate":34.32234043485874,"standard_error":0.14620353645571155},"std_dev":{"confidence_interval":{"confidence_level":0.95,"lower_bound":1.190536224749239,"upper_bound":2.5130998079772344},"point_estimate":1.8345969789981458,"standard_error":0.3536066156211974}}