{"Mean":{"confidence_interval":{"confidence_level":0.95,"lower_bound":2.8549433218088422,"upper_bound":2.9337116791936237},"point_estimate":2.887888215172693,"standard_error":0.020403707680972844},"Median":{"confidence_interval":{"confidence_level":0.95,"lower_bound":2.833387090104619,"upper_bound":2.834493716183333},"point_estimate":2.833998268275394,"standard_error":0.0002661599701522595},"MedianAbsDev":{"confidence_interval":{"confidence_level":0.95,"lower_bound":0.0021791960231585185,"upper_bound":0.00490717083555667},"point_estimate":0.0037180838835597567,"standard_error":0.0007592532973695214},"Slope":{"confidence_interval":{"confidence_level":0.95,"lower_bound":2.8489381045808373,"upper_bound":2.8875389783006002},"point_estimate":2.866364607154326,"standard_error":0.009901886916641385},"StdDev":{"confidence_interval":{"confidence_level":0.95,"lower_bound":0.04852306136825207,"upper_bound":0.32448583730961283},"point_estimate":0.20452450375356057,"standard_error":0.07250541318521436}}