{"Mean":{"confidence_interval":{"confidence_level":0.95,"lower_bound":2.354289418835653,"upper_bound":2.357229707587771},"point_estimate":2.355602767889155,"standard_error":0.000754870040347793},"Median":{"confidence_interval":{"confidence_level":0.95,"lower_bound":2.3530000460973763,"upper_bound":2.3539602906390544},"point_estimate":2.353430615713048,"standard_error":0.00021842693428312203},"MedianAbsDev":{"confidence_interval":{"confidence_level":0.95,"lower_bound":0.001200985544346547,"upper_bound":0.0024380236214957937},"point_estimate":0.0018846826203991283,"standard_error":0.0003202575821226537},"Slope":{"confidence_interval":{"confidence_level":0.95,"lower_bound":2.3534311808189576,"upper_bound":2.3545903750621253},"point_estimate":2.353964790406572,"standard_error":0.0002971809289918256},"StdDev":{"confidence_interval":{"confidence_level":0.95,"lower_bound":0.0036683228746758256,"upper_bound":0.011062884860261264},"point_estimate":0.00757022632868781,"standard_error":0.001954374862639275}}