{"Mean":{"confidence_interval":{"confidence_level":0.95,"lower_bound":2.018257958884503,"upper_bound":2.02249176988734},"point_estimate":2.020062614131439,"standard_error":0.0010921708812597127},"Median":{"confidence_interval":{"confidence_level":0.95,"lower_bound":2.0170701852454753,"upper_bound":2.018018024935552},"point_estimate":2.01754581226875,"standard_error":0.00025915587944506246},"MedianAbsDev":{"confidence_interval":{"confidence_level":0.95,"lower_bound":0.0012087937166876212,"upper_bound":0.002097315540385893},"point_estimate":0.0016427961753857669,"standard_error":0.00023122628504751224},"Slope":{"confidence_interval":{"confidence_level":0.95,"lower_bound":2.017807635533036,"upper_bound":2.0206452050782393},"point_estimate":2.018940929483833,"standard_error":0.0007426820237076208},"StdDev":{"confidence_interval":{"confidence_level":0.95,"lower_bound":0.0031440556466246846,"upper_bound":0.01711259262507758},"point_estimate":0.010988216452852069,"standard_error":0.0036049021941732258}}