{"mean":{"confidence_interval":{"confidence_level":0.95,"lower_bound":76.83072412563375,"upper_bound":78.39867619339408},"point_estimate":77.57879953164166,"standard_error":0.4018448297940846},"median":{"confidence_interval":{"confidence_level":0.95,"lower_bound":75.63940887533876,"upper_bound":76.08300891181989},"point_estimate":75.82652349450177,"standard_error":0.09991394169288315},"median_abs_dev":{"confidence_interval":{"confidence_level":0.95,"lower_bound":0.6241254084473841,"upper_bound":1.1730707358363073},"point_estimate":0.8783362526001436,"standard_error":0.13637841481760718},"slope":{"confidence_interval":{"confidence_level":0.95,"lower_bound":75.4427932991496,"upper_bound":75.8766786606213},"point_estimate":75.62956148268859,"standard_error":0.11163064453754697},"std_dev":{"confidence_interval":{"confidence_level":0.95,"lower_bound":3.052496623303867,"upper_bound":4.907800265516884},"point_estimate":4.025934763825481,"standard_error":0.4722360932453053}}