{"Mean":{"confidence_interval":{"confidence_level":0.95,"lower_bound":738.2546906493797,"upper_bound":744.6144104000441},"point_estimate":741.1977828424823,"standard_error":1.6273811753399396},"Median":{"confidence_interval":{"confidence_level":0.95,"lower_bound":735.3061342592592,"upper_bound":737.6944399075687},"point_estimate":736.398148704594,"standard_error":0.665276026933295},"MedianAbsDev":{"confidence_interval":{"confidence_level":0.95,"lower_bound":2.9419036895470865,"upper_bound":7.563379642276794},"point_estimate":5.420969484805741,"standard_error":1.1793697369305987},"Slope":{"confidence_interval":{"confidence_level":0.95,"lower_bound":732.8781824020876,"upper_bound":735.1877425162007},"point_estimate":734.0589795042937,"standard_error":0.5881256439575719},"StdDev":{"confidence_interval":{"confidence_level":0.95,"lower_bound":10.048782408489801,"upper_bound":21.841422430165796},"point_estimate":16.370420639509515,"standard_error":3.011728462765103}}