{"Mean":{"confidence_interval":{"confidence_level":0.95,"lower_bound":2.479035675694499,"upper_bound":2.487568405194261},"point_estimate":2.482851160182909,"standard_error":0.0021943794298221603},"Median":{"confidence_interval":{"confidence_level":0.95,"lower_bound":2.475039556666559,"upper_bound":2.4775998527850316},"point_estimate":2.4757162274831623,"standard_error":0.0007831653897556343},"MedianAbsDev":{"confidence_interval":{"confidence_level":0.95,"lower_bound":0.002538819193735125,"upper_bound":0.005693541773681285},"point_estimate":0.0036601328519349848,"standard_error":0.0008889668271430282},"Slope":{"confidence_interval":{"confidence_level":0.95,"lower_bound":2.4776034285668853,"upper_bound":2.481141402654817},"point_estimate":2.4792453783854014,"standard_error":0.0009024557534667123},"StdDev":{"confidence_interval":{"confidence_level":0.95,"lower_bound":0.01021413300439467,"upper_bound":0.031249321222212304},"point_estimate":0.022096587508722842,"standard_error":0.00528849873544958}}