{"mean":{"confidence_interval":{"confidence_level":0.95,"lower_bound":73700.33190465071,"upper_bound":73879.58923491694},"point_estimate":73767.65159206213,"standard_error":49.113803811558654},"median":{"confidence_interval":{"confidence_level":0.95,"lower_bound":73662.45634920635,"upper_bound":73735.79846938775},"point_estimate":73695.53116883116,"standard_error":15.108108632855009},"median_abs_dev":{"confidence_interval":{"confidence_level":0.95,"lower_bound":96.24857872794773,"upper_bound":145.64007083186735},"point_estimate":125.85754749962678,"standard_error":12.390598524270539},"slope":{"confidence_interval":{"confidence_level":0.95,"lower_bound":73696.17400740512,"upper_bound":73748.63573410854},"point_estimate":73721.59758555173,"standard_error":13.347122885346836},"std_dev":{"confidence_interval":{"confidence_level":0.95,"lower_bound":113.39619425523702,"upper_bound":829.4377484283318},"point_estimate":494.8851482909095,"standard_error":245.55340805145067}}