{"Mean":{"confidence_interval":{"confidence_level":0.95,"lower_bound":2.111894920835127,"upper_bound":2.125237631304535},"point_estimate":2.11791629422206,"standard_error":0.0034297412870083898},"Median":{"confidence_interval":{"confidence_level":0.95,"lower_bound":2.106845130004407,"upper_bound":2.1084224672397958},"point_estimate":2.1077451911931835,"standard_error":0.00048469794916801114},"MedianAbsDev":{"confidence_interval":{"confidence_level":0.95,"lower_bound":0.0030335840068522126,"upper_bound":0.007294707204385645},"point_estimate":0.005070319903195388,"standard_error":0.0011430048708143412},"Slope":{"confidence_interval":{"confidence_level":0.95,"lower_bound":2.113057296492444,"upper_bound":2.1245156541229067},"point_estimate":2.1182957881128734,"standard_error":0.0029349453790599687},"StdDev":{"confidence_interval":{"confidence_level":0.95,"lower_bound":0.018034251241019178,"upper_bound":0.04790814008176513},"point_estimate":0.03434754446771092,"standard_error":0.0077195891014155945}}