{"Mean":{"confidence_interval":{"confidence_level":0.95,"lower_bound":7.691352812103975,"upper_bound":7.704699787699623},"point_estimate":7.698460946638973,"standard_error":0.003401047746270301},"Median":{"confidence_interval":{"confidence_level":0.95,"lower_bound":7.700735452397108,"upper_bound":7.709184429521827},"point_estimate":7.703794609325699,"standard_error":0.002381026339489212},"MedianAbsDev":{"confidence_interval":{"confidence_level":0.95,"lower_bound":0.013188941582950295,"upper_bound":0.022423955983335526},"point_estimate":0.01768183980868969,"standard_error":0.002321051418406317},"Slope":{"confidence_interval":{"confidence_level":0.95,"lower_bound":7.7021038786184794,"upper_bound":7.708976037456549},"point_estimate":7.705540658181988,"standard_error":0.001756841102090457},"StdDev":{"confidence_interval":{"confidence_level":0.95,"lower_bound":0.02243770489782418,"upper_bound":0.04474629733273759},"point_estimate":0.034083286967489225,"standard_error":0.005725135363223379}}