{"Mean":{"confidence_interval":{"confidence_level":0.95,"lower_bound":7.722916198818007,"upper_bound":7.747703903538084},"point_estimate":7.734902644388123,"standard_error":0.006304538171758774},"Median":{"confidence_interval":{"confidence_level":0.95,"lower_bound":7.724143852294239,"upper_bound":7.7326079401064005},"point_estimate":7.728692539671159,"standard_error":0.0020713043164395056},"MedianAbsDev":{"confidence_interval":{"confidence_level":0.95,"lower_bound":0.015854000339773577,"upper_bound":0.029841019414474694},"point_estimate":0.021249494104214905,"standard_error":0.0034690690906955235},"Slope":{"confidence_interval":{"confidence_level":0.95,"lower_bound":7.7244502460624265,"upper_bound":7.735026126687696},"point_estimate":7.729590690709145,"standard_error":0.002705739754135841},"StdDev":{"confidence_interval":{"confidence_level":0.95,"lower_bound":0.039711990703881546,"upper_bound":0.08363477484816682},"point_estimate":0.06367588140286981,"standard_error":0.01117861087758421}}