{"mean":{"confidence_interval":{"confidence_level":0.95,"lower_bound":85.22198279534206,"upper_bound":86.9079262114527},"point_estimate":86.06526048911604,"standard_error":0.42901643422050406},"median":{"confidence_interval":{"confidence_level":0.95,"lower_bound":87.1965447387532,"upper_bound":87.377878540305},"point_estimate":87.26386238198984,"standard_error":0.05595933864936073},"median_abs_dev":{"confidence_interval":{"confidence_level":0.95,"lower_bound":0.41358005033531264,"upper_bound":1.1550197718221364},"point_estimate":0.5816019433777477,"standard_error":0.1905065718757552},"slope":{"confidence_interval":{"confidence_level":0.95,"lower_bound":84.0263675953746,"upper_bound":86.00963696493956},"point_estimate":85.06586495079125,"standard_error":0.50720202102417},"std_dev":{"confidence_interval":{"confidence_level":0.95,"lower_bound":3.4117963574336776,"upper_bound":5.246292343157771},"point_estimate":4.30539319766209,"standard_error":0.47240666860312014}}