{"Mean":{"confidence_interval":{"confidence_level":0.95,"lower_bound":2.5181238562773562,"upper_bound":2.5269300397571164},"point_estimate":2.521946004465079,"standard_error":0.0022704639941357684},"Median":{"confidence_interval":{"confidence_level":0.95,"lower_bound":2.516108133030296,"upper_bound":2.5165232924364216},"point_estimate":2.516300771134669,"standard_error":0.00011418351380129879},"MedianAbsDev":{"confidence_interval":{"confidence_level":0.95,"lower_bound":0.0005958925262579196,"upper_bound":0.0010334467757942547},"point_estimate":0.00076936037150953,"standard_error":0.00011672357332334354},"Slope":{"confidence_interval":{"confidence_level":0.95,"lower_bound":2.5183991032299717,"upper_bound":2.5298619485975085},"point_estimate":2.523576932224318,"standard_error":0.0029300775071793906},"StdDev":{"confidence_interval":{"confidence_level":0.95,"lower_bound":0.008986611966901812,"upper_bound":0.03430796613576035},"point_estimate":0.022849572795141684,"standard_error":0.006725426069089322}}