{"Mean":{"confidence_interval":{"confidence_level":0.95,"lower_bound":28891.945383393766,"upper_bound":29037.531107905437},"point_estimate":28954.87959420718,"standard_error":37.664400300836},"Median":{"confidence_interval":{"confidence_level":0.95,"lower_bound":28840.5500558909,"upper_bound":28868.983333333334},"point_estimate":28852.9295845998,"standard_error":8.090588759002914},"MedianAbsDev":{"confidence_interval":{"confidence_level":0.95,"lower_bound":34.02056275569837,"upper_bound":72.93258811764643},"point_estimate":49.23418203279908,"standard_error":10.391443364867236},"Slope":{"confidence_interval":{"confidence_level":0.95,"lower_bound":28869.537583545174,"upper_bound":29018.399577276912},"point_estimate":28923.366294327512,"standard_error":40.525429936728386},"StdDev":{"confidence_interval":{"confidence_level":0.95,"lower_bound":144.89635921540395,"upper_bound":578.7353233640235},"point_estimate":378.3477239428467,"standard_error":115.68137429137}}