{"Mean":{"confidence_interval":{"confidence_level":0.95,"lower_bound":2.4123707740600326,"upper_bound":2.4284007705395014},"point_estimate":2.4195535965818395,"standard_error":0.004113052515367299},"Median":{"confidence_interval":{"confidence_level":0.95,"lower_bound":2.406260775862069,"upper_bound":2.4065658576725184},"point_estimate":2.406394097222222,"standard_error":0.0000796802283543842},"MedianAbsDev":{"confidence_interval":{"confidence_level":0.95,"lower_bound":0.0006738490799170679,"upper_bound":0.0011479491433520322},"point_estimate":0.0009976662322877534,"standard_error":0.00012911003826060222},"Slope":{"confidence_interval":{"confidence_level":0.95,"lower_bound":2.4219562121284137,"upper_bound":2.452718844454985},"point_estimate":2.437166128823703,"standard_error":0.007866324086972323},"StdDev":{"confidence_interval":{"confidence_level":0.95,"lower_bound":0.022527940701489182,"upper_bound":0.058631919125720355},"point_estimate":0.04127256734066549,"standard_error":0.00951592076934668}}