{"Mean":{"confidence_interval":{"confidence_level":0.95,"lower_bound":2.3968040802421986,"upper_bound":2.397631956661946},"point_estimate":2.397190396507937,"standard_error":0.00021136194796139793},"Median":{"confidence_interval":{"confidence_level":0.95,"lower_bound":2.3963475368553735,"upper_bound":2.396539298135896},"point_estimate":2.3964056482670086,"standard_error":0.00005277639636026643},"MedianAbsDev":{"confidence_interval":{"confidence_level":0.95,"lower_bound":0.00028901498590948993,"upper_bound":0.0005151136035295936},"point_estimate":0.0004196820306648365,"standard_error":0.000057208059087147927},"Slope":{"confidence_interval":{"confidence_level":0.95,"lower_bound":2.396796115417261,"upper_bound":2.3980164279396936},"point_estimate":2.3973755967067123,"standard_error":0.00031117362731474473},"StdDev":{"confidence_interval":{"confidence_level":0.95,"lower_bound":0.0014503348570973737,"upper_bound":0.0026594385675662233},"point_estimate":0.0021190631899457918,"standard_error":0.0003075308362485958}}