{"Mean":{"confidence_interval":{"confidence_level":0.95,"lower_bound":2.500415635280581,"upper_bound":2.5963370480539667},"point_estimate":2.5472894508849855,"standard_error":0.02444973753090792},"Median":{"confidence_interval":{"confidence_level":0.95,"lower_bound":2.389852095970451,"upper_bound":2.393513874958208},"point_estimate":2.390323351005397,"standard_error":0.0018034940862059578},"MedianAbsDev":{"confidence_interval":{"confidence_level":0.95,"lower_bound":0.000850285690506319,"upper_bound":0.006356777913531443},"point_estimate":0.0016199880369093733,"standard_error":0.002704544950471942},"Slope":{"confidence_interval":{"confidence_level":0.95,"lower_bound":2.5015781926316634,"upper_bound":2.6148831873112783},"point_estimate":2.554339634834754,"standard_error":0.028929394914116602},"StdDev":{"confidence_interval":{"confidence_level":0.95,"lower_bound":0.21135868863114265,"upper_bound":0.2735449112184732},"point_estimate":0.2453416652532138,"standard_error":0.015827630426553795}}