{"Mean":{"confidence_interval":{"confidence_level":0.95,"lower_bound":13578.581431236287,"upper_bound":13666.63201042337},"point_estimate":13612.909222471593,"standard_error":23.51702458976888},"Median":{"confidence_interval":{"confidence_level":0.95,"lower_bound":13568.193225357914,"upper_bound":13580.424055396657},"point_estimate":13572.17281452776,"standard_error":3.516211657638488},"MedianAbsDev":{"confidence_interval":{"confidence_level":0.95,"lower_bound":16.308502068211208,"upper_bound":39.01471985529541},"point_estimate":27.07756536552975,"standard_error":6.060385188677264},"Slope":{"confidence_interval":{"confidence_level":0.95,"lower_bound":13588.268714821472,"upper_bound":13616.277736331174},"point_estimate":13601.409222840091,"standard_error":7.162391762027383},"StdDev":{"confidence_interval":{"confidence_level":0.95,"lower_bound":55.59362373870512,"upper_bound":392.2217311590464},"point_estimate":236.682514807804,"standard_error":107.6427058494366}}