{"Mean":{"confidence_interval":{"confidence_level":0.95,"lower_bound":13752.44086468358,"upper_bound":13792.785455430907},"point_estimate":13771.998067163653,"standard_error":10.30583834924559},"Median":{"confidence_interval":{"confidence_level":0.95,"lower_bound":13753.419322801183,"upper_bound":13763.49058109834},"point_estimate":13757.406723484848,"standard_error":2.590881177169783},"MedianAbsDev":{"confidence_interval":{"confidence_level":0.95,"lower_bound":15.957141074573615,"upper_bound":38.33723672468007},"point_estimate":23.864025270773254,"standard_error":5.944228637269182},"Slope":{"confidence_interval":{"confidence_level":0.95,"lower_bound":13770.795645302715,"upper_bound":13797.362447518626},"point_estimate":13783.63803228084,"standard_error":6.811136967530664},"StdDev":{"confidence_interval":{"confidence_level":0.95,"lower_bound":68.45590010293743,"upper_bound":135.54284049474353},"point_estimate":103.41199132725717,"standard_error":17.14618611267368}}