{"Mean":{"confidence_interval":{"confidence_level":0.95,"lower_bound":4.86620383094062,"upper_bound":4.871290329699142},"point_estimate":4.868135666373934,"standard_error":0.0013837663718097033},"Median":{"confidence_interval":{"confidence_level":0.95,"lower_bound":4.865275804924242,"upper_bound":4.865381758764111},"point_estimate":4.865308395241172,"standard_error":0.00002804487518136647},"MedianAbsDev":{"confidence_interval":{"confidence_level":0.95,"lower_bound":0.00014357559218688466,"upper_bound":0.00030696564136017284},"point_estimate":0.00020584799302829414,"standard_error":0.000042226225397219144},"Slope":{"confidence_interval":{"confidence_level":0.95,"lower_bound":4.866612245720934,"upper_bound":4.878820178263862},"point_estimate":4.871039419240431,"standard_error":0.003409973319735391},"StdDev":{"confidence_interval":{"confidence_level":0.95,"lower_bound":0.0031394257591435652,"upper_bound":0.023198599010890292},"point_estimate":0.013927659164076487,"standard_error":0.006718499403709595}}