{"Mean":{"confidence_interval":{"confidence_level":0.95,"lower_bound":2.5920377833457655,"upper_bound":2.6208197076367696},"point_estimate":2.6041806233820597,"standard_error":0.007471711581851126},"Median":{"confidence_interval":{"confidence_level":0.95,"lower_bound":2.5837689814969984,"upper_bound":2.588124357533064},"point_estimate":2.5856464047615075,"standard_error":0.0012581264189649298},"MedianAbsDev":{"confidence_interval":{"confidence_level":0.95,"lower_bound":0.005279103684272466,"upper_bound":0.009912777395418057},"point_estimate":0.007601179052920438,"standard_error":0.0011963898396959729},"Slope":{"confidence_interval":{"confidence_level":0.95,"lower_bound":2.5830595441786186,"upper_bound":2.586023301171365},"point_estimate":2.5844621312346896,"standard_error":0.0007556366430408951},"StdDev":{"confidence_interval":{"confidence_level":0.95,"lower_bound":0.025435809124993793,"upper_bound":0.11690112929241868},"point_estimate":0.07472555115327802,"standard_error":0.025282025636763336}}