{"Mean":{"confidence_interval":{"confidence_level":0.95,"lower_bound":1.979196596951041,"upper_bound":1.9842741340920471},"point_estimate":1.981399686186968,"standard_error":0.0013082684232583368},"Median":{"confidence_interval":{"confidence_level":0.95,"lower_bound":1.9772306930647399,"upper_bound":1.9785627326436401},"point_estimate":1.977864776273945,"standard_error":0.0003653544713279967},"MedianAbsDev":{"confidence_interval":{"confidence_level":0.95,"lower_bound":0.0016431815850265659,"upper_bound":0.0032329830222852904},"point_estimate":0.002340119989158183,"standard_error":0.00044576389964208176},"Slope":{"confidence_interval":{"confidence_level":0.95,"lower_bound":1.978874230441223,"upper_bound":1.9810923887110958},"point_estimate":1.9799420302581305,"standard_error":0.0005666508621907555},"StdDev":{"confidence_interval":{"confidence_level":0.95,"lower_bound":0.005084278688733797,"upper_bound":0.020090401651903296},"point_estimate":0.01315063406379144,"standard_error":0.004013770629075864}}