{"Mean":{"confidence_interval":{"confidence_level":0.95,"lower_bound":1.9794985941099776,"upper_bound":1.9918534072966456},"point_estimate":1.9848272626453647,"standard_error":0.00317198132555415},"Median":{"confidence_interval":{"confidence_level":0.95,"lower_bound":1.977661623070138,"upper_bound":1.9785234597678758},"point_estimate":1.9782452328149707,"standard_error":0.0002567713854581641},"MedianAbsDev":{"confidence_interval":{"confidence_level":0.95,"lower_bound":0.0014714434993703287,"upper_bound":0.0029266297799202634},"point_estimate":0.0023530812884527113,"standard_error":0.00038482368380785876},"Slope":{"confidence_interval":{"confidence_level":0.95,"lower_bound":1.9784373129415984,"upper_bound":1.980727242705219},"point_estimate":1.979451527577558,"standard_error":0.0005891865299840279},"StdDev":{"confidence_interval":{"confidence_level":0.95,"lower_bound":0.007303733514398783,"upper_bound":0.04795664398212075},"point_estimate":0.031855601476193034,"standard_error":0.01006916575978115}}