{"Mean":{"confidence_interval":{"confidence_level":0.95,"lower_bound":1.9837414167638616,"upper_bound":2.008064132635903},"point_estimate":1.9943940623999143,"standard_error":0.006283699524393101},"Median":{"confidence_interval":{"confidence_level":0.95,"lower_bound":1.9790602878387569,"upper_bound":1.9802161157794749},"point_estimate":1.9795205301820333,"standard_error":0.00029323315587538926},"MedianAbsDev":{"confidence_interval":{"confidence_level":0.95,"lower_bound":0.0016146086996853461,"upper_bound":0.0030904289917347188},"point_estimate":0.002059620066419167,"standard_error":0.00037276707063910847},"Slope":{"confidence_interval":{"confidence_level":0.95,"lower_bound":1.981203267533664,"upper_bound":2.03592034497211},"point_estimate":2.003526148327311,"standard_error":0.01473580996876026},"StdDev":{"confidence_interval":{"confidence_level":0.95,"lower_bound":0.01968569073446442,"upper_bound":0.09206611947307254},"point_estimate":0.06324704424899757,"standard_error":0.017670954277273047}}