{"Mean":{"confidence_interval":{"confidence_level":0.95,"lower_bound":16.674861217533277,"upper_bound":16.792933281867413},"point_estimate":16.72750637711449,"standard_error":0.030292026753774768},"Median":{"confidence_interval":{"confidence_level":0.95,"lower_bound":16.626342080463896,"upper_bound":16.652559127084565},"point_estimate":16.63416003560508,"standard_error":0.0070945390272783085},"MedianAbsDev":{"confidence_interval":{"confidence_level":0.95,"lower_bound":0.033434077853693,"upper_bound":0.06228667065134259},"point_estimate":0.04624884978414291,"standard_error":0.007278782870771622},"Slope":{"confidence_interval":{"confidence_level":0.95,"lower_bound":16.618188472944976,"upper_bound":16.65788253642575},"point_estimate":16.633698600427024,"standard_error":0.010359830693916765},"StdDev":{"confidence_interval":{"confidence_level":0.95,"lower_bound":0.15171175391935,"upper_bound":0.4316378412913652},"point_estimate":0.3030960983618312,"standard_error":0.07226927680106161}}