{"Mean":{"confidence_interval":{"confidence_level":0.95,"lower_bound":2.0222193443827496,"upper_bound":2.0258265927909704},"point_estimate":2.0239222138172512,"standard_error":0.0009209873469060197},"Median":{"confidence_interval":{"confidence_level":0.95,"lower_bound":2.0223405584354905,"upper_bound":2.0242264261372513},"point_estimate":2.023160980700684,"standard_error":0.0004925504924405413},"MedianAbsDev":{"confidence_interval":{"confidence_level":0.95,"lower_bound":0.003881580331103958,"upper_bound":0.006865750190968814},"point_estimate":0.004950124986274835,"standard_error":0.000725515698753928},"Slope":{"confidence_interval":{"confidence_level":0.95,"lower_bound":2.0217676465934598,"upper_bound":2.0238932174627453},"point_estimate":2.022831378912201,"standard_error":0.0005422334145478431},"StdDev":{"confidence_interval":{"confidence_level":0.95,"lower_bound":0.006364376827448495,"upper_bound":0.012345008721264086},"point_estimate":0.009292695623771085,"standard_error":0.0015830166333867248}}