{"mean":{"confidence_interval":{"confidence_level":0.95,"lower_bound":8.466412961753704,"upper_bound":8.473165872725291},"point_estimate":8.46959876973673,"standard_error":0.001723457336849962},"median":{"confidence_interval":{"confidence_level":0.95,"lower_bound":8.463288759988366,"upper_bound":8.46947444343992},"point_estimate":8.466462052144536,"standard_error":0.0016755624585348837},"median_abs_dev":{"confidence_interval":{"confidence_level":0.95,"lower_bound":0.008155451892018894,"upper_bound":0.013908212996564622},"point_estimate":0.011095618437274649,"standard_error":0.0015142655053208157},"slope":{"confidence_interval":{"confidence_level":0.95,"lower_bound":8.465947721306069,"upper_bound":8.471586545139635},"point_estimate":8.468580915256295,"standard_error":0.0014346289166147171},"std_dev":{"confidence_interval":{"confidence_level":0.95,"lower_bound":0.01193217230509957,"upper_bound":0.021959389652285548},"point_estimate":0.017380448444323633,"standard_error":0.0025529069945319626}}