{"Mean":{"confidence_interval":{"confidence_level":0.95,"lower_bound":45.12428681477762,"upper_bound":45.466065682738744},"point_estimate":45.27814707362937,"standard_error":0.08766190668914152},"Median":{"confidence_interval":{"confidence_level":0.95,"lower_bound":44.98396389544603,"upper_bound":45.00073583517292},"point_estimate":44.991682832742434,"standard_error":0.0046308805156699984},"MedianAbsDev":{"confidence_interval":{"confidence_level":0.95,"lower_bound":0.019134718555597462,"upper_bound":0.03730254181380506},"point_estimate":0.025954170357686962,"standard_error":0.004863024320362315},"Slope":{"confidence_interval":{"confidence_level":0.95,"lower_bound":45.10902987257155,"upper_bound":45.39257794272495},"point_estimate":45.23965109212315,"standard_error":0.07231999209109148},"StdDev":{"confidence_interval":{"confidence_level":0.95,"lower_bound":0.4888636701685622,"upper_bound":1.245757161189289},"point_estimate":0.8818536562840279,"standard_error":0.1983490196835863}}