{"Mean":{"confidence_interval":{"confidence_level":0.95,"lower_bound":5.737217707743149,"upper_bound":5.772105886823432},"point_estimate":5.752315094845412,"standard_error":0.009002517702284213},"Median":{"confidence_interval":{"confidence_level":0.95,"lower_bound":5.724344896340728,"upper_bound":5.730342008731796},"point_estimate":5.726615529607782,"standard_error":0.0014486957560616313},"MedianAbsDev":{"confidence_interval":{"confidence_level":0.95,"lower_bound":0.007521096343722036,"upper_bound":0.015626218812212402},"point_estimate":0.010606107267961849,"standard_error":0.0020734257187051196},"Slope":{"confidence_interval":{"confidence_level":0.95,"lower_bound":5.722382940767414,"upper_bound":5.727298628503671},"point_estimate":5.724532867822679,"standard_error":0.0012649924347333202},"StdDev":{"confidence_interval":{"confidence_level":0.95,"lower_bound":0.03469255629049063,"upper_bound":0.13707922128275915},"point_estimate":0.09029375571236467,"standard_error":0.026784823699442992}}