{"Mean":{"confidence_interval":{"confidence_level":0.95,"lower_bound":2.2975923391939936,"upper_bound":2.3001783194112715},"point_estimate":2.2987268726962533,"standard_error":0.0006629123511165175},"Median":{"confidence_interval":{"confidence_level":0.95,"lower_bound":2.2966892804658556,"upper_bound":2.298028515869125},"point_estimate":2.297563966291481,"standard_error":0.0003493227711455145},"MedianAbsDev":{"confidence_interval":{"confidence_level":0.95,"lower_bound":0.0020601805317769697,"upper_bound":0.003591549810538566},"point_estimate":0.0027541415685062515,"standard_error":0.0003751286606449849},"Slope":{"confidence_interval":{"confidence_level":0.95,"lower_bound":2.2976335682896285,"upper_bound":2.299850936631042},"point_estimate":2.298656551392306,"standard_error":0.0005663510152507374},"StdDev":{"confidence_interval":{"confidence_level":0.95,"lower_bound":0.00327581100245719,"upper_bound":0.0100289819990353},"point_estimate":0.006665017683626106,"standard_error":0.0019254794869994656}}