{"mean":{"confidence_interval":{"confidence_level":0.95,"lower_bound":38.7946426832856,"upper_bound":39.08823809710068},"point_estimate":38.94042893267344,"standard_error":0.07481616569903327},"median":{"confidence_interval":{"confidence_level":0.95,"lower_bound":38.47260871883634,"upper_bound":39.17157130707304},"point_estimate":38.78953122929194,"standard_error":0.1835259348289235},"median_abs_dev":{"confidence_interval":{"confidence_level":0.95,"lower_bound":0.5806645616122449,"upper_bound":1.1271619420549428},"point_estimate":0.9817833776293108,"standard_error":0.13691181030565186},"slope":{"confidence_interval":{"confidence_level":0.95,"lower_bound":38.93728488947723,"upper_bound":39.30481195865538},"point_estimate":39.12191049740034,"standard_error":0.09363722269259636},"std_dev":{"confidence_interval":{"confidence_level":0.95,"lower_bound":0.6779144659795032,"upper_bound":0.8152675422877654},"point_estimate":0.7521160374248108,"standard_error":0.0348733658017819}}