{"mean":{"confidence_interval":{"confidence_level":0.95,"lower_bound":3.7939778911492335,"upper_bound":3.800617100609628},"point_estimate":3.7967867927707886,"standard_error":0.001717986712302367},"median":{"confidence_interval":{"confidence_level":0.95,"lower_bound":3.7920024450453598,"upper_bound":3.7939521974312385},"point_estimate":3.792764709031882,"standard_error":0.0004560031888648576},"median_abs_dev":{"confidence_interval":{"confidence_level":0.95,"lower_bound":0.002863119918664855,"upper_bound":0.005393976167470283},"point_estimate":0.004273309766007777,"standard_error":0.0006926342233220073},"slope":{"confidence_interval":{"confidence_level":0.95,"lower_bound":3.7928315354864814,"upper_bound":3.7970441271825113},"point_estimate":3.794505393481883,"standard_error":0.0011177165003693856},"std_dev":{"confidence_interval":{"confidence_level":0.95,"lower_bound":0.0058421041482413175,"upper_bound":0.027297550148079087},"point_estimate":0.017343824511591808,"standard_error":0.006040760424591785}}