{"Mean":{"confidence_interval":{"confidence_level":0.95,"lower_bound":4.246994980049521,"upper_bound":4.272060127824967},"point_estimate":4.257764537895136,"standard_error":0.006467951031422337},"Median":{"confidence_interval":{"confidence_level":0.95,"lower_bound":4.237002807213642,"upper_bound":4.241292172652555},"point_estimate":4.239066784871639,"standard_error":0.0010540321839477291},"MedianAbsDev":{"confidence_interval":{"confidence_level":0.95,"lower_bound":0.005677748508858758,"upper_bound":0.011607800628719443},"point_estimate":0.008728818105402282,"standard_error":0.00169961270725744},"Slope":{"confidence_interval":{"confidence_level":0.95,"lower_bound":4.235000329867459,"upper_bound":4.237382996577312},"point_estimate":4.236081403692633,"standard_error":0.0006083511827895668},"StdDev":{"confidence_interval":{"confidence_level":0.95,"lower_bound":0.026743940008284436,"upper_bound":0.09954223512527555},"point_estimate":0.06504431367013049,"standard_error":0.02015717791548019}}