{"Mean":{"confidence_interval":{"confidence_level":0.95,"lower_bound":5.382384367302615,"upper_bound":5.525632445164886},"point_estimate":5.437425070109146,"standard_error":0.03822209089698115},"Median":{"confidence_interval":{"confidence_level":0.95,"lower_bound":5.373134743359223,"upper_bound":5.379571999033319},"point_estimate":5.373747790726575,"standard_error":0.0024124809746153292},"MedianAbsDev":{"confidence_interval":{"confidence_level":0.95,"lower_bound":0.005122405934373297,"upper_bound":0.009715213625275663},"point_estimate":0.008004755551840324,"standard_error":0.0012390582183549198},"Slope":{"confidence_interval":{"confidence_level":0.95,"lower_bound":5.369956825014565,"upper_bound":5.385617961731858},"point_estimate":5.37657252330771,"standard_error":0.004029552002021823},"StdDev":{"confidence_interval":{"confidence_level":0.95,"lower_bound":0.04552764163033615,"upper_bound":0.6353533485352378},"point_estimate":0.38404964374986106,"standard_error":0.17528862704027337}}