{"Mean":{"confidence_interval":{"confidence_level":0.95,"lower_bound":6.572392294305647,"upper_bound":6.592032457566282},"point_estimate":6.581015372280368,"standard_error":0.005066703783674486},"Median":{"confidence_interval":{"confidence_level":0.95,"lower_bound":6.575219400737394,"upper_bound":6.575735338664728},"point_estimate":6.5754441179084395,"standard_error":0.000134974650519178},"MedianAbsDev":{"confidence_interval":{"confidence_level":0.95,"lower_bound":0.0007070386622233567,"upper_bound":0.001371966668306104},"point_estimate":0.0010401165025327446,"standard_error":0.0001740710909871575},"Slope":{"confidence_interval":{"confidence_level":0.95,"lower_bound":6.569498207695572,"upper_bound":6.593232351524665},"point_estimate":6.579821899245866,"standard_error":0.006131573453930372},"StdDev":{"confidence_interval":{"confidence_level":0.95,"lower_bound":0.01675956617851796,"upper_bound":0.07513625554635817},"point_estimate":0.05076393989505857,"standard_error":0.014492707930431068}}