{"mean":{"confidence_interval":{"confidence_level":0.95,"lower_bound":21.187462789047544,"upper_bound":21.225790683550276},"point_estimate":21.204101251790735,"standard_error":0.009886404516140514},"median":{"confidence_interval":{"confidence_level":0.95,"lower_bound":21.180048655841272,"upper_bound":21.189325682250363},"point_estimate":21.186710095024686,"standard_error":0.002353700267945566},"median_abs_dev":{"confidence_interval":{"confidence_level":0.95,"lower_bound":0.015749476536660183,"upper_bound":0.029995719257073155},"point_estimate":0.0233445513651871,"standard_error":0.0037224350827848142},"slope":{"confidence_interval":{"confidence_level":0.95,"lower_bound":21.185287931116534,"upper_bound":21.2024192449647},"point_estimate":21.193002286917764,"standard_error":0.004379446948640537},"std_dev":{"confidence_interval":{"confidence_level":0.95,"lower_bound":0.0326977722593064,"upper_bound":0.146595739902325},"point_estimate":0.0989415005673453,"standard_error":0.02920050904460716}}