{"Mean":{"confidence_interval":{"confidence_level":0.95,"lower_bound":2.6847806180881895,"upper_bound":2.6909828304643595},"point_estimate":2.6875774406760216,"standard_error":0.0015920602292906322},"Median":{"confidence_interval":{"confidence_level":0.95,"lower_bound":2.6827645002967415,"upper_bound":2.6831393618920503},"point_estimate":2.6830121952959542,"standard_error":0.00008888424000329924},"MedianAbsDev":{"confidence_interval":{"confidence_level":0.95,"lower_bound":0.000331367432881994,"upper_bound":0.000798661234876758},"point_estimate":0.0005814259756538172,"standard_error":0.0001142023992766495},"Slope":{"confidence_interval":{"confidence_level":0.95,"lower_bound":2.6842889754568793,"upper_bound":2.696404357994932},"point_estimate":2.6898304923587357,"standard_error":0.003076089573117114},"StdDev":{"confidence_interval":{"confidence_level":0.95,"lower_bound":0.00822305598341948,"upper_bound":0.021844654380968092},"point_estimate":0.016036019175506278,"standard_error":0.003590741201601411}}