{"mean":{"confidence_interval":{"confidence_level":0.95,"lower_bound":93.48508411323571,"upper_bound":95.1624609070054},"point_estimate":94.32693101282017,"standard_error":0.42676824722530105},"median":{"confidence_interval":{"confidence_level":0.95,"lower_bound":96.33204926276353,"upper_bound":96.66263152766952},"point_estimate":96.5332061200098,"standard_error":0.38520529271362397},"median_abs_dev":{"confidence_interval":{"confidence_level":0.95,"lower_bound":0.8455519892142999,"upper_bound":4.774751133882358},"point_estimate":1.8774877299029056,"standard_error":1.0789943851599426},"slope":{"confidence_interval":{"confidence_level":0.95,"lower_bound":90.52168626010817,"upper_bound":91.89801856218925},"point_estimate":91.13921716658061,"standard_error":0.35041013564756257},"std_dev":{"confidence_interval":{"confidence_level":0.95,"lower_bound":3.7885292138765396,"upper_bound":4.832850051270603},"point_estimate":4.279093351875355,"standard_error":0.2697768689394843}}