{"Mean":{"confidence_interval":{"confidence_level":0.95,"lower_bound":1.0553173661967759,"upper_bound":1.0599021478271293},"point_estimate":1.0572379592968033,"standard_error":0.0011875771695545856},"Median":{"confidence_interval":{"confidence_level":0.95,"lower_bound":1.0542658125848134,"upper_bound":1.055037279894617},"point_estimate":1.054646500067653,"standard_error":0.00016126224194196813},"MedianAbsDev":{"confidence_interval":{"confidence_level":0.95,"lower_bound":0.0008710639474220215,"upper_bound":0.0018978022892176237},"point_estimate":0.0012120558931418203,"standard_error":0.0002756838812790397},"Slope":{"confidence_interval":{"confidence_level":0.95,"lower_bound":1.0552263640133488,"upper_bound":1.0563230227247262},"point_estimate":1.0557539020699274,"standard_error":0.00028035914701027054},"StdDev":{"confidence_interval":{"confidence_level":0.95,"lower_bound":0.0029295653200752166,"upper_bound":0.018390825212868795},"point_estimate":0.011892505365176184,"standard_error":0.004125732046762778}}