{"Mean":{"confidence_interval":{"confidence_level":0.95,"lower_bound":23.984740845996605,"upper_bound":24.236176395462877},"point_estimate":24.088990593758968,"standard_error":0.06562264157778679},"Median":{"confidence_interval":{"confidence_level":0.95,"lower_bound":23.93565031152648,"upper_bound":23.936803952728695},"point_estimate":23.93611807613403,"standard_error":0.00026778792778624634},"MedianAbsDev":{"confidence_interval":{"confidence_level":0.95,"lower_bound":0.0016598422602493365,"upper_bound":0.004171837333078037},"point_estimate":0.0027045630550864472,"standard_error":0.0007309423792590223},"Slope":{"confidence_interval":{"confidence_level":0.95,"lower_bound":23.96881524699864,"upper_bound":24.153988415791854},"point_estimate":24.050990913849372,"standard_error":0.04758432799374338},"StdDev":{"confidence_interval":{"confidence_level":0.95,"lower_bound":0.22128212434103697,"upper_bound":1.043923084573603},"point_estimate":0.6589582976719168,"standard_error":0.24182122725635918}}