{"Mean":{"confidence_interval":{"confidence_level":0.95,"lower_bound":9.177624255011024,"upper_bound":9.399065666557608},"point_estimate":9.257622605033815,"standard_error":0.06299538745727815},"Median":{"confidence_interval":{"confidence_level":0.95,"lower_bound":9.164507667473769,"upper_bound":9.165169890873017},"point_estimate":9.164734915705413,"standard_error":0.00019589801345713958},"MedianAbsDev":{"confidence_interval":{"confidence_level":0.95,"lower_bound":0.0004281063753782948,"upper_bound":0.0013592932920609738},"point_estimate":0.0007554509676291956,"standard_error":0.0002650205396539433},"Slope":{"confidence_interval":{"confidence_level":0.95,"lower_bound":9.170297828887898,"upper_bound":9.209761546165328},"point_estimate":9.187831180026318,"standard_error":0.010133745745747647},"StdDev":{"confidence_interval":{"confidence_level":0.95,"lower_bound":0.05115276919170902,"upper_bound":1.069706788667349},"point_estimate":0.6314072400770652,"standard_error":0.3357929107459905}}