{"Mean":{"confidence_interval":{"confidence_level":0.95,"lower_bound":4.86125661928079,"upper_bound":4.890323938725526},"point_estimate":4.873824721218771,"standard_error":0.00748409917997829},"Median":{"confidence_interval":{"confidence_level":0.95,"lower_bound":4.850324158148493,"upper_bound":4.856526922679423},"point_estimate":4.8526851602786305,"standard_error":0.001576848423026404},"MedianAbsDev":{"confidence_interval":{"confidence_level":0.95,"lower_bound":0.006811544071439771,"upper_bound":0.014261295105089881},"point_estimate":0.009993442495425045,"standard_error":0.0019666316095101823},"Slope":{"confidence_interval":{"confidence_level":0.95,"lower_bound":4.848234190657673,"upper_bound":4.851114824652739},"point_estimate":4.849498220624011,"standard_error":0.000734667850241571},"StdDev":{"confidence_interval":{"confidence_level":0.95,"lower_bound":0.027715843708885284,"upper_bound":0.11488372412611016},"point_estimate":0.07488998474127782,"standard_error":0.023192753722412276}}