{"Mean":{"confidence_interval":{"confidence_level":0.95,"lower_bound":19.21450352783496,"upper_bound":19.328327704870613},"point_estimate":19.26308410386208,"standard_error":0.02929521840262446},"Median":{"confidence_interval":{"confidence_level":0.95,"lower_bound":19.170353496701132,"upper_bound":19.18992531107562},"point_estimate":19.177912642244067,"standard_error":0.005676219370218435},"MedianAbsDev":{"confidence_interval":{"confidence_level":0.95,"lower_bound":0.02976007252310224,"upper_bound":0.05952103260364819},"point_estimate":0.04014912134683012,"standard_error":0.008093469507796316},"Slope":{"confidence_interval":{"confidence_level":0.95,"lower_bound":19.15984901022786,"upper_bound":19.17535302002499},"point_estimate":19.166809986959716,"standard_error":0.003960144920659807},"StdDev":{"confidence_interval":{"confidence_level":0.95,"lower_bound":0.12246363134499137,"upper_bound":0.45323910163897346},"point_estimate":0.29530977021515475,"standard_error":0.09276802480877004}}