{"Mean":{"confidence_interval":{"confidence_level":0.95,"lower_bound":2.4980425542623315,"upper_bound":2.529306642639895},"point_estimate":2.5094978299041135,"standard_error":0.008854064710481793},"Median":{"confidence_interval":{"confidence_level":0.95,"lower_bound":2.495031712473573,"upper_bound":2.4955458603896106},"point_estimate":2.495262153387153,"standard_error":0.00015119854528145845},"MedianAbsDev":{"confidence_interval":{"confidence_level":0.95,"lower_bound":0.0008288700341180188,"upper_bound":0.001565551985020751},"point_estimate":0.001125406269797884,"standard_error":0.0002006826343987813},"Slope":{"confidence_interval":{"confidence_level":0.95,"lower_bound":2.4977909192066012,"upper_bound":2.527944852279916},"point_estimate":2.5089102548847637,"standard_error":0.008161769742268734},"StdDev":{"confidence_interval":{"confidence_level":0.95,"lower_bound":0.011199309403088423,"upper_bound":0.15026917625297936},"point_estimate":0.0889106908104135,"standard_error":0.04666761668193327}}