{"Mean":{"confidence_interval":{"confidence_level":0.95,"lower_bound":242.6472390217396,"upper_bound":243.489421348271},"point_estimate":243.03344143616366,"standard_error":0.21508369538199737},"Median":{"confidence_interval":{"confidence_level":0.95,"lower_bound":242.35883475057707,"upper_bound":242.71044809037537},"point_estimate":242.62193823777403,"standard_error":0.09493742855648638},"MedianAbsDev":{"confidence_interval":{"confidence_level":0.95,"lower_bound":0.8350422630612409,"upper_bound":1.3691358697587972},"point_estimate":1.1320247086025934,"standard_error":0.13199828048295045},"Slope":{"confidence_interval":{"confidence_level":0.95,"lower_bound":242.10845541587364,"upper_bound":243.47449385776454},"point_estimate":242.63542123254132,"standard_error":0.3664072639439547},"StdDev":{"confidence_interval":{"confidence_level":0.95,"lower_bound":1.194799779536583,"upper_bound":2.980573350955903},"point_estimate":2.165490644761009,"standard_error":0.46046977100177255}}