{"Mean":{"confidence_interval":{"confidence_level":0.95,"lower_bound":7.594186289011034,"upper_bound":7.68747626536824},"point_estimate":7.636094329993012,"standard_error":0.02403469112967862},"Median":{"confidence_interval":{"confidence_level":0.95,"lower_bound":7.5516905639342236,"upper_bound":7.596914473933225},"point_estimate":7.571056473248807,"standard_error":0.0134313642122627},"MedianAbsDev":{"confidence_interval":{"confidence_level":0.95,"lower_bound":0.037287687245866806,"upper_bound":0.08122319207440701},"point_estimate":0.05561816037688042,"standard_error":0.009736552588432494},"Slope":{"confidence_interval":{"confidence_level":0.95,"lower_bound":7.565705966627528,"upper_bound":7.604349937018},"point_estimate":7.583159151572891,"standard_error":0.009915875077114075},"StdDev":{"confidence_interval":{"confidence_level":0.95,"lower_bound":0.12346985252378079,"upper_bound":0.3376997097883168},"point_estimate":0.24133776970217932,"standard_error":0.054766538227009824}}