{"Mean":{"confidence_interval":{"confidence_level":0.95,"lower_bound":2.1062145958424554,"upper_bound":2.1105013826948675},"point_estimate":2.1081668118519845,"standard_error":0.0010965176818107823},"Median":{"confidence_interval":{"confidence_level":0.95,"lower_bound":2.1035739513889316,"upper_bound":2.104507152198328},"point_estimate":2.1040314803626687,"standard_error":0.0002256836457430234},"MedianAbsDev":{"confidence_interval":{"confidence_level":0.95,"lower_bound":0.0013010984627292083,"upper_bound":0.003583807208719972},"point_estimate":0.0023478998987974185,"standard_error":0.0006109053159664534},"Slope":{"confidence_interval":{"confidence_level":0.95,"lower_bound":2.105012571090125,"upper_bound":2.107649115467333},"point_estimate":2.1062505004581498,"standard_error":0.0006780809552370309},"StdDev":{"confidence_interval":{"confidence_level":0.95,"lower_bound":0.006286556392593678,"upper_bound":0.015401388220179554},"point_estimate":0.011050451162780113,"standard_error":0.0023695423777224476}}