{"Mean":{"confidence_interval":{"confidence_level":0.95,"lower_bound":53.59377428875373,"upper_bound":53.97263206793483},"point_estimate":53.76422028371739,"standard_error":0.0970536382339074},"Median":{"confidence_interval":{"confidence_level":0.95,"lower_bound":53.31774552136543,"upper_bound":53.692051815128735},"point_estimate":53.42831211026477,"standard_error":0.1032517663755431},"MedianAbsDev":{"confidence_interval":{"confidence_level":0.95,"lower_bound":0.18651129873966188,"upper_bound":0.5756570880036606},"point_estimate":0.3466922209901416,"standard_error":0.10415946873805575},"Slope":{"confidence_interval":{"confidence_level":0.95,"lower_bound":53.374366222787984,"upper_bound":53.50912202046129},"point_estimate":53.44062913569774,"standard_error":0.03448443425424176},"StdDev":{"confidence_interval":{"confidence_level":0.95,"lower_bound":0.5124442784300512,"upper_bound":1.3725706149316212},"point_estimate":0.9744687051701336,"standard_error":0.2223987014979816}}