{"mean":{"confidence_interval":{"confidence_level":0.95,"lower_bound":656.9794977564769,"upper_bound":661.762424074377},"point_estimate":659.1934987747634,"standard_error":1.2175333422357093},"median":{"confidence_interval":{"confidence_level":0.95,"lower_bound":656.7646434319255,"upper_bound":658.85525734482},"point_estimate":657.812232434482,"standard_error":0.5375891045580783},"median_abs_dev":{"confidence_interval":{"confidence_level":0.95,"lower_bound":2.4803079624269717,"upper_bound":4.493133449341866},"point_estimate":2.9407294091282496,"standard_error":0.5281254934518254},"slope":{"confidence_interval":{"confidence_level":0.95,"lower_bound":652.7495471706942,"upper_bound":656.0870828219392},"point_estimate":654.5165166725865,"standard_error":0.8542906312768732},"std_dev":{"confidence_interval":{"confidence_level":0.95,"lower_bound":7.157103497111252,"upper_bound":16.950865016340718},"point_estimate":12.241948830521817,"standard_error":2.552658414721222}}