{"Mean":{"confidence_interval":{"confidence_level":0.95,"lower_bound":9.171954118508555,"upper_bound":9.394646325170667},"point_estimate":9.253031389949445,"standard_error":0.0630160880351898},"Median":{"confidence_interval":{"confidence_level":0.95,"lower_bound":9.143925846936265,"upper_bound":9.155967310661696},"point_estimate":9.148906731990564,"standard_error":0.0033159691545002583},"MedianAbsDev":{"confidence_interval":{"confidence_level":0.95,"lower_bound":0.013257006333675141,"upper_bound":0.024624089388774528},"point_estimate":0.018445325035789398,"standard_error":0.003084801764423309},"Slope":{"confidence_interval":{"confidence_level":0.95,"lower_bound":9.157736254472768,"upper_bound":9.216666741036686},"point_estimate":9.18232094994288,"standard_error":0.01530254090671354},"StdDev":{"confidence_interval":{"confidence_level":0.95,"lower_bound":0.09484018131040356,"upper_bound":1.0704463226479728},"point_estimate":0.6334320135752103,"standard_error":0.3340665831350306}}