{"Mean":{"confidence_interval":{"confidence_level":0.95,"lower_bound":26306.164474739217,"upper_bound":26418.274656944544},"point_estimate":26358.377916687714,"standard_error":28.691151906080737},"Median":{"confidence_interval":{"confidence_level":0.95,"lower_bound":26244.519036954087,"upper_bound":26263.3896434635},"point_estimate":26250.78802869577,"standard_error":4.690169227390575},"MedianAbsDev":{"confidence_interval":{"confidence_level":0.95,"lower_bound":19.786887558620183,"upper_bound":49.86417660829425},"point_estimate":28.341541536848023,"standard_error":7.712099696384298},"Slope":{"confidence_interval":{"confidence_level":0.95,"lower_bound":26321.977966937884,"upper_bound":26537.82779459022},"point_estimate":26426.006203401957,"standard_error":55.44437116041595},"StdDev":{"confidence_interval":{"confidence_level":0.95,"lower_bound":186.35101765886017,"upper_bound":373.47514749237826},"point_estimate":290.30896779266936,"standard_error":47.68701429364834}}