{"Mean":{"confidence_interval":{"confidence_level":0.95,"lower_bound":320.5393226931158,"upper_bound":322.30875002799417},"point_estimate":321.3220616846348,"standard_error":0.4548970656768517},"Median":{"confidence_interval":{"confidence_level":0.95,"lower_bound":319.64206491183234,"upper_bound":320.26965743425245},"point_estimate":319.967297747821,"standard_error":0.1873087099588568},"MedianAbsDev":{"confidence_interval":{"confidence_level":0.95,"lower_bound":0.7178153648261757,"upper_bound":1.4387764413941848},"point_estimate":1.041640141743413,"standard_error":0.20862403404755986},"Slope":{"confidence_interval":{"confidence_level":0.95,"lower_bound":319.48977597423095,"upper_bound":320.0524137023469},"point_estimate":319.7315714639576,"standard_error":0.14489588308513124},"StdDev":{"confidence_interval":{"confidence_level":0.95,"lower_bound":2.19969825964151,"upper_bound":6.71828071680326},"point_estimate":4.570955512637173,"standard_error":1.1887631008065411}}