{"Mean":{"confidence_interval":{"confidence_level":0.95,"lower_bound":8.083830399623967,"upper_bound":8.093331536258892},"point_estimate":8.087956912673118,"standard_error":0.002448982552209706},"Median":{"confidence_interval":{"confidence_level":0.95,"lower_bound":8.080826280044647,"upper_bound":8.08324300457043},"point_estimate":8.08201293770064,"standard_error":0.0006333164971332551},"MedianAbsDev":{"confidence_interval":{"confidence_level":0.95,"lower_bound":0.003175924192287949,"upper_bound":0.006180882591319712},"point_estimate":0.0048149099456901495,"standard_error":0.0007778677424655139},"Slope":{"confidence_interval":{"confidence_level":0.95,"lower_bound":8.081906663295248,"upper_bound":8.084364229934065},"point_estimate":8.083067108714156,"standard_error":0.0006289592596523993},"StdDev":{"confidence_interval":{"confidence_level":0.95,"lower_bound":0.0092267640283003,"upper_bound":0.03726049273280113},"point_estimate":0.02459504937731476,"standard_error":0.007327828452609585}}