{"Mean":{"confidence_interval":{"confidence_level":0.95,"lower_bound":8.061743691145661,"upper_bound":8.069497899464894},"point_estimate":8.06521569733363,"standard_error":0.0019910810981647125},"Median":{"confidence_interval":{"confidence_level":0.95,"lower_bound":8.05803620493502,"upper_bound":8.060692317010608},"point_estimate":8.058864741517244,"standard_error":0.0007273892026073509},"MedianAbsDev":{"confidence_interval":{"confidence_level":0.95,"lower_bound":0.0029688247120282325,"upper_bound":0.0067465824984884164},"point_estimate":0.004724448081771711,"standard_error":0.001049964186219424},"Slope":{"confidence_interval":{"confidence_level":0.95,"lower_bound":8.059213685682447,"upper_bound":8.070085660606306},"point_estimate":8.063089456216641,"standard_error":0.003009916799096718},"StdDev":{"confidence_interval":{"confidence_level":0.95,"lower_bound":0.009356361032796565,"upper_bound":0.028485490569081506},"point_estimate":0.020019091487386297,"standard_error":0.004952384168827778}}