{"Mean":{"confidence_interval":{"confidence_level":0.95,"lower_bound":6.478411135180058,"upper_bound":6.516861334315907},"point_estimate":6.493350504747717,"standard_error":0.010188826863225012},"Median":{"confidence_interval":{"confidence_level":0.95,"lower_bound":6.472491582491583,"upper_bound":6.4730471380471375},"point_estimate":6.472630451621062,"standard_error":0.00017391931494391331},"MedianAbsDev":{"confidence_interval":{"confidence_level":0.95,"lower_bound":0.0004191932067514912,"upper_bound":0.0012077223637001614},"point_estimate":0.0006375548854753553,"standard_error":0.00021951085154139425},"Slope":{"confidence_interval":{"confidence_level":0.95,"lower_bound":6.476708285635227,"upper_bound":6.500629265009479},"point_estimate":6.487259036848958,"standard_error":0.006160527604145195},"StdDev":{"confidence_interval":{"confidence_level":0.95,"lower_bound":0.022995490152424757,"upper_bound":0.16841391532892705},"point_estimate":0.1022825936877309,"standard_error":0.04535433809887069}}