{"mean":{"confidence_interval":{"confidence_level":0.95,"lower_bound":32.32790283010421,"upper_bound":33.14132499388582},"point_estimate":32.70272092426103,"standard_error":0.20793122373902917},"median":{"confidence_interval":{"confidence_level":0.95,"lower_bound":31.8358390098978,"upper_bound":32.10707974232868},"point_estimate":31.99267213205823,"standard_error":0.06413911988088057},"median_abs_dev":{"confidence_interval":{"confidence_level":0.95,"lower_bound":0.45543858065454657,"upper_bound":0.9046550365453258},"point_estimate":0.6686479813331592,"standard_error":0.12042733837278023},"slope":{"confidence_interval":{"confidence_level":0.95,"lower_bound":31.822111128225732,"upper_bound":32.54880876817484},"point_estimate":32.1583480616652,"standard_error":0.18606252843735774},"std_dev":{"confidence_interval":{"confidence_level":0.95,"lower_bound":1.3199619844017443,"upper_bound":2.886932595052072},"point_estimate":2.099386401670193,"standard_error":0.41582788508665125}}