{"Mean":{"confidence_interval":{"confidence_level":0.95,"lower_bound":2.6146530634354224,"upper_bound":2.6311094595904656},"point_estimate":2.621737344446128,"standard_error":0.004254973951972729},"Median":{"confidence_interval":{"confidence_level":0.95,"lower_bound":2.6088531658205616,"upper_bound":2.6118217051004553},"point_estimate":2.6098583045072523,"standard_error":0.0007892579646317009},"MedianAbsDev":{"confidence_interval":{"confidence_level":0.95,"lower_bound":0.0033019405782075024,"upper_bound":0.006899536307096009},"point_estimate":0.004537731435711486,"standard_error":0.0009440744504888551},"Slope":{"confidence_interval":{"confidence_level":0.95,"lower_bound":2.607928147281255,"upper_bound":2.6093542335808593},"point_estimate":2.60857907576573,"standard_error":0.00036411086381457446},"StdDev":{"confidence_interval":{"confidence_level":0.95,"lower_bound":0.014793455887903269,"upper_bound":0.06561417111872295},"point_estimate":0.042794912922986574,"standard_error":0.013232912867106749}}