{"Mean":{"confidence_interval":{"confidence_level":0.95,"lower_bound":4.888067562748703,"upper_bound":4.917952328440033},"point_estimate":4.901023323695654,"standard_error":0.007712389830479574},"Median":{"confidence_interval":{"confidence_level":0.95,"lower_bound":4.875490939838208,"upper_bound":4.882813799771494},"point_estimate":4.878877496666981,"standard_error":0.0017077847425063912},"MedianAbsDev":{"confidence_interval":{"confidence_level":0.95,"lower_bound":0.0058213775898419634,"upper_bound":0.013719644716725541},"point_estimate":0.008923615903933976,"standard_error":0.001956162103741328},"Slope":{"confidence_interval":{"confidence_level":0.95,"lower_bound":4.874669351846741,"upper_bound":4.877808403287942},"point_estimate":4.876113455344132,"standard_error":0.0008004814092858498},"StdDev":{"confidence_interval":{"confidence_level":0.95,"lower_bound":0.03198544465973124,"upper_bound":0.11697314391566127},"point_estimate":0.077347246319941,"standard_error":0.02276125617153992}}