{"mean":{"confidence_interval":{"confidence_level":0.95,"lower_bound":16.526209783271167,"upper_bound":16.54879700477782},"point_estimate":16.536130239668672,"standard_error":0.005819145629995133},"median":{"confidence_interval":{"confidence_level":0.95,"lower_bound":16.518784620047587,"upper_bound":16.52538550300165},"point_estimate":16.522160761262356,"standard_error":0.0016654514359569627},"median_abs_dev":{"confidence_interval":{"confidence_level":0.95,"lower_bound":0.008208658147776543,"upper_bound":0.013949181386210506},"point_estimate":0.011445616656119938,"standard_error":0.0014388445471698898},"slope":{"confidence_interval":{"confidence_level":0.95,"lower_bound":16.52447678080354,"upper_bound":16.5441172361049},"point_estimate":16.533115601131648,"standard_error":0.005053390502531983},"std_dev":{"confidence_interval":{"confidence_level":0.95,"lower_bound":0.025665486585923807,"upper_bound":0.08835660689547743},"point_estimate":0.0586862870469514,"standard_error":0.017061583717892636}}