{"Mean":{"confidence_interval":{"confidence_level":0.95,"lower_bound":3.5540837406518597,"upper_bound":3.579456945052107},"point_estimate":3.5651490967656825,"standard_error":0.006543577197894829},"Median":{"confidence_interval":{"confidence_level":0.95,"lower_bound":3.544427563508817,"upper_bound":3.549538104093668},"point_estimate":3.546153348677542,"standard_error":0.001280000794037621},"MedianAbsDev":{"confidence_interval":{"confidence_level":0.95,"lower_bound":0.007102967337675495,"upper_bound":0.013333322491327395},"point_estimate":0.009660978887810855,"standard_error":0.001605938419937261},"Slope":{"confidence_interval":{"confidence_level":0.95,"lower_bound":3.5427703526461283,"upper_bound":3.5462967638043943},"point_estimate":3.544389396257444,"standard_error":0.0009002452523932459},"StdDev":{"confidence_interval":{"confidence_level":0.95,"lower_bound":0.027958774818142792,"upper_bound":0.0988564069392525},"point_estimate":0.06573367606833501,"standard_error":0.018838922527093183}}