{"Mean":{"confidence_interval":{"confidence_level":0.95,"lower_bound":2.614623636287705,"upper_bound":2.638592852173835},"point_estimate":2.6255338117012013,"standard_error":0.006160231802596695},"Median":{"confidence_interval":{"confidence_level":0.95,"lower_bound":2.6045443669352957,"upper_bound":2.610208036958182},"point_estimate":2.6064139822626453,"standard_error":0.0017417586211386127},"MedianAbsDev":{"confidence_interval":{"confidence_level":0.95,"lower_bound":0.006129883926859481,"upper_bound":0.012171417315047003},"point_estimate":0.008015948279019856,"standard_error":0.0017287743063723643},"Slope":{"confidence_interval":{"confidence_level":0.95,"lower_bound":2.6037345947669506,"upper_bound":2.6073056779144097},"point_estimate":2.605400472770196,"standard_error":0.0009138622625250238},"StdDev":{"confidence_interval":{"confidence_level":0.95,"lower_bound":0.03260157252053648,"upper_bound":0.08431946234281394},"point_estimate":0.06194710138702297,"standard_error":0.01316589863871391}}