{"Mean":{"confidence_interval":{"confidence_level":0.95,"lower_bound":2.76160186963672,"upper_bound":2.7682183959262217},"point_estimate":2.76453842585647,"standard_error":0.0017075651873897234},"Median":{"confidence_interval":{"confidence_level":0.95,"lower_bound":2.7601791103854323,"upper_bound":2.761441605372586},"point_estimate":2.760704555926551,"standard_error":0.0002778449682303078},"MedianAbsDev":{"confidence_interval":{"confidence_level":0.95,"lower_bound":0.002096672114083659,"upper_bound":0.004158262540769502},"point_estimate":0.003034895962897739,"standard_error":0.0004944677108057002},"Slope":{"confidence_interval":{"confidence_level":0.95,"lower_bound":2.762596410956116,"upper_bound":2.777157057050787},"point_estimate":2.7692682226220064,"standard_error":0.0037202213478562227},"StdDev":{"confidence_interval":{"confidence_level":0.95,"lower_bound":0.006137317330231867,"upper_bound":0.024549983031679358},"point_estimate":0.017205553568601185,"standard_error":0.004387417715671576}}