{"Mean":{"confidence_interval":{"confidence_level":0.95,"lower_bound":9.725536793837511,"upper_bound":9.840792507233337},"point_estimate":9.76708374736824,"standard_error":0.03325628766731411},"Median":{"confidence_interval":{"confidence_level":0.95,"lower_bound":9.718326904911839,"upper_bound":9.737152814397497},"point_estimate":9.720524469233538,"standard_error":0.0068467312468581815},"MedianAbsDev":{"confidence_interval":{"confidence_level":0.95,"lower_bound":0.011742722175697776,"upper_bound":0.025916533157406402},"point_estimate":0.015411193041765598,"standard_error":0.004198468034378967},"Slope":{"confidence_interval":{"confidence_level":0.95,"lower_bound":9.722030853767974,"upper_bound":9.74662364691232},"point_estimate":9.73135468131572,"standard_error":0.006687430005076289},"StdDev":{"confidence_interval":{"confidence_level":0.95,"lower_bound":0.01484602701374838,"upper_bound":0.5670445711565638},"point_estimate":0.3339721055550604,"standard_error":0.18153933209834855}}