{"Mean":{"confidence_interval":{"confidence_level":0.95,"lower_bound":9.241803340144907,"upper_bound":9.2861014281369},"point_estimate":9.26073273577801,"standard_error":0.011446187863130996},"Median":{"confidence_interval":{"confidence_level":0.95,"lower_bound":9.237573983325909,"upper_bound":9.237953904217507},"point_estimate":9.237781085832156,"standard_error":0.00010101835642959396},"MedianAbsDev":{"confidence_interval":{"confidence_level":0.95,"lower_bound":0.000568079876965091,"upper_bound":0.00109556628445871},"point_estimate":0.0008220390923749615,"standard_error":0.00013624940702881},"Slope":{"confidence_interval":{"confidence_level":0.95,"lower_bound":9.238719388492873,"upper_bound":9.289873201579947},"point_estimate":9.260682374758078,"standard_error":0.013234781007673828},"StdDev":{"confidence_interval":{"confidence_level":0.95,"lower_bound":0.035905699024067705,"upper_bound":0.17821044553480633},"point_estimate":0.11510216696564761,"standard_error":0.03747307797407003}}