{"Mean":{"confidence_interval":{"confidence_level":0.95,"lower_bound":9.216330917626964,"upper_bound":9.284059686958667},"point_estimate":9.243965888656744,"standard_error":0.017741998773125104},"Median":{"confidence_interval":{"confidence_level":0.95,"lower_bound":9.201093528205668,"upper_bound":9.2043530834341},"point_estimate":9.201847678721922,"standard_error":0.0008060812919504079},"MedianAbsDev":{"confidence_interval":{"confidence_level":0.95,"lower_bound":0.001341116331458052,"upper_bound":0.006189970121584029},"point_estimate":0.002475457161255084,"standard_error":0.0012556046345961083},"Slope":{"confidence_interval":{"confidence_level":0.95,"lower_bound":9.214186609878787,"upper_bound":9.329997705616051},"point_estimate":9.262056094472268,"standard_error":0.030249021841948796},"StdDev":{"confidence_interval":{"confidence_level":0.95,"lower_bound":0.04126451436944,"upper_bound":0.2878813244754084},"point_estimate":0.17863366332504976,"standard_error":0.07016708519628868}}