{"Mean":{"confidence_interval":{"confidence_level":0.95,"lower_bound":1.676153386964163,"upper_bound":1.7134801752860038},"point_estimate":1.6925970830476964,"standard_error":0.009599905040286148},"Median":{"confidence_interval":{"confidence_level":0.95,"lower_bound":1.6637185737995852,"upper_bound":1.6645339804290522},"point_estimate":1.6644170441777244,"standard_error":0.0005128005728410986},"MedianAbsDev":{"confidence_interval":{"confidence_level":0.95,"lower_bound":0.0065938771497039556,"upper_bound":0.009759472885832189},"point_estimate":0.009092188245996238,"standard_error":0.0010115458432402448},"Slope":{"confidence_interval":{"confidence_level":0.95,"lower_bound":1.675903730466272,"upper_bound":1.701392926989476},"point_estimate":1.687894530122616,"standard_error":0.006505165205631499},"StdDev":{"confidence_interval":{"confidence_level":0.95,"lower_bound":0.0400209450906849,"upper_bound":0.14129192723707676},"point_estimate":0.0960414308706009,"standard_error":0.02585080932844951}}