{"Mean":{"confidence_interval":{"confidence_level":0.95,"lower_bound":1.6242716744349128,"upper_bound":1.6277521098883982},"point_estimate":1.6258012900212122,"standard_error":0.000896049741487625},"Median":{"confidence_interval":{"confidence_level":0.95,"lower_bound":1.6234301946233216,"upper_bound":1.623520290159798},"point_estimate":1.623466904582291,"standard_error":0.00002217004883665304},"MedianAbsDev":{"confidence_interval":{"confidence_level":0.95,"lower_bound":0.00010333687807705527,"upper_bound":0.00021982437630779553},"point_estimate":0.0001432197574016103,"standard_error":0.00002881010889943148},"Slope":{"confidence_interval":{"confidence_level":0.95,"lower_bound":1.6239959562554767,"upper_bound":1.6317877441262318},"point_estimate":1.6275454038254962,"standard_error":0.0019683147117656096},"StdDev":{"confidence_interval":{"confidence_level":0.95,"lower_bound":0.0026799554796673253,"upper_bound":0.012992975539532013},"point_estimate":0.008994220586934375,"standard_error":0.002436545166043292}}