{"Mean":{"confidence_interval":{"confidence_level":0.95,"lower_bound":11.369769299733264,"upper_bound":11.441672388107476},"point_estimate":11.404400817911641,"standard_error":0.018390382267573526},"Median":{"confidence_interval":{"confidence_level":0.95,"lower_bound":11.316052960683711,"upper_bound":11.37730350557234},"point_estimate":11.3500039450216,"standard_error":0.014123668512073103},"MedianAbsDev":{"confidence_interval":{"confidence_level":0.95,"lower_bound":0.09715000461398915,"upper_bound":0.17153015867524357},"point_estimate":0.14246223027891294,"standard_error":0.018767075252054545},"Slope":{"confidence_interval":{"confidence_level":0.95,"lower_bound":11.395955721079444,"upper_bound":11.47489778261091},"point_estimate":11.435731657442942,"standard_error":0.020204804713694364},"StdDev":{"confidence_interval":{"confidence_level":0.95,"lower_bound":0.14912851401418378,"upper_bound":0.21559003586519504},"point_estimate":0.18512215258861447,"standard_error":0.017002038480552963}}