{"Mean":{"confidence_interval":{"confidence_level":0.95,"lower_bound":11.399162396268412,"upper_bound":11.918420852163587},"point_estimate":11.637774210329292,"standard_error":0.13324871170465197},"Median":{"confidence_interval":{"confidence_level":0.95,"lower_bound":11.221863557652146,"upper_bound":11.227810669910038},"point_estimate":11.224771676180131,"standard_error":0.0014008063198490857},"MedianAbsDev":{"confidence_interval":{"confidence_level":0.95,"lower_bound":0.008906608363681439,"upper_bound":0.017642728307042076},"point_estimate":0.013506128176163413,"standard_error":0.0023208390901698003},"Slope":{"confidence_interval":{"confidence_level":0.95,"lower_bound":11.67966369304282,"upper_bound":12.833133650567051},"point_estimate":12.245413394854078,"standard_error":0.29542110643071395},"StdDev":{"confidence_interval":{"confidence_level":0.95,"lower_bound":0.868373338432147,"upper_bound":1.7027454750197926},"point_estimate":1.3394650516457303,"standard_error":0.2147445937242342}}