{"Mean":{"confidence_interval":{"confidence_level":0.95,"lower_bound":9.30047296064055,"upper_bound":9.330869283358556},"point_estimate":9.31373381402871,"standard_error":0.007872178418145222},"Median":{"confidence_interval":{"confidence_level":0.95,"lower_bound":9.291776027608089,"upper_bound":9.303048218533373},"point_estimate":9.295686887341951,"standard_error":0.002380286834543324},"MedianAbsDev":{"confidence_interval":{"confidence_level":0.95,"lower_bound":0.013722739066422006,"upper_bound":0.02582889234802522},"point_estimate":0.019420711355869997,"standard_error":0.0031334877787040933},"Slope":{"confidence_interval":{"confidence_level":0.95,"lower_bound":9.297931660221073,"upper_bound":9.329294928233573},"point_estimate":9.31001354283469,"standard_error":0.008508562055903522},"StdDev":{"confidence_interval":{"confidence_level":0.95,"lower_bound":0.023723586293072148,"upper_bound":0.1169584174754995},"point_estimate":0.0788853941333315,"standard_error":0.0231133886002013}}