{"mean":{"confidence_interval":{"confidence_level":0.95,"lower_bound":611.024908792481,"upper_bound":616.0886532044677},"point_estimate":613.2374623618973,"standard_error":1.303794897089512},"median":{"confidence_interval":{"confidence_level":0.95,"lower_bound":608.5071384803921,"upper_bound":610.0944924312055},"point_estimate":609.1433375616327,"standard_error":0.43610482286967495},"median_abs_dev":{"confidence_interval":{"confidence_level":0.95,"lower_bound":1.7039505424663492,"upper_bound":3.9112234918364015},"point_estimate":2.641385319289873,"standard_error":0.582204695611836},"slope":{"confidence_interval":{"confidence_level":0.95,"lower_bound":608.1698667627107,"upper_bound":610.8269368117755},"point_estimate":609.3696517775131,"standard_error":0.684101283167659},"std_dev":{"confidence_interval":{"confidence_level":0.95,"lower_bound":5.751787726886612,"upper_bound":19.81576668040044},"point_estimate":13.104817633026267,"standard_error":3.8627446949008113}}