{"Mean":{"confidence_interval":{"confidence_level":0.95,"lower_bound":4.16434017419171,"upper_bound":4.283882642968562},"point_estimate":4.213068052179899,"standard_error":0.03139712742340334},"Median":{"confidence_interval":{"confidence_level":0.95,"lower_bound":4.111578947368421,"upper_bound":4.19221492177989},"point_estimate":4.115056972327727,"standard_error":0.018963354971391337},"MedianAbsDev":{"confidence_interval":{"confidence_level":0.95,"lower_bound":0.0031278024457013897,"upper_bound":0.0693569390394947},"point_estimate":0.008422895629775043,"standard_error":0.02193384557288456},"Slope":{"confidence_interval":{"confidence_level":0.95,"lower_bound":4.156074316560857,"upper_bound":4.193005072262156},"point_estimate":4.174426661703917,"standard_error":0.00944061899689563},"StdDev":{"confidence_interval":{"confidence_level":0.95,"lower_bound":0.06798288737796003,"upper_bound":0.5115624582713693},"point_estimate":0.31625944042686793,"standard_error":0.1270385553393736}}