{"Mean":{"confidence_interval":{"confidence_level":0.95,"lower_bound":2.5782126167640715,"upper_bound":2.6572480218002914},"point_estimate":2.6113868359810652,"standard_error":0.02048114347074853},"Median":{"confidence_interval":{"confidence_level":0.95,"lower_bound":2.558301932219454,"upper_bound":2.5804554817555068},"point_estimate":2.5660761031446375,"standard_error":0.005627821029389287},"MedianAbsDev":{"confidence_interval":{"confidence_level":0.95,"lower_bound":0.018206773245962034,"upper_bound":0.04335496403997412},"point_estimate":0.03040567061660409,"standard_error":0.006306904399579082},"Slope":{"confidence_interval":{"confidence_level":0.95,"lower_bound":2.572433144290538,"upper_bound":2.6785392431521826},"point_estimate":2.616246409336795,"standard_error":0.027676391292777405},"StdDev":{"confidence_interval":{"confidence_level":0.95,"lower_bound":0.03670644009276668,"upper_bound":0.3202345783902441},"point_estimate":0.20520315798297312,"standard_error":0.07338852016317529}}