{"Mean":{"confidence_interval":{"confidence_level":0.95,"lower_bound":2.529202993475536,"upper_bound":2.5386033763220874},"point_estimate":2.5327578947096527,"standard_error":0.0025290549803911656},"Median":{"confidence_interval":{"confidence_level":0.95,"lower_bound":2.5278478990020306,"upper_bound":2.5285607509374133},"point_estimate":2.528181210044635,"standard_error":0.0001729918228163505},"MedianAbsDev":{"confidence_interval":{"confidence_level":0.95,"lower_bound":0.0011416794882581315,"upper_bound":0.0020339934181918306},"point_estimate":0.0015966784627145596,"standard_error":0.00022890770126653096},"Slope":{"confidence_interval":{"confidence_level":0.95,"lower_bound":2.528601388107761,"upper_bound":2.537196419117569},"point_estimate":2.5316833173964857,"standard_error":0.002336916013901871},"StdDev":{"confidence_interval":{"confidence_level":0.95,"lower_bound":0.004479810653052747,"upper_bound":0.04217903873419749},"point_estimate":0.02532724857095373,"standard_error":0.011964204786980402}}