{"Mean":{"confidence_interval":{"confidence_level":0.95,"lower_bound":5.5289987888517125,"upper_bound":5.561584730369733},"point_estimate":5.543200003869323,"standard_error":0.008358977461230703},"Median":{"confidence_interval":{"confidence_level":0.95,"lower_bound":5.514991379599879,"upper_bound":5.525737212140211},"point_estimate":5.517519917015987,"standard_error":0.003061781708096018},"MedianAbsDev":{"confidence_interval":{"confidence_level":0.95,"lower_bound":0.01258592899131498,"upper_bound":0.023940728163415064},"point_estimate":0.01632528125930879,"standard_error":0.002948045572158837},"Slope":{"confidence_interval":{"confidence_level":0.95,"lower_bound":5.512616633340144,"upper_bound":5.518644616218514},"point_estimate":5.515412682644666,"standard_error":0.0015438938898159114},"StdDev":{"confidence_interval":{"confidence_level":0.95,"lower_bound":0.03769218781629383,"upper_bound":0.12682655472593982},"point_estimate":0.08418452505784917,"standard_error":0.024445037070398665}}