{"mean":{"confidence_interval":{"confidence_level":0.95,"lower_bound":37.012079006199315,"upper_bound":37.679269365056285},"point_estimate":37.32086599512788,"standard_error":0.17047278954063755},"median":{"confidence_interval":{"confidence_level":0.95,"lower_bound":36.577007432235504,"upper_bound":37.0583616719674},"point_estimate":36.805386570097525,"standard_error":0.11758976695348665},"median_abs_dev":{"confidence_interval":{"confidence_level":0.95,"lower_bound":0.6310953672997712,"upper_bound":1.167814040534836},"point_estimate":0.8992972993192305,"standard_error":0.1360574007722178},"slope":{"confidence_interval":{"confidence_level":0.95,"lower_bound":36.487764038664864,"upper_bound":36.83130967435593},"point_estimate":36.65079699143455,"standard_error":0.08837226504763898},"std_dev":{"confidence_interval":{"confidence_level":0.95,"lower_bound":1.0826345012206704,"upper_bound":2.355646323282536},"point_estimate":1.7139273624753633,"standard_error":0.33798185828679317}}