{"Mean":{"confidence_interval":{"confidence_level":0.95,"lower_bound":3.517356951314094,"upper_bound":3.527280902695122},"point_estimate":3.5217170466892522,"standard_error":0.00256458668008119},"Median":{"confidence_interval":{"confidence_level":0.95,"lower_bound":3.513742891162318,"upper_bound":3.5163193817594487},"point_estimate":3.5148030966228916,"standard_error":0.0007071608967012565},"MedianAbsDev":{"confidence_interval":{"confidence_level":0.95,"lower_bound":0.003923155080185717,"upper_bound":0.0074984362723962495},"point_estimate":0.005715776423422334,"standard_error":0.0009169496569244905},"Slope":{"confidence_interval":{"confidence_level":0.95,"lower_bound":3.5167034386044578,"upper_bound":3.520716588792631},"point_estimate":3.518638829719055,"standard_error":0.0010235272782850061},"StdDev":{"confidence_interval":{"confidence_level":0.95,"lower_bound":0.009496922606074652,"upper_bound":0.03780855260087209},"point_estimate":0.025786164024341557,"standard_error":0.007240210003102004}}