{"Mean":{"confidence_interval":{"confidence_level":0.95,"lower_bound":2.748550360061365,"upper_bound":2.896127260031779},"point_estimate":2.8179446631145866,"standard_error":0.037802683007051946},"Median":{"confidence_interval":{"confidence_level":0.95,"lower_bound":2.6651412640829744,"upper_bound":2.679916866087796},"point_estimate":2.671376683836973,"standard_error":0.004145404969230445},"MedianAbsDev":{"confidence_interval":{"confidence_level":0.95,"lower_bound":0.008230160540987963,"upper_bound":0.02787945348661434},"point_estimate":0.016219447297354108,"standard_error":0.0055411265903757955},"Slope":{"confidence_interval":{"confidence_level":0.95,"lower_bound":2.6859766534748095,"upper_bound":2.7228696622489115},"point_estimate":2.702064638392512,"standard_error":0.009416307345814555},"StdDev":{"confidence_interval":{"confidence_level":0.95,"lower_bound":0.27589420402150155,"upper_bound":0.4637212050510925},"point_estimate":0.38039818478216675,"standard_error":0.05032099881682093}}