{"Mean":{"confidence_interval":{"confidence_level":0.95,"lower_bound":2.6699696621997417,"upper_bound":2.688340631289034},"point_estimate":2.6778888493292614,"standard_error":0.004729329226922193},"Median":{"confidence_interval":{"confidence_level":0.95,"lower_bound":2.6620671451635296,"upper_bound":2.6660560513854406},"point_estimate":2.6645403616002987,"standard_error":0.0011043376986324775},"MedianAbsDev":{"confidence_interval":{"confidence_level":0.95,"lower_bound":0.005594283417323331,"upper_bound":0.01088143006801695},"point_estimate":0.008197672948761576,"standard_error":0.0013188126138605734},"Slope":{"confidence_interval":{"confidence_level":0.95,"lower_bound":2.661121571178814,"upper_bound":2.6659462851750053},"point_estimate":2.663141012551881,"standard_error":0.0012436327352582034},"StdDev":{"confidence_interval":{"confidence_level":0.95,"lower_bound":0.020926311660026814,"upper_bound":0.07243859605476533},"point_estimate":0.047642589563068063,"standard_error":0.014450338271125506}}