{"mean":{"confidence_interval":{"confidence_level":0.95,"lower_bound":1444.4837999957701,"upper_bound":1448.7665722514057},"point_estimate":1446.4441446245976,"standard_error":1.0988636318023928},"median":{"confidence_interval":{"confidence_level":0.95,"lower_bound":1442.3146802325582,"upper_bound":1444.745877315414},"point_estimate":1443.3340409902894,"standard_error":0.6975773641571213},"median_abs_dev":{"confidence_interval":{"confidence_level":0.95,"lower_bound":3.1423168388087115,"upper_bound":5.355011896744265},"point_estimate":4.133252298713057,"standard_error":0.5708303459795961},"slope":{"confidence_interval":{"confidence_level":0.95,"lower_bound":1443.5743820850148,"upper_bound":1448.5350897880085},"point_estimate":1445.6253999573855,"standard_error":1.2937925987354437},"std_dev":{"confidence_interval":{"confidence_level":0.95,"lower_bound":6.06093909147893,"upper_bound":15.21764674145567},"point_estimate":11.055351186390151,"standard_error":2.3428490007965115}}