{"Mean":{"confidence_interval":{"confidence_level":0.95,"lower_bound":2.9764511866303307,"upper_bound":2.9875592235739874},"point_estimate":2.9814480853958845,"standard_error":0.002850888063908356},"Median":{"confidence_interval":{"confidence_level":0.95,"lower_bound":2.9726015616172248,"upper_bound":2.974062230190111},"point_estimate":2.9731710982250372,"standard_error":0.0003488480858162191},"MedianAbsDev":{"confidence_interval":{"confidence_level":0.95,"lower_bound":0.003301623673628624,"upper_bound":0.0072502898975128904},"point_estimate":0.005306113756437274,"standard_error":0.0012039868819001683},"Slope":{"confidence_interval":{"confidence_level":0.95,"lower_bound":2.9728438757805136,"upper_bound":2.975555295280859},"point_estimate":2.97411958075248,"standard_error":0.0006949505297802768},"StdDev":{"confidence_interval":{"confidence_level":0.95,"lower_bound":0.014872555299510194,"upper_bound":0.03930226284410483},"point_estimate":0.02865712828225995,"standard_error":0.006210579239845224}}