{"Mean":{"confidence_interval":{"confidence_level":0.95,"lower_bound":43.66512277352482,"upper_bound":43.93746027153396},"point_estimate":43.791477220059136,"standard_error":0.06964159088672356},"Median":{"confidence_interval":{"confidence_level":0.95,"lower_bound":43.555569697821795,"upper_bound":43.58026999925785},"point_estimate":43.56469308187772,"standard_error":0.006645152809017869},"MedianAbsDev":{"confidence_interval":{"confidence_level":0.95,"lower_bound":0.0488523425396174,"upper_bound":0.16070376639391548},"point_estimate":0.09528585593072697,"standard_error":0.03241912561934644},"Slope":{"confidence_interval":{"confidence_level":0.95,"lower_bound":43.78450146052285,"upper_bound":44.376880058311734},"point_estimate":44.0768196594683,"standard_error":0.15143440467398694},"StdDev":{"confidence_interval":{"confidence_level":0.95,"lower_bound":0.47790422630664653,"upper_bound":0.8684493792874127},"point_estimate":0.6980348883707522,"standard_error":0.10111780714673294}}