{"Mean":{"confidence_interval":{"confidence_level":0.95,"lower_bound":43.515226422967245,"upper_bound":43.69872520735288},"point_estimate":43.593148952211294,"standard_error":0.04749123742944517},"Median":{"confidence_interval":{"confidence_level":0.95,"lower_bound":43.45368023002565,"upper_bound":43.497565076472526},"point_estimate":43.47456046113969,"standard_error":0.012609601396806662},"MedianAbsDev":{"confidence_interval":{"confidence_level":0.95,"lower_bound":0.059009917021300484,"upper_bound":0.11525963926145122},"point_estimate":0.08658849879583053,"standard_error":0.015130682506689211},"Slope":{"confidence_interval":{"confidence_level":0.95,"lower_bound":43.48948982184158,"upper_bound":43.5476880528884},"point_estimate":43.517223104029014,"standard_error":0.014846231571680708},"StdDev":{"confidence_interval":{"confidence_level":0.95,"lower_bound":0.13785498429113777,"upper_bound":0.721830554404089},"point_estimate":0.47751803140947996,"standard_error":0.15747209024823797}}