{"Mean":{"confidence_interval":{"confidence_level":0.95,"lower_bound":50.28832306340036,"upper_bound":53.99205235008716},"point_estimate":52.12934653732145,"standard_error":0.9413301231500624},"Median":{"confidence_interval":{"confidence_level":0.95,"lower_bound":43.42041466239888,"upper_bound":62.38929605626034},"point_estimate":43.47218436410166,"standard_error":6.537264186837941},"MedianAbsDev":{"confidence_interval":{"confidence_level":0.95,"lower_bound":0.07226536187204491,"upper_bound":13.214948850224621},"point_estimate":0.17553787586006356,"standard_error":3.709894703687756},"Slope":{"confidence_interval":{"confidence_level":0.95,"lower_bound":45.90328501429293,"upper_bound":49.83573605966569},"point_estimate":47.75879232849234,"standard_error":1.0042477831987973},"StdDev":{"confidence_interval":{"confidence_level":0.95,"lower_bound":9.070378795900739,"upper_bound":9.584318299041493},"point_estimate":9.44561392216648,"standard_error":0.1304450293383839}}