{"Mean":{"confidence_interval":{"confidence_level":0.95,"lower_bound":16221.120047413779,"upper_bound":16262.763195210307},"point_estimate":16239.985424869641,"standard_error":10.659169925613538},"Median":{"confidence_interval":{"confidence_level":0.95,"lower_bound":16211.623169398907,"upper_bound":16222.659574468085},"point_estimate":16216.453512243015,"standard_error":2.588047695150564},"MedianAbsDev":{"confidence_interval":{"confidence_level":0.95,"lower_bound":18.445003367671582,"upper_bound":43.30938753753697},"point_estimate":27.12288700768778,"standard_error":6.117080507398777},"Slope":{"confidence_interval":{"confidence_level":0.95,"lower_bound":16222.37523929554,"upper_bound":16238.605033011832},"point_estimate":16230.140509269913,"standard_error":4.1476643683970496},"StdDev":{"confidence_interval":{"confidence_level":0.95,"lower_bound":57.75352674635631,"upper_bound":153.95445653710433},"point_estimate":106.6911094765394,"standard_error":25.69712267430807}}