{"Mean":{"confidence_interval":{"confidence_level":0.95,"lower_bound":8.864293449665233,"upper_bound":8.917748849041523},"point_estimate":8.887403308667004,"standard_error":0.013753464639814682},"Median":{"confidence_interval":{"confidence_level":0.95,"lower_bound":8.843490491041399,"upper_bound":8.857458726487335},"point_estimate":8.849834278598081,"standard_error":0.003534918666554322},"MedianAbsDev":{"confidence_interval":{"confidence_level":0.95,"lower_bound":0.013731989149788305,"upper_bound":0.02826078220206237},"point_estimate":0.020886442736766958,"standard_error":0.003695852516404764},"Slope":{"confidence_interval":{"confidence_level":0.95,"lower_bound":8.84013363157684,"upper_bound":8.846610812267045},"point_estimate":8.843001629117655,"standard_error":0.0016603465336656506},"StdDev":{"confidence_interval":{"confidence_level":0.95,"lower_bound":0.05068099550939265,"upper_bound":0.2109704869811473},"point_estimate":0.1383425375274823,"standard_error":0.042046977336859755}}