{"Mean":{"confidence_interval":{"confidence_level":0.95,"lower_bound":0.8899935829349734,"upper_bound":0.9139874895677116},"point_estimate":0.8999723179713162,"standard_error":0.006361315567004125},"Median":{"confidence_interval":{"confidence_level":0.95,"lower_bound":0.8882528288714922,"upper_bound":0.8888564955604201},"point_estimate":0.8885433205607209,"standard_error":0.00014450500581689245},"MedianAbsDev":{"confidence_interval":{"confidence_level":0.95,"lower_bound":0.0008370495691953767,"upper_bound":0.001534764559299363},"point_estimate":0.0011662739301218467,"standard_error":0.00019352075975845068},"Slope":{"confidence_interval":{"confidence_level":0.95,"lower_bound":0.8891996372356213,"upper_bound":0.9156120649014883},"point_estimate":0.8997813435294071,"standard_error":0.006940974151473638},"StdDev":{"confidence_interval":{"confidence_level":0.95,"lower_bound":0.008277246111884736,"upper_bound":0.09845767686609451},"point_estimate":0.0637768630959861,"standard_error":0.024436137069011626}}