{"Mean":{"confidence_interval":{"confidence_level":0.95,"lower_bound":13241.143823545479,"upper_bound":13287.348269323178},"point_estimate":13262.366032769778,"standard_error":11.850069892771439},"Median":{"confidence_interval":{"confidence_level":0.95,"lower_bound":13219.471171171172,"upper_bound":13240.973156913718},"point_estimate":13236.014831320683,"standard_error":4.9839855010807925},"MedianAbsDev":{"confidence_interval":{"confidence_level":0.95,"lower_bound":29.78888429697352,"upper_bound":44.82238348061759},"point_estimate":37.50796563851157,"standard_error":4.0641844397165245},"Slope":{"confidence_interval":{"confidence_level":0.95,"lower_bound":13214.815129169392,"upper_bound":13228.882472586763},"point_estimate":13221.428075078182,"standard_error":3.595927493620553},"StdDev":{"confidence_interval":{"confidence_level":0.95,"lower_bound":69.67211794392267,"upper_bound":160.04354510285475},"point_estimate":119.22647635493429,"standard_error":23.031517786861247}}