{"mean":{"confidence_interval":{"confidence_level":0.95,"lower_bound":1477.2281090890626,"upper_bound":1483.696249052734},"point_estimate":1480.3765078882375,"standard_error":1.651311491331704},"median":{"confidence_interval":{"confidence_level":0.95,"lower_bound":1472.7292128944773,"upper_bound":1477.6095580243932},"point_estimate":1473.9943445607646,"standard_error":1.09183766837483},"median_abs_dev":{"confidence_interval":{"confidence_level":0.95,"lower_bound":6.519363365632418,"upper_bound":11.874964929784904},"point_estimate":8.814231960367785,"standard_error":1.2611819397527222},"slope":{"confidence_interval":{"confidence_level":0.95,"lower_bound":1474.6529264922763,"upper_bound":1482.0639151309367},"point_estimate":1478.046926434673,"standard_error":1.8995168309560213},"std_dev":{"confidence_interval":{"confidence_level":0.95,"lower_bound":13.51940322883699,"upper_bound":18.989812360558464},"point_estimate":16.57550828503035,"standard_error":1.391142957671823}}