{"Mean":{"confidence_interval":{"confidence_level":0.95,"lower_bound":4.129497159351267,"upper_bound":4.260678377468009},"point_estimate":4.19216904402602,"standard_error":0.03298682119304334},"Median":{"confidence_interval":{"confidence_level":0.95,"lower_bound":4.04425579802329,"upper_bound":4.044767243766263},"point_estimate":4.044413402605391,"standard_error":0.00012365008338074165},"MedianAbsDev":{"confidence_interval":{"confidence_level":0.95,"lower_bound":0.0005731136226937034,"upper_bound":0.0013071830528477262},"point_estimate":0.0007892288419014562,"standard_error":0.00018723065659798373},"Slope":{"confidence_interval":{"confidence_level":0.95,"lower_bound":4.062001085557673,"upper_bound":4.100998069565814},"point_estimate":4.078819561084686,"standard_error":0.009957454069852913},"StdDev":{"confidence_interval":{"confidence_level":0.95,"lower_bound":0.25982159694265317,"upper_bound":0.3832569915912742},"point_estimate":0.33141610032695956,"standard_error":0.031105263022074198}}