{"Mean":{"confidence_interval":{"confidence_level":0.95,"lower_bound":26.45458012719311,"upper_bound":26.642697760680765},"point_estimate":26.536497630257653,"standard_error":0.04846958719660283},"Median":{"confidence_interval":{"confidence_level":0.95,"lower_bound":26.391838478363113,"upper_bound":26.42607108837015},"point_estimate":26.40381345498623,"standard_error":0.008951783947054284},"MedianAbsDev":{"confidence_interval":{"confidence_level":0.95,"lower_bound":0.031042267502651544,"upper_bound":0.07033200040902222},"point_estimate":0.045784695690172086,"standard_error":0.010405335821138116},"Slope":{"confidence_interval":{"confidence_level":0.95,"lower_bound":26.38282662494314,"upper_bound":26.396528352720164},"point_estimate":26.388521751692057,"standard_error":0.003500382198149797},"StdDev":{"confidence_interval":{"confidence_level":0.95,"lower_bound":0.15512607990874694,"upper_bound":0.7224491261059698},"point_estimate":0.48605184934174417,"standard_error":0.14362496785763434}}