{"Mean":{"confidence_interval":{"confidence_level":0.95,"lower_bound":8755.983871782124,"upper_bound":8797.890226648467},"point_estimate":8775.463998487103,"standard_error":10.750981970900485},"Median":{"confidence_interval":{"confidence_level":0.95,"lower_bound":8736.678008567766,"upper_bound":8748.090100250627},"point_estimate":8741.779806958868,"standard_error":3.3368323327860865},"MedianAbsDev":{"confidence_interval":{"confidence_level":0.95,"lower_bound":15.311328440412943,"upper_bound":31.632773268814862},"point_estimate":20.46294451341283,"standard_error":4.20547303272797},"Slope":{"confidence_interval":{"confidence_level":0.95,"lower_bound":8751.423376961895,"upper_bound":8786.414791916895},"point_estimate":8767.123007603981,"standard_error":9.000588036815019},"StdDev":{"confidence_interval":{"confidence_level":0.95,"lower_bound":67.51673963627618,"upper_bound":141.5656371345806},"point_estimate":107.7427134277022,"standard_error":18.886881478608387}}