{"Mean":{"confidence_interval":{"confidence_level":0.95,"lower_bound":195378.43563609725,"upper_bound":196048.59943354968},"point_estimate":195661.33880655246,"standard_error":173.8126014948286},"Median":{"confidence_interval":{"confidence_level":0.95,"lower_bound":195187.01041666666,"upper_bound":195309.3303030303},"point_estimate":195242.23250713994,"standard_error":34.34914236822811},"MedianAbsDev":{"confidence_interval":{"confidence_level":0.95,"lower_bound":137.4219202235329,"upper_bound":320.87959195892824},"point_estimate":214.51128211067018,"standard_error":53.10558878330531},"Slope":{"confidence_interval":{"confidence_level":0.95,"lower_bound":195307.97605448647,"upper_bound":195500.0757539604},"point_estimate":195398.34306438107,"standard_error":48.92950985831408},"StdDev":{"confidence_interval":{"confidence_level":0.95,"lower_bound":441.85241694855694,"upper_bound":2677.836900877627},"point_estimate":1746.0091758845292,"standard_error":601.2720305016335}}