{"Mean":{"confidence_interval":{"confidence_level":0.95,"lower_bound":195398.10700468186,"upper_bound":195960.93292259276},"point_estimate":195635.2714044195,"standard_error":145.92103285536052},"Median":{"confidence_interval":{"confidence_level":0.95,"lower_bound":195216.0701754386,"upper_bound":195351.3950617284},"point_estimate":195255.8220568783,"standard_error":33.818270302084386},"MedianAbsDev":{"confidence_interval":{"confidence_level":0.95,"lower_bound":168.28776566273902,"upper_bound":340.53534423014315},"point_estimate":231.8089165655485,"standard_error":44.27115047680744},"Slope":{"confidence_interval":{"confidence_level":0.95,"lower_bound":195314.83164411946,"upper_bound":195495.90778452033},"point_estimate":195399.02332151125,"standard_error":46.32387308646433},"StdDev":{"confidence_interval":{"confidence_level":0.95,"lower_bound":423.409346516697,"upper_bound":2246.7700099985277},"point_estimate":1457.1744249439412,"standard_error":490.0764241423308}}