{"Mean":{"confidence_interval":{"confidence_level":0.95,"lower_bound":9031.995739704344,"upper_bound":9087.56581587055},"point_estimate":9058.753488710236,"standard_error":14.179557442139489},"Median":{"confidence_interval":{"confidence_level":0.95,"lower_bound":8988.436053462667,"upper_bound":9020.007792207793},"point_estimate":9002.607365460626,"standard_error":8.443221487271455},"MedianAbsDev":{"confidence_interval":{"confidence_level":0.95,"lower_bound":45.9012712164462,"upper_bound":93.63252999503375},"point_estimate":66.09953053792351,"standard_error":12.524730530581197},"Slope":{"confidence_interval":{"confidence_level":0.95,"lower_bound":9028.46357716558,"upper_bound":9092.429962956654},"point_estimate":9058.79042524551,"standard_error":16.326742384718145},"StdDev":{"confidence_interval":{"confidence_level":0.95,"lower_bound":111.53304324381594,"upper_bound":169.46231431598662},"point_estimate":142.33735239932165,"standard_error":14.782177201807707}}