{"Mean":{"confidence_interval":{"confidence_level":0.95,"lower_bound":8956.719834511132,"upper_bound":9042.781362973676},"point_estimate":8991.961557415852,"standard_error":22.543469901216117},"Median":{"confidence_interval":{"confidence_level":0.95,"lower_bound":8941.55886921404,"upper_bound":8950.170964067516},"point_estimate":8943.966126841127,"standard_error":1.972286863033357},"MedianAbsDev":{"confidence_interval":{"confidence_level":0.95,"lower_bound":7.81499754932184,"upper_bound":18.64653656239298},"point_estimate":11.556107828743517,"standard_error":2.7185581283681177},"Slope":{"confidence_interval":{"confidence_level":0.95,"lower_bound":8951.610816481156,"upper_bound":8966.510193613387},"point_estimate":8958.57624851392,"standard_error":3.8122704409482933},"StdDev":{"confidence_interval":{"confidence_level":0.95,"lower_bound":34.35782397012905,"upper_bound":364.1975234025702},"point_estimate":226.065444344927,"standard_error":88.43514564243394}}