{"Mean":{"confidence_interval":{"confidence_level":0.95,"lower_bound":9108.957348532067,"upper_bound":9453.042172237578},"point_estimate":9270.205381470856,"standard_error":88.21420013191094},"Median":{"confidence_interval":{"confidence_level":0.95,"lower_bound":8938.602705627705,"upper_bound":8949.350105708245},"point_estimate":8942.412140495868,"standard_error":2.7971309839149936},"MedianAbsDev":{"confidence_interval":{"confidence_level":0.95,"lower_bound":11.913736901673726,"upper_bound":27.49300437107997},"point_estimate":17.86439433363861,"standard_error":3.9146697340402388},"Slope":{"confidence_interval":{"confidence_level":0.95,"lower_bound":8981.48929553913,"upper_bound":9085.756856531501},"point_estimate":9025.88472509639,"standard_error":26.71578627086773},"StdDev":{"confidence_interval":{"confidence_level":0.95,"lower_bound":636.9441756764612,"upper_bound":1081.4686137458336},"point_estimate":886.1016828728814,"standard_error":117.55387980749906}}