{"Mean":{"confidence_interval":{"confidence_level":0.95,"lower_bound":11215.129371068335,"upper_bound":11275.04827461882},"point_estimate":11241.43224769459,"standard_error":15.425673919948418},"Median":{"confidence_interval":{"confidence_level":0.95,"lower_bound":11186.285153164918,"upper_bound":11198.010783742544},"point_estimate":11189.336259712672,"standard_error":3.3580588129234084},"MedianAbsDev":{"confidence_interval":{"confidence_level":0.95,"lower_bound":14.788764256467994,"upper_bound":30.170880305456905},"point_estimate":21.527073510745414,"standard_error":4.1516475432196955},"Slope":{"confidence_interval":{"confidence_level":0.95,"lower_bound":11197.283699444242,"upper_bound":11242.133936479733},"point_estimate":11215.71951396649,"standard_error":11.788368874361991},"StdDev":{"confidence_interval":{"confidence_level":0.95,"lower_bound":78.40758801614396,"upper_bound":230.5860112362299},"point_estimate":155.06946077526098,"standard_error":43.36256510035141}}