{"Mean":{"confidence_interval":{"confidence_level":0.95,"lower_bound":4.092447315966255,"upper_bound":4.100327347155092},"point_estimate":4.095754215589053,"standard_error":0.002061772751277721},"Median":{"confidence_interval":{"confidence_level":0.95,"lower_bound":4.091094483907314,"upper_bound":4.092576435007846},"point_estimate":4.091807855238393,"standard_error":0.000347790441999368},"MedianAbsDev":{"confidence_interval":{"confidence_level":0.95,"lower_bound":0.002280652628052946,"upper_bound":0.004068284807312598},"point_estimate":0.003030810874180334,"standard_error":0.0004600609451768266},"Slope":{"confidence_interval":{"confidence_level":0.95,"lower_bound":4.091906441890508,"upper_bound":4.107625527731251},"point_estimate":4.097298749206161,"standard_error":0.0045432610413541465},"StdDev":{"confidence_interval":{"confidence_level":0.95,"lower_bound":0.004968161603665397,"upper_bound":0.032237018509142235},"point_estimate":0.02070234656356865,"standard_error":0.0074294742320359175}}