{"mean":{"confidence_interval":{"confidence_level":0.95,"lower_bound":4.866184686903735,"upper_bound":4.89333881122376},"point_estimate":4.878153677540424,"standard_error":0.006978746566920292},"median":{"confidence_interval":{"confidence_level":0.95,"lower_bound":4.855790716212901,"upper_bound":4.868584227308522},"point_estimate":4.859521598698734,"standard_error":0.003599618272702482},"median_abs_dev":{"confidence_interval":{"confidence_level":0.95,"lower_bound":0.01874642590953801,"upper_bound":0.03189518243982713},"point_estimate":0.02586345208735881,"standard_error":0.003251208276585715},"slope":{"confidence_interval":{"confidence_level":0.95,"lower_bound":4.851139186487994,"upper_bound":4.862733471575663},"point_estimate":4.856584151550801,"standard_error":0.0029449407575387284},"std_dev":{"confidence_interval":{"confidence_level":0.95,"lower_bound":0.03102440642494617,"upper_bound":0.10581661548470922},"point_estimate":0.07068058246392567,"standard_error":0.019667032503086018}}