{"Mean":{"confidence_interval":{"confidence_level":0.95,"lower_bound":3.064563780010849,"upper_bound":3.0827622291083316},"point_estimate":3.0724286404796852,"standard_error":0.004709018446328798},"Median":{"confidence_interval":{"confidence_level":0.95,"lower_bound":3.058226988027349,"upper_bound":3.061994817840861},"point_estimate":3.05925470089349,"standard_error":0.0009833995143360599},"MedianAbsDev":{"confidence_interval":{"confidence_level":0.95,"lower_bound":0.006396859511895278,"upper_bound":0.011658239507216584},"point_estimate":0.008348427290567909,"standard_error":0.001200785526564987},"Slope":{"confidence_interval":{"confidence_level":0.95,"lower_bound":3.0554476180494077,"upper_bound":3.0573228948793476},"point_estimate":3.0562810836878778,"standard_error":0.00047960870178716963},"StdDev":{"confidence_interval":{"confidence_level":0.95,"lower_bound":0.018721035216704613,"upper_bound":0.07262289794853709},"point_estimate":0.04749171675269673,"standard_error":0.014640920685093707}}