{"Mean":{"confidence_interval":{"confidence_level":0.95,"lower_bound":3.936957786609639,"upper_bound":3.9705946883960554},"point_estimate":3.9519293781800466,"standard_error":0.008601226426713378},"Median":{"confidence_interval":{"confidence_level":0.95,"lower_bound":3.9237320003162757,"upper_bound":3.93887490791931},"point_estimate":3.9292891695271397,"standard_error":0.003358426452127519},"MedianAbsDev":{"confidence_interval":{"confidence_level":0.95,"lower_bound":0.030330933843829826,"upper_bound":0.046416797381138374},"point_estimate":0.0379947633342566,"standard_error":0.00391723043991486},"Slope":{"confidence_interval":{"confidence_level":0.95,"lower_bound":3.930841496185851,"upper_bound":3.9493243390999484},"point_estimate":3.9397295643905395,"standard_error":0.004727927450073141},"StdDev":{"confidence_interval":{"confidence_level":0.95,"lower_bound":0.04493368545520583,"upper_bound":0.12799122836906618},"point_estimate":0.08649403543399659,"standard_error":0.02298037315132144}}