{"mean":{"confidence_interval":{"confidence_level":0.95,"lower_bound":7.39207695499388,"upper_bound":7.433820395135089},"point_estimate":7.409955448397338,"standard_error":0.010817576878497263},"median":{"confidence_interval":{"confidence_level":0.95,"lower_bound":7.377953269123751,"upper_bound":7.385517257407204},"point_estimate":7.3815748581427805,"standard_error":0.0018989718287221753},"median_abs_dev":{"confidence_interval":{"confidence_level":0.95,"lower_bound":0.012108911857698567,"upper_bound":0.025376456358560475},"point_estimate":0.01838482008989586,"standard_error":0.0032386512356968023},"slope":{"confidence_interval":{"confidence_level":0.95,"lower_bound":7.373104395155275,"upper_bound":7.3806745804052065},"point_estimate":7.3765632199287055,"standard_error":0.0019364321484320105},"std_dev":{"confidence_interval":{"confidence_level":0.95,"lower_bound":0.04012646116553154,"upper_bound":0.16910830776235422},"point_estimate":0.10912790823150906,"standard_error":0.03562525546752089}}