{"Mean":{"confidence_interval":{"confidence_level":0.95,"lower_bound":7.889390798526779,"upper_bound":7.944226041288236},"point_estimate":7.9133686852985985,"standard_error":0.014079593516993042},"Median":{"confidence_interval":{"confidence_level":0.95,"lower_bound":7.86207900124443,"upper_bound":7.884292223171634},"point_estimate":7.8705263295471415,"standard_error":0.0056569760805144685},"MedianAbsDev":{"confidence_interval":{"confidence_level":0.95,"lower_bound":0.03120501495214849,"upper_bound":0.057429979048438336},"point_estimate":0.04252127695763836,"standard_error":0.007133397904508849},"Slope":{"confidence_interval":{"confidence_level":0.95,"lower_bound":7.880158159771349,"upper_bound":7.909155048853453},"point_estimate":7.893955670827127,"standard_error":0.007404228953802407},"StdDev":{"confidence_interval":{"confidence_level":0.95,"lower_bound":0.06769345121843141,"upper_bound":0.21299140284905974},"point_estimate":0.1414024076310583,"standard_error":0.041116610079689864}}