{"Mean":{"confidence_interval":{"confidence_level":0.95,"lower_bound":7.808912448402003,"upper_bound":7.817103415427186},"point_estimate":7.8126372647114115,"standard_error":0.0021059714723575475},"Median":{"confidence_interval":{"confidence_level":0.95,"lower_bound":7.8054054731771165,"upper_bound":7.808260102261306},"point_estimate":7.806683724408642,"standard_error":0.0007174197885887885},"MedianAbsDev":{"confidence_interval":{"confidence_level":0.95,"lower_bound":0.005085617689594804,"upper_bound":0.009275644017120794},"point_estimate":0.007009608291075238,"standard_error":0.00103450717873728},"Slope":{"confidence_interval":{"confidence_level":0.95,"lower_bound":7.807971206484274,"upper_bound":7.8144973256262755},"point_estimate":7.810935582012636,"standard_error":0.0016720837746658664},"StdDev":{"confidence_interval":{"confidence_level":0.95,"lower_bound":0.010804375789171173,"upper_bound":0.029941423992614086},"point_estimate":0.021267815103907767,"standard_error":0.004920650384691745}}