{"Mean":{"confidence_interval":{"confidence_level":0.95,"lower_bound":4.963711014217095,"upper_bound":4.993397737800494},"point_estimate":4.976545909002757,"standard_error":0.007685490221345038},"Median":{"confidence_interval":{"confidence_level":0.95,"lower_bound":4.952792885794338,"upper_bound":4.957896991219201},"point_estimate":4.954349893949182,"standard_error":0.0012861267868532521},"MedianAbsDev":{"confidence_interval":{"confidence_level":0.95,"lower_bound":0.0062906618608717735,"upper_bound":0.013087014181211278},"point_estimate":0.009022020822034104,"standard_error":0.0017226035354561211},"Slope":{"confidence_interval":{"confidence_level":0.95,"lower_bound":4.950771078641199,"upper_bound":4.955751656920667},"point_estimate":4.952868183229045,"standard_error":0.0012912021580350549},"StdDev":{"confidence_interval":{"confidence_level":0.95,"lower_bound":0.029251048418245558,"upper_bound":0.11776217438054731},"point_estimate":0.07708364288494814,"standard_error":0.023607259889871245}}