{"Mean":{"confidence_interval":{"confidence_level":0.95,"lower_bound":7.430068305220572,"upper_bound":7.471965551047902},"point_estimate":7.447964247777195,"standard_error":0.010875372494948214},"Median":{"confidence_interval":{"confidence_level":0.95,"lower_bound":7.41222077151268,"upper_bound":7.422146286940134},"point_estimate":7.415137682875367,"standard_error":0.0023860822039994387},"MedianAbsDev":{"confidence_interval":{"confidence_level":0.95,"lower_bound":0.01035066691235979,"upper_bound":0.02281155784316068},"point_estimate":0.014495617185005487,"standard_error":0.0030687425736834395},"Slope":{"confidence_interval":{"confidence_level":0.95,"lower_bound":7.409427070014774,"upper_bound":7.421450269696516},"point_estimate":7.4142926279726495,"standard_error":0.003143161468554349},"StdDev":{"confidence_interval":{"confidence_level":0.95,"lower_bound":0.04141554173180241,"upper_bound":0.16891929980868575},"point_estimate":0.10911852391876269,"standard_error":0.03563541858741785}}