{"mean":{"confidence_interval":{"confidence_level":0.95,"lower_bound":105626.98527976987,"upper_bound":105785.53891930539},"point_estimate":105703.31823755353,"standard_error":40.52441252156258},"median":{"confidence_interval":{"confidence_level":0.95,"lower_bound":105469.96884615385,"upper_bound":105527.58785831285},"point_estimate":105493.04675675675,"standard_error":17.330709462515927},"median_abs_dev":{"confidence_interval":{"confidence_level":0.95,"lower_bound":64.75062839590936,"upper_bound":206.6426722016622},"point_estimate":104.80040425161535,"standard_error":37.51348189353135},"slope":{"confidence_interval":{"confidence_level":0.95,"lower_bound":105613.91937221718,"upper_bound":105785.39622244399},"point_estimate":105703.59181528003,"standard_error":43.641401416053824},"std_dev":{"confidence_interval":{"confidence_level":0.95,"lower_bound":320.6015383282763,"upper_bound":492.7872862920247},"point_estimate":407.4788602485864,"standard_error":44.47105304415184}}