{"Mean":{"confidence_interval":{"confidence_level":0.95,"lower_bound":2.011704957719726,"upper_bound":2.0270788599119416},"point_estimate":2.0180318206640093,"standard_error":0.0040439137053444995},"Median":{"confidence_interval":{"confidence_level":0.95,"lower_bound":2.0099449249261827,"upper_bound":2.010827706860601},"point_estimate":2.0104562610890513,"standard_error":0.00024244444056997666},"MedianAbsDev":{"confidence_interval":{"confidence_level":0.95,"lower_bound":0.001544431325679116,"upper_bound":0.0029901301877407168},"point_estimate":0.002185802209392349,"standard_error":0.0003743946917420893},"Slope":{"confidence_interval":{"confidence_level":0.95,"lower_bound":2.011190895065997,"upper_bound":2.0136417018461916},"point_estimate":2.01232867894662,"standard_error":0.0006268866621119559},"StdDev":{"confidence_interval":{"confidence_level":0.95,"lower_bound":0.005302828485918558,"upper_bound":0.06415837930678352},"point_estimate":0.040752076259835714,"standard_error":0.015707311840350135}}