{"Mean":{"confidence_interval":{"confidence_level":0.95,"lower_bound":2.598332036143287,"upper_bound":2.604209400645029},"point_estimate":2.600548582861943,"standard_error":0.0015975014391356392},"Median":{"confidence_interval":{"confidence_level":0.95,"lower_bound":2.5978011682201196,"upper_bound":2.5992008936005497},"point_estimate":2.5988841030829204,"standard_error":0.00038251302008173214},"MedianAbsDev":{"confidence_interval":{"confidence_level":0.95,"lower_bound":0.0023209877936763304,"upper_bound":0.0039799169585084376},"point_estimate":0.0029076921441062104,"standard_error":0.0004417158039592978},"Slope":{"confidence_interval":{"confidence_level":0.95,"lower_bound":2.5983577062902956,"upper_bound":2.59955342670057},"point_estimate":2.5989324927676822,"standard_error":0.00030523666190799187},"StdDev":{"confidence_interval":{"confidence_level":0.95,"lower_bound":0.0033275611692551023,"upper_bound":0.026687120862088316},"point_estimate":0.015964127950359175,"standard_error":0.0077488613065691304}}