{"Mean":{"confidence_interval":{"confidence_level":0.95,"lower_bound":4.677752208518963,"upper_bound":4.728420614484663},"point_estimate":4.695676065441231,"standard_error":0.015082686938582116},"Median":{"confidence_interval":{"confidence_level":0.95,"lower_bound":4.676444777992201,"upper_bound":4.67736673886629},"point_estimate":4.676974768823554,"standard_error":0.00027994561466228307},"MedianAbsDev":{"confidence_interval":{"confidence_level":0.95,"lower_bound":0.0017382660067996704,"upper_bound":0.0034959009099894186},"point_estimate":0.0024033088052280373,"standard_error":0.0004319529450059168},"Slope":{"confidence_interval":{"confidence_level":0.95,"lower_bound":4.677389456605765,"upper_bound":4.746591656444646},"point_estimate":4.702447276029175,"standard_error":0.018841668062082692},"StdDev":{"confidence_interval":{"confidence_level":0.95,"lower_bound":0.006628844214379935,"upper_bound":0.2579351121633491},"point_estimate":0.15131091641018457,"standard_error":0.08568258341220406}}