{"mean":{"confidence_interval":{"confidence_level":0.95,"lower_bound":115.56701132897425,"upper_bound":116.27324403907262},"point_estimate":115.87552504363653,"standard_error":0.18223462291030976},"median":{"confidence_interval":{"confidence_level":0.95,"lower_bound":115.25346949733591,"upper_bound":115.42604102212229},"point_estimate":115.33734382881309,"standard_error":0.047305523611068524},"median_abs_dev":{"confidence_interval":{"confidence_level":0.95,"lower_bound":0.23760731646142716,"upper_bound":0.4928161827063349},"point_estimate":0.33356701741637446,"standard_error":0.06517293205927259},"slope":{"confidence_interval":{"confidence_level":0.95,"lower_bound":115.24430579762615,"upper_bound":115.6031988610935},"point_estimate":115.39959451553159,"standard_error":0.09227324811588572},"std_dev":{"confidence_interval":{"confidence_level":0.95,"lower_bound":0.8318620278377961,"upper_bound":2.7570981717268},"point_estimate":1.8234430357925895,"standard_error":0.5335082104186709}}