{"Mean":{"confidence_interval":{"confidence_level":0.95,"lower_bound":10.947646456520726,"upper_bound":11.009091690931097},"point_estimate":10.977338302729514,"standard_error":0.01570315469334201},"Median":{"confidence_interval":{"confidence_level":0.95,"lower_bound":10.884991769544365,"upper_bound":10.971853257432006},"point_estimate":10.915736144534375,"standard_error":0.024664091388972697},"MedianAbsDev":{"confidence_interval":{"confidence_level":0.95,"lower_bound":0.0782534392417057,"upper_bound":0.16359350924854815},"point_estimate":0.11806392856772269,"standard_error":0.02177307615991074},"Slope":{"confidence_interval":{"confidence_level":0.95,"lower_bound":10.98517862746318,"upper_bound":11.045810850182507},"point_estimate":11.016324614581755,"standard_error":0.015487217381464363},"StdDev":{"confidence_interval":{"confidence_level":0.95,"lower_bound":0.1266664884681266,"upper_bound":0.18512365234842276},"point_estimate":0.15804091241606866,"standard_error":0.014968028828615447}}