{"Mean":{"confidence_interval":{"confidence_level":0.95,"lower_bound":11.427047120050497,"upper_bound":11.777291202779736},"point_estimate":11.600418237688617,"standard_error":0.08932907535909222},"Median":{"confidence_interval":{"confidence_level":0.95,"lower_bound":10.893004779768084,"upper_bound":11.704050693806437},"point_estimate":11.1028322761266,"standard_error":0.24066982389175856},"MedianAbsDev":{"confidence_interval":{"confidence_level":0.95,"lower_bound":0.25387715609204764,"upper_bound":1.315760510946893},"point_estimate":0.5640821758664764,"standard_error":0.3079557029945816},"Slope":{"confidence_interval":{"confidence_level":0.95,"lower_bound":11.3005417922361,"upper_bound":11.783111950891923},"point_estimate":11.541101363158857,"standard_error":0.12302951331081839},"StdDev":{"confidence_interval":{"confidence_level":0.95,"lower_bound":0.8191748954284883,"upper_bound":0.9776583486674136},"point_estimate":0.8991625040505364,"standard_error":0.040572535355500795}}