{"Mean":{"confidence_interval":{"confidence_level":0.95,"lower_bound":11.085751590594402,"upper_bound":11.269119226891329},"point_estimate":11.165536129500895,"standard_error":0.04699835880713954},"Median":{"confidence_interval":{"confidence_level":0.95,"lower_bound":11.077498830116092,"upper_bound":11.143001358959424},"point_estimate":11.092020548496485,"standard_error":0.01733743085950399},"MedianAbsDev":{"confidence_interval":{"confidence_level":0.95,"lower_bound":0.15818598851234006,"upper_bound":0.43022464665056026},"point_estimate":0.3364915500579729,"standard_error":0.08576177812468258},"Slope":{"confidence_interval":{"confidence_level":0.95,"lower_bound":11.10492795816808,"upper_bound":11.492954418254136},"point_estimate":11.265953448338207,"standard_error":0.1022928511915535},"StdDev":{"confidence_interval":{"confidence_level":0.95,"lower_bound":0.2423627984926454,"upper_bound":0.7177323228437994},"point_estimate":0.4722429459850814,"standard_error":0.14705278033486358}}