{"Mean":{"confidence_interval":{"confidence_level":0.95,"lower_bound":10.69986568049983,"upper_bound":10.712999557495111},"point_estimate":10.705077294443162,"standard_error":0.0034571107816008697},"Median":{"confidence_interval":{"confidence_level":0.95,"lower_bound":10.696795057624541,"upper_bound":10.701588052875676},"point_estimate":10.699299109270083,"standard_error":0.0012737995773677226},"MedianAbsDev":{"confidence_interval":{"confidence_level":0.95,"lower_bound":0.005956998058976716,"upper_bound":0.009667344147445179},"point_estimate":0.0072447280980426,"standard_error":0.0009310936482887631},"Slope":{"confidence_interval":{"confidence_level":0.95,"lower_bound":10.69954220496754,"upper_bound":10.702831483989355},"point_estimate":10.701101248558121,"standard_error":0.0008412962694780376},"StdDev":{"confidence_interval":{"confidence_level":0.95,"lower_bound":0.009677854175392183,"upper_bound":0.056567162749340615},"point_estimate":0.0346485983080922,"standard_error":0.014727356545954744}}