{"Mean":{"confidence_interval":{"confidence_level":0.95,"lower_bound":16.132887817745935,"upper_bound":16.332192970229386},"point_estimate":16.217847570622435,"standard_error":0.051725191093490684},"Median":{"confidence_interval":{"confidence_level":0.95,"lower_bound":16.13166992676159,"upper_bound":16.13788517077991},"point_estimate":16.135178942279865,"standard_error":0.001441295268005161},"MedianAbsDev":{"confidence_interval":{"confidence_level":0.95,"lower_bound":0.009834625004970624,"upper_bound":0.01656543209282546},"point_estimate":0.013331195954359996,"standard_error":0.001762211153527209},"Slope":{"confidence_interval":{"confidence_level":0.95,"lower_bound":16.09704554387739,"upper_bound":16.461482253697003},"point_estimate":16.249839606233873,"standard_error":0.09476809748032224},"StdDev":{"confidence_interval":{"confidence_level":0.95,"lower_bound":0.14467410565623337,"upper_bound":0.7961097732831167},"point_estimate":0.5205955864509122,"standard_error":0.17137650864486664}}