{"Mean":{"confidence_interval":{"confidence_level":0.95,"lower_bound":15.277265311891806,"upper_bound":15.598866723699487},"point_estimate":15.416840236945113,"standard_error":0.08320150794661882},"Median":{"confidence_interval":{"confidence_level":0.95,"lower_bound":15.205569032802448,"upper_bound":15.21295838430107},"point_estimate":15.209645481439068,"standard_error":0.0017361600123783406},"MedianAbsDev":{"confidence_interval":{"confidence_level":0.95,"lower_bound":0.011931729915089595,"upper_bound":0.023377638941690676},"point_estimate":0.017467124082049326,"standard_error":0.0029251330288966957},"Slope":{"confidence_interval":{"confidence_level":0.95,"lower_bound":15.251285669026931,"upper_bound":15.559072524147277},"point_estimate":15.380484024055203,"standard_error":0.0792358820406908},"StdDev":{"confidence_interval":{"confidence_level":0.95,"lower_bound":0.2202489112032974,"upper_bound":1.2513515730031215},"point_estimate":0.8355840882425613,"standard_error":0.2514661566780367}}