{"Mean":{"confidence_interval":{"confidence_level":0.95,"lower_bound":15.375725603123007,"upper_bound":15.578620563099262},"point_estimate":15.468785250932788,"standard_error":0.05200617074244199},"Median":{"confidence_interval":{"confidence_level":0.95,"lower_bound":15.301716141001855,"upper_bound":15.312845138055222},"point_estimate":15.309138075520064,"standard_error":0.006531061917645121},"MedianAbsDev":{"confidence_interval":{"confidence_level":0.95,"lower_bound":0.07025186466756879,"upper_bound":0.14782775247757488},"point_estimate":0.1329197410593108,"standard_error":0.019815807141592773},"Slope":{"confidence_interval":{"confidence_level":0.95,"lower_bound":15.385664035929214,"upper_bound":15.675751563393273},"point_estimate":15.521514751962556,"standard_error":0.07459926277209149},"StdDev":{"confidence_interval":{"confidence_level":0.95,"lower_bound":0.3196955760177809,"upper_bound":0.704021883747889},"point_estimate":0.5212005033368547,"standard_error":0.09916696380609566}}