{"Mean":{"confidence_interval":{"confidence_level":0.95,"lower_bound":15.282802121132697,"upper_bound":15.443267832975161},"point_estimate":15.348987373985647,"standard_error":0.04189427603373035},"Median":{"confidence_interval":{"confidence_level":0.95,"lower_bound":15.285087719298245,"upper_bound":15.303104575163399},"point_estimate":15.295189142133587,"standard_error":0.005029394246448587},"MedianAbsDev":{"confidence_interval":{"confidence_level":0.95,"lower_bound":0.023195148144956282,"upper_bound":0.09772555277502913},"point_estimate":0.032820168350179764,"standard_error":0.021300685847337176},"Slope":{"confidence_interval":{"confidence_level":0.95,"lower_bound":15.29190891405547,"upper_bound":15.396269995840887},"point_estimate":15.33389317925712,"standard_error":0.027345946505262925},"StdDev":{"confidence_interval":{"confidence_level":0.95,"lower_bound":0.08318187434286568,"upper_bound":0.6720366019074103},"point_estimate":0.42191470598363623,"standard_error":0.15999096638018076}}