{"Mean":{"confidence_interval":{"confidence_level":0.95,"lower_bound":2.569036458126508,"upper_bound":2.572425289015588},"point_estimate":2.5705228873750685,"standard_error":0.0008750682374458426},"Median":{"confidence_interval":{"confidence_level":0.95,"lower_bound":2.567674777696904,"upper_bound":2.5690410432412527},"point_estimate":2.5681476356752277,"standard_error":0.00034310693323283143},"MedianAbsDev":{"confidence_interval":{"confidence_level":0.95,"lower_bound":0.0018513430881392826,"upper_bound":0.003319849700331965},"point_estimate":0.0024306448077809173,"standard_error":0.00037033493199363574},"Slope":{"confidence_interval":{"confidence_level":0.95,"lower_bound":2.56840996331102,"upper_bound":2.570568596235052},"point_estimate":2.5693782011409145,"standard_error":0.0005562914373322432},"StdDev":{"confidence_interval":{"confidence_level":0.95,"lower_bound":0.004180663610539818,"upper_bound":0.013154587592010377},"point_estimate":0.00877988184743556,"standard_error":0.002496715737101059}}