{"Mean":{"confidence_interval":{"confidence_level":0.95,"lower_bound":1.32208225446542,"upper_bound":1.3251811530179622},"point_estimate":1.323466182161866,"standard_error":0.0007955419635090906},"Median":{"confidence_interval":{"confidence_level":0.95,"lower_bound":1.3206622282274962,"upper_bound":1.3213259372041448},"point_estimate":1.3208623042797516,"standard_error":0.00016366812722125494},"MedianAbsDev":{"confidence_interval":{"confidence_level":0.95,"lower_bound":0.0008917694774363254,"upper_bound":0.0018048486254777674},"point_estimate":0.0013909279217248867,"standard_error":0.00024185559293187376},"Slope":{"confidence_interval":{"confidence_level":0.95,"lower_bound":1.3213755767176698,"upper_bound":1.322756497002885},"point_estimate":1.3220190234251232,"standard_error":0.0003530495509191648},"StdDev":{"confidence_interval":{"confidence_level":0.95,"lower_bound":0.0036687163646417996,"upper_bound":0.011452061451760578},"point_estimate":0.008024612010992171,"standard_error":0.0020026648448220647}}