{"Mean":{"confidence_interval":{"confidence_level":0.95,"lower_bound":1.3228994987126221,"upper_bound":1.3255484392646284},"point_estimate":1.324085429861992,"standard_error":0.0006798917610487217},"Median":{"confidence_interval":{"confidence_level":0.95,"lower_bound":1.321745338643165,"upper_bound":1.3222370493843496},"point_estimate":1.3219447264206585,"standard_error":0.00014226875946885114},"MedianAbsDev":{"confidence_interval":{"confidence_level":0.95,"lower_bound":0.0007323467861738408,"upper_bound":0.0013886089877700714},"point_estimate":0.0009267674456551146,"standard_error":0.00017679808797887954},"Slope":{"confidence_interval":{"confidence_level":0.95,"lower_bound":1.3224039034130692,"upper_bound":1.3238332960806856},"point_estimate":1.3230691400208996,"standard_error":0.00036684068614043343},"StdDev":{"confidence_interval":{"confidence_level":0.95,"lower_bound":0.003299394046087234,"upper_bound":0.009857310395318255},"point_estimate":0.006844673936715985,"standard_error":0.0017055329672139728}}