{"Mean":{"confidence_interval":{"confidence_level":0.95,"lower_bound":1.322413698452608,"upper_bound":1.3248082295218233},"point_estimate":1.3234608863880042,"standard_error":0.0006167266855657711},"Median":{"confidence_interval":{"confidence_level":0.95,"lower_bound":1.3213481259830848,"upper_bound":1.3220052672074003},"point_estimate":1.3216100576292356,"standard_error":0.00018148660721324203},"MedianAbsDev":{"confidence_interval":{"confidence_level":0.95,"lower_bound":0.0009008192136061632,"upper_bound":0.002060414285222993},"point_estimate":0.0014787565598289043,"standard_error":0.00029625974108514415},"Slope":{"confidence_interval":{"confidence_level":0.95,"lower_bound":1.3220637165298643,"upper_bound":1.3231033414226792},"point_estimate":1.3225629089598403,"standard_error":0.0002642005034255545},"StdDev":{"confidence_interval":{"confidence_level":0.95,"lower_bound":0.002609852730954652,"upper_bound":0.009253749824283224},"point_estimate":0.006232677853505315,"standard_error":0.0017536799530756097}}