{"Mean":{"confidence_interval":{"confidence_level":0.95,"lower_bound":1.333498605246615,"upper_bound":1.3378241828463397},"point_estimate":1.335480959024018,"standard_error":0.001108559968701476},"Median":{"confidence_interval":{"confidence_level":0.95,"lower_bound":1.3310768320358646,"upper_bound":1.3326070601860012},"point_estimate":1.3316659544236324,"standard_error":0.0003481622773467568},"MedianAbsDev":{"confidence_interval":{"confidence_level":0.95,"lower_bound":0.00142848130219028,"upper_bound":0.0033336659981554936},"point_estimate":0.0020672538360474043,"standard_error":0.0004651121177006838},"Slope":{"confidence_interval":{"confidence_level":0.95,"lower_bound":1.3320887063431268,"upper_bound":1.3337111516544524},"point_estimate":1.3328397101770608,"standard_error":0.00041634676479639137},"StdDev":{"confidence_interval":{"confidence_level":0.95,"lower_bound":0.006493208578093771,"upper_bound":0.01489994607459748},"point_estimate":0.0111598226794852,"standard_error":0.00214166265058352}}