{"Mean":{"confidence_interval":{"confidence_level":0.95,"lower_bound":314.2505451463429,"upper_bound":317.27582612826484},"point_estimate":315.5459890514936,"standard_error":0.7845981831314157},"Median":{"confidence_interval":{"confidence_level":0.95,"lower_bound":313.09643630877156,"upper_bound":313.6631461756033},"point_estimate":313.3875315678705,"standard_error":0.14156317622959552},"MedianAbsDev":{"confidence_interval":{"confidence_level":0.95,"lower_bound":0.7435876927253087,"upper_bound":1.6499275127397122},"point_estimate":1.0501728883369397,"standard_error":0.24325690064566366},"Slope":{"confidence_interval":{"confidence_level":0.95,"lower_bound":312.8081739467803,"upper_bound":313.1021335882586},"point_estimate":312.94556362348743,"standard_error":0.07494750159742998},"StdDev":{"confidence_interval":{"confidence_level":0.95,"lower_bound":2.915322081588762,"upper_bound":12.126480772082038},"point_estimate":7.857716752332036,"standard_error":2.509073472168353}}