{"Mean":{"confidence_interval":{"confidence_level":0.95,"lower_bound":2.4379552880811666,"upper_bound":2.4419138264845626},"point_estimate":2.4397655955625783,"standard_error":0.0010152622302600442},"Median":{"confidence_interval":{"confidence_level":0.95,"lower_bound":2.435992739187224,"upper_bound":2.4373333031680247},"point_estimate":2.436873809570078,"standard_error":0.00034883052093304015},"MedianAbsDev":{"confidence_interval":{"confidence_level":0.95,"lower_bound":0.0020836674467055324,"upper_bound":0.004392836134953755},"point_estimate":0.0030634557958968646,"standard_error":0.0005968689461443464},"Slope":{"confidence_interval":{"confidence_level":0.95,"lower_bound":2.4375346615436935,"upper_bound":2.4402135848348485},"point_estimate":2.4387888848088797,"standard_error":0.0006839518818616441},"StdDev":{"confidence_interval":{"confidence_level":0.95,"lower_bound":0.005440332906092036,"upper_bound":0.014075949908255935},"point_estimate":0.010199826039007284,"standard_error":0.002196893113383554}}