{"Mean":{"confidence_interval":{"confidence_level":0.95,"lower_bound":22.79183332779047,"upper_bound":22.943791281043225},"point_estimate":22.863144096214807,"standard_error":0.038788745301672596},"Median":{"confidence_interval":{"confidence_level":0.95,"lower_bound":22.643822468810207,"upper_bound":22.75816511684374},"point_estimate":22.693604844087083,"standard_error":0.03153727482756193},"MedianAbsDev":{"confidence_interval":{"confidence_level":0.95,"lower_bound":0.09770153313154478,"upper_bound":0.26807142850009263},"point_estimate":0.17360955328706262,"standard_error":0.046543954794462626},"Slope":{"confidence_interval":{"confidence_level":0.95,"lower_bound":22.697922106168164,"upper_bound":22.82143264606374},"point_estimate":22.75444217211386,"standard_error":0.03158753221385473},"StdDev":{"confidence_interval":{"confidence_level":0.95,"lower_bound":0.2702666526847323,"upper_bound":0.5298234524768848},"point_estimate":0.3902521929033315,"standard_error":0.07493013080390533}}