{"Mean":{"confidence_interval":{"confidence_level":0.95,"lower_bound":1.6762060145401352,"upper_bound":1.6841270071687362},"point_estimate":1.6794765595812406,"standard_error":0.0020669422151964744},"Median":{"confidence_interval":{"confidence_level":0.95,"lower_bound":1.6746969017474864,"upper_bound":1.6747588876057304},"point_estimate":1.6747144105621274,"standard_error":0.000016669821439952462},"MedianAbsDev":{"confidence_interval":{"confidence_level":0.95,"lower_bound":0.00006443270111982444,"upper_bound":0.00015246345876557954},"point_estimate":0.00009336108372228654,"standard_error":0.000024641363672774743},"Slope":{"confidence_interval":{"confidence_level":0.95,"lower_bound":1.6761130325351221,"upper_bound":1.6828674730328872},"point_estimate":1.6791488097576954,"standard_error":0.0017413048010920817},"StdDev":{"confidence_interval":{"confidence_level":0.95,"lower_bound":0.005885502933136785,"upper_bound":0.033204428910498046},"point_estimate":0.020755224926304962,"standard_error":0.007898252658449652}}