{"Mean":{"confidence_interval":{"confidence_level":0.95,"lower_bound":24992.407674983588,"upper_bound":25073.444701793833},"point_estimate":25028.359003581478,"standard_error":20.785929314093117},"Median":{"confidence_interval":{"confidence_level":0.95,"lower_bound":24979.325454545455,"upper_bound":24995.33},"point_estimate":24990.336598258706,"standard_error":4.1937642590863975},"MedianAbsDev":{"confidence_interval":{"confidence_level":0.95,"lower_bound":27.438726609360454,"upper_bound":58.821041545590354},"point_estimate":44.375969898216475,"standard_error":8.11041320432086},"Slope":{"confidence_interval":{"confidence_level":0.95,"lower_bound":24997.088884397177,"upper_bound":25019.8578549188},"point_estimate":25007.784275971626,"standard_error":5.840344236247885},"StdDev":{"confidence_interval":{"confidence_level":0.95,"lower_bound":87.02705704172493,"upper_bound":313.11648599440804},"point_estimate":209.1514141524438,"standard_error":59.590637195099745}}