{"Mean":{"confidence_interval":{"confidence_level":0.95,"lower_bound":8.160651741043099,"upper_bound":8.220321042530605},"point_estimate":8.18827849678808,"standard_error":0.01529598544767687},"Median":{"confidence_interval":{"confidence_level":0.95,"lower_bound":8.131841009258606,"upper_bound":8.136213757985043},"point_estimate":8.134402695481782,"standard_error":0.0013227353476683349},"MedianAbsDev":{"confidence_interval":{"confidence_level":0.95,"lower_bound":0.01141225269626897,"upper_bound":0.021564122803142412},"point_estimate":0.017408078805148768,"standard_error":0.002690901047607277},"Slope":{"confidence_interval":{"confidence_level":0.95,"lower_bound":8.182803133251902,"upper_bound":8.298787295017135},"point_estimate":8.238046207284608,"standard_error":0.029711311928469306},"StdDev":{"confidence_interval":{"confidence_level":0.95,"lower_bound":0.09678110357852536,"upper_bound":0.19749467435010445},"point_estimate":0.1530425661396518,"standard_error":0.02569380219844167}}