{"Mean":{"confidence_interval":{"confidence_level":0.95,"lower_bound":8.116511223331166,"upper_bound":8.122857476960727},"point_estimate":8.119283156155605,"standard_error":0.0016369485491991593},"Median":{"confidence_interval":{"confidence_level":0.95,"lower_bound":8.114124057773472,"upper_bound":8.116282790862734},"point_estimate":8.114971130249408,"standard_error":0.0005348755341219477},"MedianAbsDev":{"confidence_interval":{"confidence_level":0.95,"lower_bound":0.0033159113516378264,"upper_bound":0.005435652819910718},"point_estimate":0.0044151334120022786,"standard_error":0.0005345134049044391},"Slope":{"confidence_interval":{"confidence_level":0.95,"lower_bound":8.115735098943327,"upper_bound":8.118752333805341},"point_estimate":8.117128732018848,"standard_error":0.000772640009651127},"StdDev":{"confidence_interval":{"confidence_level":0.95,"lower_bound":0.006231189297425765,"upper_bound":0.02453830349036337},"point_estimate":0.016464776309890707,"standard_error":0.004753122974517081}}