{"Mean":{"confidence_interval":{"confidence_level":0.95,"lower_bound":4.0336576769807,"upper_bound":4.057552714777174},"point_estimate":4.0439636230081115,"standard_error":0.006177062333634625},"Median":{"confidence_interval":{"confidence_level":0.95,"lower_bound":4.025334669676296,"upper_bound":4.029531749232099},"point_estimate":4.027252291739179,"standard_error":0.0009754625470321581},"MedianAbsDev":{"confidence_interval":{"confidence_level":0.95,"lower_bound":0.006101316458432844,"upper_bound":0.011587249687685904},"point_estimate":0.008847231552973768,"standard_error":0.0014054953152977008},"Slope":{"confidence_interval":{"confidence_level":0.95,"lower_bound":4.02335094681098,"upper_bound":4.025823742004352},"point_estimate":4.024500441178261,"standard_error":0.0006312635982243038},"StdDev":{"confidence_interval":{"confidence_level":0.95,"lower_bound":0.022616709073274215,"upper_bound":0.09532185938439013},"point_estimate":0.062212735451036165,"standard_error":0.019397727653824245}}