{"Mean":{"confidence_interval":{"confidence_level":0.95,"lower_bound":1.0555686783594806,"upper_bound":1.0589847814400097},"point_estimate":1.057081490759077,"standard_error":0.0008767159747375622},"Median":{"confidence_interval":{"confidence_level":0.95,"lower_bound":1.0543570702907947,"upper_bound":1.0553445957028564},"point_estimate":1.0547446593602732,"standard_error":0.0003097271541541972},"MedianAbsDev":{"confidence_interval":{"confidence_level":0.95,"lower_bound":0.0018075237868976303,"upper_bound":0.0032117685973004455},"point_estimate":0.0025073345945095327,"standard_error":0.0003729453462815385},"Slope":{"confidence_interval":{"confidence_level":0.95,"lower_bound":1.0550336484301306,"upper_bound":1.0564577264578932},"point_estimate":1.0557061194305708,"standard_error":0.00036396132931773486},"StdDev":{"confidence_interval":{"confidence_level":0.95,"lower_bound":0.0038688127476028665,"upper_bound":0.012980782590494882},"point_estimate":0.008802471109867802,"standard_error":0.002366507888615029}}