{"Mean":{"confidence_interval":{"confidence_level":0.95,"lower_bound":2.137840535283271,"upper_bound":2.1519227279764332},"point_estimate":2.1439221090659406,"standard_error":0.003633466706466081},"Median":{"confidence_interval":{"confidence_level":0.95,"lower_bound":2.132123602386229,"upper_bound":2.1349843631434178},"point_estimate":2.133136986510036,"standard_error":0.0007799793192308488},"MedianAbsDev":{"confidence_interval":{"confidence_level":0.95,"lower_bound":0.0031343413942701475,"upper_bound":0.006854114931920833},"point_estimate":0.00437624942108106,"standard_error":0.0009618400134712167},"Slope":{"confidence_interval":{"confidence_level":0.95,"lower_bound":2.131189411743281,"upper_bound":2.132299638396213},"point_estimate":2.131692152749028,"standard_error":0.0002837775890147769},"StdDev":{"confidence_interval":{"confidence_level":0.95,"lower_bound":0.014778995834548822,"upper_bound":0.055872240988187986},"point_estimate":0.036571294648795584,"standard_error":0.011312794072651374}}