{"Mean":{"confidence_interval":{"confidence_level":0.95,"lower_bound":4093.1302612955856,"upper_bound":4099.821137887852},"point_estimate":4096.247048756972,"standard_error":1.7099040112326358},"Median":{"confidence_interval":{"confidence_level":0.95,"lower_bound":4089.9661016949153,"upper_bound":4093.934365079365},"point_estimate":4091.3119062280084,"standard_error":1.0366674152512638},"MedianAbsDev":{"confidence_interval":{"confidence_level":0.95,"lower_bound":6.142733410613401,"upper_bound":10.580585197366995},"point_estimate":8.386615328865853,"standard_error":1.0973720243768355},"Slope":{"confidence_interval":{"confidence_level":0.95,"lower_bound":4092.4813334789246,"upper_bound":4097.38775447427},"point_estimate":4094.756656621419,"standard_error":1.2548338070419163},"StdDev":{"confidence_interval":{"confidence_level":0.95,"lower_bound":11.718385136817643,"upper_bound":21.846788816950685},"point_estimate":17.136108493449363,"standard_error":2.59502639792052}}