{"Mean":{"confidence_interval":{"confidence_level":0.95,"lower_bound":4.028828054664371,"upper_bound":4.034525772217616},"point_estimate":4.031277276152817,"standard_error":0.001477747663349533},"Median":{"confidence_interval":{"confidence_level":0.95,"lower_bound":4.027127431501041,"upper_bound":4.028828198700147},"point_estimate":4.027661699546484,"standard_error":0.00043044518751150063},"MedianAbsDev":{"confidence_interval":{"confidence_level":0.95,"lower_bound":0.0020266208637010935,"upper_bound":0.00397276752766308},"point_estimate":0.0026921938234360956,"standard_error":0.0004976099340729759},"Slope":{"confidence_interval":{"confidence_level":0.95,"lower_bound":4.028022249742503,"upper_bound":4.035209480557848},"point_estimate":4.030743124972977,"standard_error":0.001936445158109405},"StdDev":{"confidence_interval":{"confidence_level":0.95,"lower_bound":0.004453327771732839,"upper_bound":0.02251438666981044},"point_estimate":0.01487964330487467,"standard_error":0.004798292317165755}}