{"Mean":{"confidence_interval":{"confidence_level":0.95,"lower_bound":4.036585834603211,"upper_bound":4.043092695238673},"point_estimate":4.039508793145637,"standard_error":0.0016685273241666442},"Median":{"confidence_interval":{"confidence_level":0.95,"lower_bound":4.034152801275063,"upper_bound":4.036794485018459},"point_estimate":4.0355563506678855,"standard_error":0.0006299848475707677},"MedianAbsDev":{"confidence_interval":{"confidence_level":0.95,"lower_bound":0.004018026655609274,"upper_bound":0.006453488143899336},"point_estimate":0.005673139037276823,"standard_error":0.0006430751863448664},"Slope":{"confidence_interval":{"confidence_level":0.95,"lower_bound":4.035051156260225,"upper_bound":4.037090326159514},"point_estimate":4.036015297954009,"standard_error":0.0005199384038432959},"StdDev":{"confidence_interval":{"confidence_level":0.95,"lower_bound":0.007337963558182659,"upper_bound":0.02342558694919132},"point_estimate":0.016718122835584263,"standard_error":0.003949632587267547}}