{"Mean":{"confidence_interval":{"confidence_level":0.95,"lower_bound":4.092645265008638,"upper_bound":4.125132435980435},"point_estimate":4.105371165752427,"standard_error":0.008590590494976744},"Median":{"confidence_interval":{"confidence_level":0.95,"lower_bound":4.0871161322064875,"upper_bound":4.0881871057589905},"point_estimate":4.087588448732358,"standard_error":0.0003224215375582016},"MedianAbsDev":{"confidence_interval":{"confidence_level":0.95,"lower_bound":0.0007761156776982513,"upper_bound":0.00224697383226924},"point_estimate":0.0014156817790176757,"standard_error":0.00043279701888115327},"Slope":{"confidence_interval":{"confidence_level":0.95,"lower_bound":4.093166107746827,"upper_bound":4.1367959088505595},"point_estimate":4.110398941615586,"standard_error":0.011477763963224424},"StdDev":{"confidence_interval":{"confidence_level":0.95,"lower_bound":0.02170022173585823,"upper_bound":0.1411290896148053},"point_estimate":0.08614459106847513,"standard_error":0.0373968885736662}}