{"Mean":{"confidence_interval":{"confidence_level":0.95,"lower_bound":3.532508940311906,"upper_bound":3.53866369403516},"point_estimate":3.535295296254338,"standard_error":0.0015830834336432124},"Median":{"confidence_interval":{"confidence_level":0.95,"lower_bound":3.529772998551554,"upper_bound":3.532019416317927},"point_estimate":3.5308803666221684,"standard_error":0.0005208270824966268},"MedianAbsDev":{"confidence_interval":{"confidence_level":0.95,"lower_bound":0.003504821497270442,"upper_bound":0.006942789909935718},"point_estimate":0.005038236515400532,"standard_error":0.0009241396993601877},"Slope":{"confidence_interval":{"confidence_level":0.95,"lower_bound":3.5310940181077086,"upper_bound":3.534274241839654},"point_estimate":3.5326019928948833,"standard_error":0.0008133208023243579},"StdDev":{"confidence_interval":{"confidence_level":0.95,"lower_bound":0.008195733979925702,"upper_bound":0.02215981790046767},"point_estimate":0.015909295238392213,"standard_error":0.0035451534644628086}}