{"Mean":{"confidence_interval":{"confidence_level":0.95,"lower_bound":2.5115067552650343,"upper_bound":2.5482096115608246},"point_estimate":2.5257156690224907,"standard_error":0.009800738184587555},"Median":{"confidence_interval":{"confidence_level":0.95,"lower_bound":2.506342511047248,"upper_bound":2.506782263277334},"point_estimate":2.5065398530660987,"standard_error":0.00011013951681696144},"MedianAbsDev":{"confidence_interval":{"confidence_level":0.95,"lower_bound":0.0006863780128536172,"upper_bound":0.0012764796432690436},"point_estimate":0.0009332394383310038,"standard_error":0.00015197255016332533},"Slope":{"confidence_interval":{"confidence_level":0.95,"lower_bound":2.5137740043748518,"upper_bound":2.554757520438957},"point_estimate":2.529847210577499,"standard_error":0.010756542236472724},"StdDev":{"confidence_interval":{"confidence_level":0.95,"lower_bound":0.019381697730095956,"upper_bound":0.16334015985044986},"point_estimate":0.09872568922436202,"standard_error":0.04490360913254324}}