{"Mean":{"confidence_interval":{"confidence_level":0.95,"lower_bound":2.5428601654913714,"upper_bound":2.624889341826788},"point_estimate":2.579260137716551,"standard_error":0.0210848462483818},"Median":{"confidence_interval":{"confidence_level":0.95,"lower_bound":2.5048089591567853,"upper_bound":2.5059161852640113},"point_estimate":2.5052735456596027,"standard_error":0.00030642957090938773},"MedianAbsDev":{"confidence_interval":{"confidence_level":0.95,"lower_bound":0.0013268356407795882,"upper_bound":0.0037470697115240957},"point_estimate":0.0020936502818096033,"standard_error":0.0006525669723520496},"Slope":{"confidence_interval":{"confidence_level":0.95,"lower_bound":2.5424539240645974,"upper_bound":2.5880983236022557},"point_estimate":2.5644474113212747,"standard_error":0.011677977652716836},"StdDev":{"confidence_interval":{"confidence_level":0.95,"lower_bound":0.09957644801652323,"upper_bound":0.3055927948402849},"point_estimate":0.21108235750387871,"standard_error":0.05318737848416908}}