{"mean":{"confidence_interval":{"confidence_level":0.95,"lower_bound":39.90890071660098,"upper_bound":40.24523360099459},"point_estimate":40.064888894568824,"standard_error":0.08604286192451457},"median":{"confidence_interval":{"confidence_level":0.95,"lower_bound":39.69914870972896,"upper_bound":39.83648787125849},"point_estimate":39.77834980607955,"standard_error":0.03727002725385285},"median_abs_dev":{"confidence_interval":{"confidence_level":0.95,"lower_bound":0.17246356960637677,"upper_bound":0.35369530965881296},"point_estimate":0.25976776820999065,"standard_error":0.046790222278584426},"slope":{"confidence_interval":{"confidence_level":0.95,"lower_bound":39.68150979442199,"upper_bound":39.83959710642018},"point_estimate":39.74794663776374,"standard_error":0.041084869475256997},"std_dev":{"confidence_interval":{"confidence_level":0.95,"lower_bound":0.5466380586813584,"upper_bound":1.1242556347850488},"point_estimate":0.8633546953753585,"standard_error":0.1472635522918633}}