{"Mean":{"confidence_interval":{"confidence_level":0.95,"lower_bound":1.6636777373817515,"upper_bound":1.6766610217043776},"point_estimate":1.669255970625097,"standard_error":0.0033700901890540815},"Median":{"confidence_interval":{"confidence_level":0.95,"lower_bound":1.6595236825261361,"upper_bound":1.6645100058746891},"point_estimate":1.6639595180007607,"standard_error":0.001602720755003045},"MedianAbsDev":{"confidence_interval":{"confidence_level":0.95,"lower_bound":0.0037520227578519993,"upper_bound":0.009027249508791317},"point_estimate":0.007320682789130217,"standard_error":0.0014653913651766829},"Slope":{"confidence_interval":{"confidence_level":0.95,"lower_bound":1.6623991281753179,"upper_bound":1.6724173676535754},"point_estimate":1.6665994459930216,"standard_error":0.002597907238889561},"StdDev":{"confidence_interval":{"confidence_level":0.95,"lower_bound":0.009713843719753723,"upper_bound":0.05263745438062386},"point_estimate":0.03390144041933821,"standard_error":0.011069790754830573}}