{"Mean":{"confidence_interval":{"confidence_level":0.95,"lower_bound":2.4958091251790124,"upper_bound":2.499332851295093},"point_estimate":2.497305821194784,"standard_error":0.0009140355583352586},"Median":{"confidence_interval":{"confidence_level":0.95,"lower_bound":2.494677408248984,"upper_bound":2.494985768315982},"point_estimate":2.4947930063464048,"standard_error":0.00007481450978380358},"MedianAbsDev":{"confidence_interval":{"confidence_level":0.95,"lower_bound":0.0005625667900414893,"upper_bound":0.0013797064380799157},"point_estimate":0.0009324740361334362,"standard_error":0.00021294740351705701},"Slope":{"confidence_interval":{"confidence_level":0.95,"lower_bound":2.4957643717137823,"upper_bound":2.501130850390588},"point_estimate":2.4980011449051007,"standard_error":0.0013898279345163995},"StdDev":{"confidence_interval":{"confidence_level":0.95,"lower_bound":0.0030716698015794226,"upper_bound":0.014426032017705348},"point_estimate":0.009236513909545274,"standard_error":0.0031555002283046875}}