{"Mean":{"confidence_interval":{"confidence_level":0.95,"lower_bound":2.39365312581418,"upper_bound":2.404468366942985},"point_estimate":2.3986074507030013,"standard_error":0.0027743672011982527},"Median":{"confidence_interval":{"confidence_level":0.95,"lower_bound":2.389491376633943,"upper_bound":2.3895939928848966},"point_estimate":2.389539474207933,"standard_error":0.000028733257125925746},"MedianAbsDev":{"confidence_interval":{"confidence_level":0.95,"lower_bound":0.00017354295858281046,"upper_bound":0.0003294069668411801},"point_estimate":0.00023880664278814364,"standard_error":0.00003873534598970713},"Slope":{"confidence_interval":{"confidence_level":0.95,"lower_bound":2.3935506730351563,"upper_bound":2.407870123051785},"point_estimate":2.400186546403972,"standard_error":0.003663323035486706},"StdDev":{"confidence_interval":{"confidence_level":0.95,"lower_bound":0.016498028829472003,"upper_bound":0.03704350274699761},"point_estimate":0.02781093933300746,"standard_error":0.005242044010415364}}