{"Mean":{"confidence_interval":{"confidence_level":0.95,"lower_bound":2.750172691808162,"upper_bound":2.7663456661217185},"point_estimate":2.757136478144694,"standard_error":0.004186459261699514},"Median":{"confidence_interval":{"confidence_level":0.95,"lower_bound":2.7439236709237407,"upper_bound":2.74843668612149},"point_estimate":2.7458826594028727,"standard_error":0.0010532832314725012},"MedianAbsDev":{"confidence_interval":{"confidence_level":0.95,"lower_bound":0.004244068193408783,"upper_bound":0.00916714999173633},"point_estimate":0.006416983758343988,"standard_error":0.001165625901526511},"Slope":{"confidence_interval":{"confidence_level":0.95,"lower_bound":2.7429563004992694,"upper_bound":2.7449872962764155},"point_estimate":2.7438312981514166,"standard_error":0.0005235193062742284},"StdDev":{"confidence_interval":{"confidence_level":0.95,"lower_bound":0.015317068220863787,"upper_bound":0.06437054866567911},"point_estimate":0.04210190642875797,"standard_error":0.013142242545275129}}