{"Mean":{"confidence_interval":{"confidence_level":0.95,"lower_bound":9778.312686970108,"upper_bound":9841.628832073502},"point_estimate":9803.507254516207,"standard_error":16.686452074878755},"Median":{"confidence_interval":{"confidence_level":0.95,"lower_bound":9769.380514705883,"upper_bound":9775.214460784313},"point_estimate":9772.420855144472,"standard_error":1.5532454845299708},"MedianAbsDev":{"confidence_interval":{"confidence_level":0.95,"lower_bound":11.563667016453113,"upper_bound":26.108797396568328},"point_estimate":18.52201097032482,"standard_error":4.073613042192115},"Slope":{"confidence_interval":{"confidence_level":0.95,"lower_bound":9775.872843228519,"upper_bound":9786.331183277092},"point_estimate":9780.861092499066,"standard_error":2.665848601775483},"StdDev":{"confidence_interval":{"confidence_level":0.95,"lower_bound":42.86839228186941,"upper_bound":273.31230694942667},"point_estimate":167.35426818707862,"standard_error":70.41370973967831}}