{"Mean":{"confidence_interval":{"confidence_level":0.95,"lower_bound":7.659292472620391,"upper_bound":7.68850355734571},"point_estimate":7.671088205686699,"standard_error":0.007682688819869715},"Median":{"confidence_interval":{"confidence_level":0.95,"lower_bound":7.658885988752781,"upper_bound":7.666117025152501},"point_estimate":7.661091398000318,"standard_error":0.0019938921048751656},"MedianAbsDev":{"confidence_interval":{"confidence_level":0.95,"lower_bound":0.012320870279223217,"upper_bound":0.019695399457225548},"point_estimate":0.014833238552048092,"standard_error":0.0019027143891473565},"Slope":{"confidence_interval":{"confidence_level":0.95,"lower_bound":7.660553621962399,"upper_bound":7.6859103428974045},"point_estimate":7.6707096396698295,"standard_error":0.006715792272602038},"StdDev":{"confidence_interval":{"confidence_level":0.95,"lower_bound":0.019612933398543485,"upper_bound":0.12550947395313922},"point_estimate":0.07716410668552445,"standard_error":0.03147180026210021}}