{"Mean":{"confidence_interval":{"confidence_level":0.95,"lower_bound":7.828242368177747,"upper_bound":8.054091245582905},"point_estimate":7.927028383939297,"standard_error":0.058007600742357},"Median":{"confidence_interval":{"confidence_level":0.95,"lower_bound":7.790503233219845,"upper_bound":7.802750608851727},"point_estimate":7.797697176560886,"standard_error":0.0032648271605112524},"MedianAbsDev":{"confidence_interval":{"confidence_level":0.95,"lower_bound":0.020116147483480847,"upper_bound":0.032127135171351476},"point_estimate":0.025522738575021173,"standard_error":0.0029765888525262623},"Slope":{"confidence_interval":{"confidence_level":0.95,"lower_bound":7.833741583658864,"upper_bound":8.250807494789571},"point_estimate":8.01680202592197,"standard_error":0.10806470992063663},"StdDev":{"confidence_interval":{"confidence_level":0.95,"lower_bound":0.2108332873407141,"upper_bound":0.8389471811457347},"point_estimate":0.5816932536023612,"standard_error":0.15810595400912988}}