{"Mean":{"confidence_interval":{"confidence_level":0.95,"lower_bound":7.8057069104325185,"upper_bound":8.017309185376662},"point_estimate":7.89683290657682,"standard_error":0.05376369896920355},"Median":{"confidence_interval":{"confidence_level":0.95,"lower_bound":7.791969162467566,"upper_bound":7.803372581624985},"point_estimate":7.797897565387281,"standard_error":0.003052613456697671},"MedianAbsDev":{"confidence_interval":{"confidence_level":0.95,"lower_bound":0.018810728555677527,"upper_bound":0.03259739385847094},"point_estimate":0.025739914002854886,"standard_error":0.003682962183926296},"Slope":{"confidence_interval":{"confidence_level":0.95,"lower_bound":7.797504618372381,"upper_bound":8.152834410348863},"point_estimate":7.9524268753029475,"standard_error":0.09049578342700368},"StdDev":{"confidence_interval":{"confidence_level":0.95,"lower_bound":0.05871349272677504,"upper_bound":0.8202875839834828},"point_estimate":0.5401248720599979,"standard_error":0.18101527265944875}}