{"Mean":{"confidence_interval":{"confidence_level":0.95,"lower_bound":7.696122865277639,"upper_bound":7.7455558578823585},"point_estimate":7.718023909236155,"standard_error":0.012735559559572989},"Median":{"confidence_interval":{"confidence_level":0.95,"lower_bound":7.68236075471104,"upper_bound":7.69179218621675},"point_estimate":7.6869182207184945,"standard_error":0.0025055934471764543},"MedianAbsDev":{"confidence_interval":{"confidence_level":0.95,"lower_bound":0.017470316738964944,"upper_bound":0.03094748912184934},"point_estimate":0.023022108106477583,"standard_error":0.0035186886711243595},"Slope":{"confidence_interval":{"confidence_level":0.95,"lower_bound":7.687710739532511,"upper_bound":7.704570864785269},"point_estimate":7.695401493235471,"standard_error":0.0043242022646875515},"StdDev":{"confidence_interval":{"confidence_level":0.95,"lower_bound":0.048033008187594,"upper_bound":0.18630961661776238},"point_estimate":0.12869015784728102,"standard_error":0.034316545836807474}}