{"Mean":{"confidence_interval":{"confidence_level":0.95,"lower_bound":16389.851555159417,"upper_bound":16442.507917773528},"point_estimate":16413.277347226358,"standard_error":13.579209488843953},"Median":{"confidence_interval":{"confidence_level":0.95,"lower_bound":16379.155792349728,"upper_bound":16390.974189047785},"point_estimate":16382.615428170837,"standard_error":2.8963082993497755},"MedianAbsDev":{"confidence_interval":{"confidence_level":0.95,"lower_bound":20.000799281832116,"upper_bound":40.99260663691775},"point_estimate":27.6727719248293,"standard_error":5.7695664658018},"Slope":{"confidence_interval":{"confidence_level":0.95,"lower_bound":16390.324136893916,"upper_bound":16408.651245995276},"point_estimate":16398.988609621912,"standard_error":4.683475022980745},"StdDev":{"confidence_interval":{"confidence_level":0.95,"lower_bound":50.8918113048047,"upper_bound":194.61633844170993},"point_estimate":136.0363355397312,"standard_error":35.01221111401003}}