{"Mean":{"confidence_interval":{"confidence_level":0.95,"lower_bound":7.77536119371317,"upper_bound":7.819318545524158},"point_estimate":7.7967871183762,"standard_error":0.011207678308306929},"Median":{"confidence_interval":{"confidence_level":0.95,"lower_bound":7.728568369573323,"upper_bound":7.817338534453246},"point_estimate":7.750311567487936,"standard_error":0.021814956888047462},"MedianAbsDev":{"confidence_interval":{"confidence_level":0.95,"lower_bound":0.05064477451253176,"upper_bound":0.14032054553578935},"point_estimate":0.09598464961786726,"standard_error":0.02443276336086693},"Slope":{"confidence_interval":{"confidence_level":0.95,"lower_bound":7.831955939207741,"upper_bound":7.865626587380568},"point_estimate":7.850353921389433,"standard_error":0.00859927873029437},"StdDev":{"confidence_interval":{"confidence_level":0.95,"lower_bound":0.08961176865639643,"upper_bound":0.13627304275175306},"point_estimate":0.11257054793866461,"standard_error":0.012206319979423667}}