{"Mean":{"confidence_interval":{"confidence_level":0.95,"lower_bound":4.878600919950077,"upper_bound":4.908119163090354},"point_estimate":4.891463417318534,"standard_error":0.0075885032349525},"Median":{"confidence_interval":{"confidence_level":0.95,"lower_bound":4.867899793601142,"upper_bound":4.872105635952396},"point_estimate":4.869607644318682,"standard_error":0.0011505893395535455},"MedianAbsDev":{"confidence_interval":{"confidence_level":0.95,"lower_bound":0.005723635160008905,"upper_bound":0.01207976638074805},"point_estimate":0.008819457777059104,"standard_error":0.0017209659235902848},"Slope":{"confidence_interval":{"confidence_level":0.95,"lower_bound":4.8657560172222984,"upper_bound":4.867604770987603},"point_estimate":4.866597615401464,"standard_error":0.00047138078516210545},"StdDev":{"confidence_interval":{"confidence_level":0.95,"lower_bound":0.02786156720175248,"upper_bound":0.11578128994576777},"point_estimate":0.07656595913951,"standard_error":0.02268901171689574}}