{"mean":{"confidence_interval":{"confidence_level":0.95,"lower_bound":92.05724813343463,"upper_bound":93.45448020110216},"point_estimate":92.741942379087,"standard_error":0.3572723896196116},"median":{"confidence_interval":{"confidence_level":0.95,"lower_bound":90.1927838098422,"upper_bound":95.26316512122474},"point_estimate":90.9461164043082,"standard_error":1.15193966632231},"median_abs_dev":{"confidence_interval":{"confidence_level":0.95,"lower_bound":1.6952231463719454,"upper_bound":5.076633040574446},"point_estimate":3.1341677791133113,"standard_error":0.9540075992599086},"slope":{"confidence_interval":{"confidence_level":0.95,"lower_bound":92.54055343890613,"upper_bound":94.2072841114399},"point_estimate":93.41898449543974,"standard_error":0.4239574566195613},"std_dev":{"confidence_interval":{"confidence_level":0.95,"lower_bound":3.167979454410786,"upper_bound":4.062219240001892},"point_estimate":3.6031839194592212,"standard_error":0.2296623818064567}}