{"Mean":{"confidence_interval":{"confidence_level":0.95,"lower_bound":2.0424579897808015,"upper_bound":2.046877642074753},"point_estimate":2.044437084163875,"standard_error":0.0011315819138162462},"Median":{"confidence_interval":{"confidence_level":0.95,"lower_bound":2.0399979766692433,"upper_bound":2.042526445253485},"point_estimate":2.040608880504771,"standard_error":0.0006426503931363972},"MedianAbsDev":{"confidence_interval":{"confidence_level":0.95,"lower_bound":0.002691901563043177,"upper_bound":0.005311343449178687},"point_estimate":0.003523810069501264,"standard_error":0.0006687972105697934},"Slope":{"confidence_interval":{"confidence_level":0.95,"lower_bound":2.0413528811957087,"upper_bound":2.0440369352131844},"point_estimate":2.0426172106020406,"standard_error":0.0006861188925894937},"StdDev":{"confidence_interval":{"confidence_level":0.95,"lower_bound":0.00583833851226275,"upper_bound":0.01663658400311402},"point_estimate":0.011356898756234314,"standard_error":0.0029048941125279803}}