{"Mean":{"confidence_interval":{"confidence_level":0.95,"lower_bound":3.6410271411302966,"upper_bound":3.707524550670395},"point_estimate":3.672936600736814,"standard_error":0.017026883536251092},"Median":{"confidence_interval":{"confidence_level":0.95,"lower_bound":3.5821189657643973,"upper_bound":3.592239021501994},"point_estimate":3.5854852488479922,"standard_error":0.0026887828488979873},"MedianAbsDev":{"confidence_interval":{"confidence_level":0.95,"lower_bound":0.011660143709552916,"upper_bound":0.026933952518644787},"point_estimate":0.016433964518473343,"standard_error":0.004022360081829261},"Slope":{"confidence_interval":{"confidence_level":0.95,"lower_bound":3.616021774175156,"upper_bound":3.6849129111952004},"point_estimate":3.6468340800402252,"standard_error":0.0176430746933138},"StdDev":{"confidence_interval":{"confidence_level":0.95,"lower_bound":0.1401892355820967,"upper_bound":0.19373369508950442},"point_estimate":0.17093150175052196,"standard_error":0.013848822457398043}}