{"mean":{"confidence_interval":{"confidence_level":0.95,"lower_bound":2.5357852863779495,"upper_bound":2.546197640246882},"point_estimate":2.5397154219770517,"standard_error":0.0028103163719353954},"median":{"confidence_interval":{"confidence_level":0.95,"lower_bound":2.5341218605175815,"upper_bound":2.5355473368864683},"point_estimate":2.5346924915524442,"standard_error":0.00035925651639633554},"median_abs_dev":{"confidence_interval":{"confidence_level":0.95,"lower_bound":0.0013915166655005307,"upper_bound":0.003047119036287009},"point_estimate":0.001924927934533268,"standard_error":0.0003941732695398151},"slope":{"confidence_interval":{"confidence_level":0.95,"lower_bound":2.5340340428677566,"upper_bound":2.5354785184340947},"point_estimate":2.5346266827865302,"standard_error":0.00037410968403088317},"std_dev":{"confidence_interval":{"confidence_level":0.95,"lower_bound":0.004141658342347633,"upper_bound":0.046978595251417773},"point_estimate":0.02816613181465423,"standard_error":0.013398578412475657}}