{"Mean":{"confidence_interval":{"confidence_level":0.95,"lower_bound":7.1986789037169805,"upper_bound":7.635608260937869},"point_estimate":7.401215677059315,"standard_error":0.11196504898390718},"Median":{"confidence_interval":{"confidence_level":0.95,"lower_bound":7.019452227546928,"upper_bound":7.033734157419978},"point_estimate":7.0246422504003485,"standard_error":0.003903821439285576},"MedianAbsDev":{"confidence_interval":{"confidence_level":0.95,"lower_bound":0.014674062651673817,"upper_bound":0.0317684281663949},"point_estimate":0.022215556269835325,"standard_error":0.004592805655424422},"Slope":{"confidence_interval":{"confidence_level":0.95,"lower_bound":7.288218290264351,"upper_bound":8.064304977293167},"point_estimate":7.6540604530962915,"standard_error":0.19913524066136937},"StdDev":{"confidence_interval":{"confidence_level":0.95,"lower_bound":0.7347968439233024,"upper_bound":1.4223652304886196},"point_estimate":1.1249621919640336,"standard_error":0.17635777143557824}}