{"Mean":{"confidence_interval":{"confidence_level":0.95,"lower_bound":2.6328135287942263,"upper_bound":2.723075511083018},"point_estimate":2.6706642274685266,"standard_error":0.02334389291890455},"Median":{"confidence_interval":{"confidence_level":0.95,"lower_bound":2.6249211538012993,"upper_bound":2.6266879804927914},"point_estimate":2.6258111373828945,"standard_error":0.0004155576044694937},"MedianAbsDev":{"confidence_interval":{"confidence_level":0.95,"lower_bound":0.002667866071811533,"upper_bound":0.0054423522258090044},"point_estimate":0.004106391404050258,"standard_error":0.0007494327738904846},"Slope":{"confidence_interval":{"confidence_level":0.95,"lower_bound":2.628354437445667,"upper_bound":2.83329447216642},"point_estimate":2.709184304417193,"standard_error":0.055515147406538685},"StdDev":{"confidence_interval":{"confidence_level":0.95,"lower_bound":0.032843584870340066,"upper_bound":0.36958158333018803},"point_estimate":0.23463668959082146,"standard_error":0.08602506528083594}}