{"Mean":{"confidence_interval":{"confidence_level":0.95,"lower_bound":8.898073194224814,"upper_bound":9.003446648040407},"point_estimate":8.946232446542664,"standard_error":0.026903271848473846},"Median":{"confidence_interval":{"confidence_level":0.95,"lower_bound":8.831801524094248,"upper_bound":8.851280988786787},"point_estimate":8.838229882782002,"standard_error":0.004314112107184692},"MedianAbsDev":{"confidence_interval":{"confidence_level":0.95,"lower_bound":0.020111779697867385,"upper_bound":0.04678022793226707},"point_estimate":0.02849636417123704,"standard_error":0.006451680905280717},"Slope":{"confidence_interval":{"confidence_level":0.95,"lower_bound":8.83861298201091,"upper_bound":8.867069069464653},"point_estimate":8.851667620414943,"standard_error":0.0072951015986474},"StdDev":{"confidence_interval":{"confidence_level":0.95,"lower_bound":0.17106261115628293,"upper_bound":0.3634451024976049},"point_estimate":0.2696188318683253,"standard_error":0.04984116266680002}}