{"Mean":{"confidence_interval":{"confidence_level":0.95,"lower_bound":2.581707219360054,"upper_bound":2.5924511308608817},"point_estimate":2.5866386022656287,"standard_error":0.0027502081225995257},"Median":{"confidence_interval":{"confidence_level":0.95,"lower_bound":2.5763571074630054,"upper_bound":2.5787262934469117},"point_estimate":2.5773718961911687,"standard_error":0.000569841987757374},"MedianAbsDev":{"confidence_interval":{"confidence_level":0.95,"lower_bound":0.003343290821827408,"upper_bound":0.0076168812753775305},"point_estimate":0.005329596536372333,"standard_error":0.0010334717375638195},"Slope":{"confidence_interval":{"confidence_level":0.95,"lower_bound":2.578969638831691,"upper_bound":2.5828293818201513},"point_estimate":2.5807966524225487,"standard_error":0.0009891579801275768},"StdDev":{"confidence_interval":{"confidence_level":0.95,"lower_bound":0.015984498045658563,"upper_bound":0.03643300922851124},"point_estimate":0.027530819149691268,"standard_error":0.005218996230167935}}