{"Mean":{"confidence_interval":{"confidence_level":0.95,"lower_bound":2.5771044874335254,"upper_bound":2.600263887594998},"point_estimate":2.5859078746049584,"standard_error":0.006225448653153365},"Median":{"confidence_interval":{"confidence_level":0.95,"lower_bound":2.5734842438116883,"upper_bound":2.575645947636142},"point_estimate":2.5746203143297084,"standard_error":0.0005430675445728455},"MedianAbsDev":{"confidence_interval":{"confidence_level":0.95,"lower_bound":0.001885092274737724,"upper_bound":0.00400117217922014},"point_estimate":0.0030116043121904876,"standard_error":0.0005582939435941056},"Slope":{"confidence_interval":{"confidence_level":0.95,"lower_bound":2.5751663657090016,"upper_bound":2.5785885456262294},"point_estimate":2.5766414100325172,"standard_error":0.0008836715802778783},"StdDev":{"confidence_interval":{"confidence_level":0.95,"lower_bound":0.010391405622601874,"upper_bound":0.10413705215073261},"point_estimate":0.06252758770861121,"standard_error":0.02950053387220924}}