{"Mean":{"confidence_interval":{"confidence_level":0.95,"lower_bound":2.616795071227453,"upper_bound":2.6376284982848457},"point_estimate":2.6267882481039497,"standard_error":0.005299341100845269},"Median":{"confidence_interval":{"confidence_level":0.95,"lower_bound":2.598893379869013,"upper_bound":2.61092198493824},"point_estimate":2.6024325697918043,"standard_error":0.0032337036370844556},"MedianAbsDev":{"confidence_interval":{"confidence_level":0.95,"lower_bound":0.016496901369529287,"upper_bound":0.03768829861274109},"point_estimate":0.026397874205254884,"standard_error":0.00562286796340122},"Slope":{"confidence_interval":{"confidence_level":0.95,"lower_bound":2.599384475170736,"upper_bound":2.611049580364001},"point_estimate":2.604791767707555,"standard_error":0.0029764205420130065},"StdDev":{"confidence_interval":{"confidence_level":0.95,"lower_bound":0.04114840116812551,"upper_bound":0.0642789070348364},"point_estimate":0.05335334823825538,"standard_error":0.005924983032303077}}