{"mean":{"confidence_interval":{"confidence_level":0.95,"lower_bound":32.800050363779846,"upper_bound":33.47414015951095},"point_estimate":33.10571279944724,"standard_error":0.17346027101035325},"median":{"confidence_interval":{"confidence_level":0.95,"lower_bound":32.37128258196459,"upper_bound":32.61027811061815},"point_estimate":32.47780695854406,"standard_error":0.05969202513242024},"median_abs_dev":{"confidence_interval":{"confidence_level":0.95,"lower_bound":0.2333493886197392,"upper_bound":0.5846806282154761},"point_estimate":0.3604775800403838,"standard_error":0.09416259434049362},"slope":{"confidence_interval":{"confidence_level":0.95,"lower_bound":32.30162238985838,"upper_bound":32.47745600525979},"point_estimate":32.37296190850961,"standard_error":0.04560179060261656},"std_dev":{"confidence_interval":{"confidence_level":0.95,"lower_bound":0.9407267764974877,"upper_bound":2.4966342659290923},"point_estimate":1.74165909629876,"standard_error":0.41395161618111687}}