{"Mean":{"confidence_interval":{"confidence_level":0.95,"lower_bound":8415.820725272193,"upper_bound":8537.140086614385},"point_estimate":8471.536936344923,"standard_error":31.074069234978978},"Median":{"confidence_interval":{"confidence_level":0.95,"lower_bound":8369.003259452413,"upper_bound":8381.1547002511},"point_estimate":8376.126299435029,"standard_error":3.4005894915391095},"MedianAbsDev":{"confidence_interval":{"confidence_level":0.95,"lower_bound":14.983019285918564,"upper_bound":30.06203573390327},"point_estimate":22.411443093643953,"standard_error":3.8363618490409532},"Slope":{"confidence_interval":{"confidence_level":0.95,"lower_bound":8393.323533801438,"upper_bound":8558.165968814421},"point_estimate":8464.882709910758,"standard_error":42.40096167200593},"StdDev":{"confidence_interval":{"confidence_level":0.95,"lower_bound":184.11176298798296,"upper_bound":395.88868411173223},"point_estimate":311.3518915816776,"standard_error":52.66644966336781}}