{"Mean":{"confidence_interval":{"confidence_level":0.95,"lower_bound":8439.265051966788,"upper_bound":8596.540886568824},"point_estimate":8511.169547508049,"standard_error":40.515119977196164},"Median":{"confidence_interval":{"confidence_level":0.95,"lower_bound":8392.648695652173,"upper_bound":8404.361391304348},"point_estimate":8398.677152875176,"standard_error":2.851479655371966},"MedianAbsDev":{"confidence_interval":{"confidence_level":0.95,"lower_bound":16.448203614921436,"upper_bound":28.351618393843395},"point_estimate":24.74196140856798,"standard_error":3.114584618981851},"Slope":{"confidence_interval":{"confidence_level":0.95,"lower_bound":8424.915455404025,"upper_bound":8643.702493395922},"point_estimate":8519.691527656594,"standard_error":56.543264619934156},"StdDev":{"confidence_interval":{"confidence_level":0.95,"lower_bound":242.71643802481736,"upper_bound":533.2816458968246},"point_estimate":406.94687533225294,"standard_error":76.62849116923452}}