{"Mean":{"confidence_interval":{"confidence_level":0.95,"lower_bound":5.14659484527273,"upper_bound":5.187311362657281},"point_estimate":5.165206137980382,"standard_error":0.010439835971480595},"Median":{"confidence_interval":{"confidence_level":0.95,"lower_bound":5.122274952701685,"upper_bound":5.13426563659065},"point_estimate":5.127802760549194,"standard_error":0.0030423123938740715},"MedianAbsDev":{"confidence_interval":{"confidence_level":0.95,"lower_bound":0.009424222068937024,"upper_bound":0.023995873552162372},"point_estimate":0.01589924892298172,"standard_error":0.0035825793809931192},"Slope":{"confidence_interval":{"confidence_level":0.95,"lower_bound":5.122416810531212,"upper_bound":5.1276986054693605},"point_estimate":5.124873238094566,"standard_error":0.0013477203015454808},"StdDev":{"confidence_interval":{"confidence_level":0.95,"lower_bound":0.060346121015742195,"upper_bound":0.1429995839598094},"point_estimate":0.1048320727396408,"standard_error":0.02126049196515258}}