{"Mean":{"confidence_interval":{"confidence_level":0.95,"lower_bound":2.083083234732728,"upper_bound":2.0896062928137322},"point_estimate":2.085986610968522,"standard_error":0.0016759324475345001},"Median":{"confidence_interval":{"confidence_level":0.95,"lower_bound":2.0809349737228073,"upper_bound":2.081772474677163},"point_estimate":2.0814054468512264,"standard_error":0.00022897746798845978},"MedianAbsDev":{"confidence_interval":{"confidence_level":0.95,"lower_bound":0.001527944568266418,"upper_bound":0.002830633274151634},"point_estimate":0.0022173312130804616,"standard_error":0.00032957146844311207},"Slope":{"confidence_interval":{"confidence_level":0.95,"lower_bound":2.081140229834842,"upper_bound":2.0820364160579596},"point_estimate":2.081563522128788,"standard_error":0.00022907301885862497},"StdDev":{"confidence_interval":{"confidence_level":0.95,"lower_bound":0.0078899042528639,"upper_bound":0.02402014878435017},"point_estimate":0.016832143562332945,"standard_error":0.00411646866319628}}