{"Mean":{"confidence_interval":{"confidence_level":0.95,"lower_bound":4.244711689052967,"upper_bound":4.249097606273361},"point_estimate":4.246534352368627,"standard_error":0.0011392731258299293},"Median":{"confidence_interval":{"confidence_level":0.95,"lower_bound":4.243485069199766,"upper_bound":4.244842662965888},"point_estimate":4.244161062367462,"standard_error":0.0002897518136529646},"MedianAbsDev":{"confidence_interval":{"confidence_level":0.95,"lower_bound":0.0022024159258988525,"upper_bound":0.004522740146303114},"point_estimate":0.0034657738932330744,"standard_error":0.0006293062636783787},"Slope":{"confidence_interval":{"confidence_level":0.95,"lower_bound":4.244507801950659,"upper_bound":4.246631885086795},"point_estimate":4.245459903625158,"standard_error":0.0005437051677510699},"StdDev":{"confidence_interval":{"confidence_level":0.95,"lower_bound":0.004616414739033655,"upper_bound":0.018035340875880147},"point_estimate":0.011405815573900711,"standard_error":0.0042179527895800486}}