{"Mean":{"confidence_interval":{"confidence_level":0.95,"lower_bound":4.264722093509478,"upper_bound":4.281543564324967},"point_estimate":4.2727402055750225,"standard_error":0.004298691647113464},"Median":{"confidence_interval":{"confidence_level":0.95,"lower_bound":4.253266337055596,"upper_bound":4.255385797743408},"point_estimate":4.254141992593305,"standard_error":0.0005208099920562152},"MedianAbsDev":{"confidence_interval":{"confidence_level":0.95,"lower_bound":0.002939000859146916,"upper_bound":0.005988150765138599},"point_estimate":0.004428992433100573,"standard_error":0.000796748971801654},"Slope":{"confidence_interval":{"confidence_level":0.95,"lower_bound":4.261308212727569,"upper_bound":4.2759481767543},"point_estimate":4.26785577052422,"standard_error":0.003734155607793688},"StdDev":{"confidence_interval":{"confidence_level":0.95,"lower_bound":0.03349755799525564,"upper_bound":0.05069369117311257},"point_estimate":0.043328035898791833,"standard_error":0.004402946078030267}}