{"Mean":{"confidence_interval":{"confidence_level":0.95,"lower_bound":3.5153750561988524,"upper_bound":3.536270304827398},"point_estimate":3.523587720232083,"standard_error":0.005528411575608233},"Median":{"confidence_interval":{"confidence_level":0.95,"lower_bound":3.513221852526412,"upper_bound":3.514535984660103},"point_estimate":3.51373329213713,"standard_error":0.00031733173393468263},"MedianAbsDev":{"confidence_interval":{"confidence_level":0.95,"lower_bound":0.0020981427720354003,"upper_bound":0.0043329063424717654},"point_estimate":0.0032671784888909984,"standard_error":0.0005886380487648106},"Slope":{"confidence_interval":{"confidence_level":0.95,"lower_bound":3.5142816556429084,"upper_bound":3.5225248170209134},"point_estimate":3.5173516448183513,"standard_error":0.0021932440480964648},"StdDev":{"confidence_interval":{"confidence_level":0.95,"lower_bound":0.009082909515902715,"upper_bound":0.0920162275496459},"point_estimate":0.055882929046987315,"standard_error":0.02461878477520619}}