{"mean":{"confidence_interval":{"confidence_level":0.95,"lower_bound":7509.258151932305,"upper_bound":7550.609124911067},"point_estimate":7526.834478424733,"standard_error":10.671287516974726},"median":{"confidence_interval":{"confidence_level":0.95,"lower_bound":7497.284673659674,"upper_bound":7509.428072863466},"point_estimate":7502.318828937386,"standard_error":2.5529661081492154},"median_abs_dev":{"confidence_interval":{"confidence_level":0.95,"lower_bound":14.337417724450809,"upper_bound":29.848283383697844},"point_estimate":20.083723918250104,"standard_error":4.105308813817524},"slope":{"confidence_interval":{"confidence_level":0.95,"lower_bound":7506.109433760007,"upper_bound":7520.420876081741},"point_estimate":7512.848912973387,"standard_error":3.6666436618493887},"std_dev":{"confidence_interval":{"confidence_level":0.95,"lower_bound":37.09322218682806,"upper_bound":167.21241357409465},"point_estimate":107.48081087509935,"standard_error":35.776956304739954}}