{"Mean":{"confidence_interval":{"confidence_level":0.95,"lower_bound":2.475932208800579,"upper_bound":2.492949358169468},"point_estimate":2.483516052535125,"standard_error":0.004381091634031032},"Median":{"confidence_interval":{"confidence_level":0.95,"lower_bound":2.4683930429832786,"upper_bound":2.47333199068538},"point_estimate":2.4708244604350087,"standard_error":0.0013886643631364501},"MedianAbsDev":{"confidence_interval":{"confidence_level":0.95,"lower_bound":0.0042384399784386705,"upper_bound":0.009390769176248877},"point_estimate":0.006470616984432109,"standard_error":0.0013953248891222197},"Slope":{"confidence_interval":{"confidence_level":0.95,"lower_bound":2.4677996124932084,"upper_bound":2.469882044357577},"point_estimate":2.4687619096286477,"standard_error":0.0005326995421786276},"StdDev":{"confidence_interval":{"confidence_level":0.95,"lower_bound":0.021015710453608383,"upper_bound":0.0636423336552141},"point_estimate":0.044051298827581305,"standard_error":0.011088683093411182}}