{"Mean":{"confidence_interval":{"confidence_level":0.95,"lower_bound":11246.271278722814,"upper_bound":11283.738748555725},"point_estimate":11262.274708092864,"standard_error":9.65831763185159},"Median":{"confidence_interval":{"confidence_level":0.95,"lower_bound":11237.22821969697,"upper_bound":11243.26832096475},"point_estimate":11239.28236138861,"standard_error":1.4613503313308136},"MedianAbsDev":{"confidence_interval":{"confidence_level":0.95,"lower_bound":10.721646894719807,"upper_bound":21.03245011646906},"point_estimate":16.26160428256404,"standard_error":2.6294506941928204},"Slope":{"confidence_interval":{"confidence_level":0.95,"lower_bound":11244.508482234114,"upper_bound":11256.455048905615},"point_estimate":11250.161540396577,"standard_error":3.0700889017291235},"StdDev":{"confidence_interval":{"confidence_level":0.95,"lower_bound":31.33839929925522,"upper_bound":147.6580403027566},"point_estimate":97.072127398325,"standard_error":30.46379965521704}}