{"Mean":{"confidence_interval":{"confidence_level":0.95,"lower_bound":4.178979015554194,"upper_bound":4.345659098941657},"point_estimate":4.255548446538418,"standard_error":0.04272757896513619},"Median":{"confidence_interval":{"confidence_level":0.95,"lower_bound":4.114599668276727,"upper_bound":4.119757247666311},"point_estimate":4.115611474515923,"standard_error":0.0014392635910899722},"MedianAbsDev":{"confidence_interval":{"confidence_level":0.95,"lower_bound":0.004252356931845345,"upper_bound":0.011107886368596456},"point_estimate":0.005964384460018732,"standard_error":0.0019278952266726572},"Slope":{"confidence_interval":{"confidence_level":0.95,"lower_bound":4.224686030031573,"upper_bound":4.508737065347336},"point_estimate":4.355066541675467,"standard_error":0.07289930707455224},"StdDev":{"confidence_interval":{"confidence_level":0.95,"lower_bound":0.25599176187939776,"upper_bound":0.5567975968517767},"point_estimate":0.42887231096930223,"standard_error":0.07655256424300605}}