{"Mean":{"confidence_interval":{"confidence_level":0.95,"lower_bound":2.2809576641346974,"upper_bound":2.2816252765859777},"point_estimate":2.281274207259314,"standard_error":0.00017065647335074308},"Median":{"confidence_interval":{"confidence_level":0.95,"lower_bound":2.2805435919478474,"upper_bound":2.280828625235405},"point_estimate":2.2806484204793027,"standard_error":0.00006561311028689464},"MedianAbsDev":{"confidence_interval":{"confidence_level":0.95,"lower_bound":0.0003316274448782906,"upper_bound":0.0006512655540038915},"point_estimate":0.00045377323890856327,"standard_error":0.00008501430576393375},"Slope":{"confidence_interval":{"confidence_level":0.95,"lower_bound":2.2809662252866785,"upper_bound":2.282142889380309},"point_estimate":2.281527352018784,"standard_error":0.0003020739747948669},"StdDev":{"confidence_interval":{"confidence_level":0.95,"lower_bound":0.0012595817223191384,"upper_bound":0.0020770891132825126},"point_estimate":0.0017185265616036709,"standard_error":0.00020939443440238172}}