{"Mean":{"confidence_interval":{"confidence_level":0.95,"lower_bound":17.67045078279317,"upper_bound":17.789788534206803},"point_estimate":17.722540781157324,"standard_error":0.030766420178701737},"Median":{"confidence_interval":{"confidence_level":0.95,"lower_bound":17.62863830349943,"upper_bound":17.646444227972285},"point_estimate":17.634870681849883,"standard_error":0.005295959741634009},"MedianAbsDev":{"confidence_interval":{"confidence_level":0.95,"lower_bound":0.026002388378596957,"upper_bound":0.05019926201435985},"point_estimate":0.03851792590126249,"standard_error":0.006296441357002035},"Slope":{"confidence_interval":{"confidence_level":0.95,"lower_bound":17.620412132303365,"upper_bound":17.661117657475067},"point_estimate":17.63461333486898,"standard_error":0.011130257710865534},"StdDev":{"confidence_interval":{"confidence_level":0.95,"lower_bound":0.1147964297464057,"upper_bound":0.4602435270686073},"point_estimate":0.3098502499987764,"standard_error":0.08895269847630757}}