{"Mean":{"confidence_interval":{"confidence_level":0.95,"lower_bound":4.159008651352785,"upper_bound":4.194743530224661},"point_estimate":4.176257304175206,"standard_error":0.009124682368470815},"Median":{"confidence_interval":{"confidence_level":0.95,"lower_bound":4.110906131307651,"upper_bound":4.147876215398211},"point_estimate":4.111066123940429,"standard_error":0.01372415743317607},"MedianAbsDev":{"confidence_interval":{"confidence_level":0.95,"lower_bound":0.0010526512789053536,"upper_bound":0.057861439686755826},"point_estimate":0.0020705919344950947,"standard_error":0.019140006450334434},"Slope":{"confidence_interval":{"confidence_level":0.95,"lower_bound":4.156590478715193,"upper_bound":4.209630322763782},"point_estimate":4.1816727758894405,"standard_error":0.0136307700561316},"StdDev":{"confidence_interval":{"confidence_level":0.95,"lower_bound":0.07279528968577992,"upper_bound":0.11037670324373997},"point_estimate":0.09158161807806585,"standard_error":0.009653239119405332}}