{"Mean":{"confidence_interval":{"confidence_level":0.95,"lower_bound":20.779062844750804,"upper_bound":21.797075741400537},"point_estimate":21.23958030571846,"standard_error":0.25859053891258554},"Median":{"confidence_interval":{"confidence_level":0.95,"lower_bound":20.524989204335107,"upper_bound":20.549669001120442},"point_estimate":20.534713003676565,"standard_error":0.006316844231140913},"MedianAbsDev":{"confidence_interval":{"confidence_level":0.95,"lower_bound":0.034378903959128376,"upper_bound":0.0807092363781849},"point_estimate":0.05996484311873609,"standard_error":0.011545775785881757},"Slope":{"confidence_interval":{"confidence_level":0.95,"lower_bound":21.10932041028407,"upper_bound":23.736888999562},"point_estimate":22.394759308917912,"standard_error":0.6649769859227974},"StdDev":{"confidence_interval":{"confidence_level":0.95,"lower_bound":1.2356063816422547,"upper_bound":3.5623888812271263},"point_estimate":2.605022857498227,"standard_error":0.5580282614417816}}