{"Mean":{"confidence_interval":{"confidence_level":0.95,"lower_bound":5.1628786745298605,"upper_bound":5.192825291065237},"point_estimate":5.175717498929998,"standard_error":0.0077359700705689465},"Median":{"confidence_interval":{"confidence_level":0.95,"lower_bound":5.150650228008908,"upper_bound":5.156073705027876},"point_estimate":5.154012541212884,"standard_error":0.0014185113287958633},"MedianAbsDev":{"confidence_interval":{"confidence_level":0.95,"lower_bound":0.006527081539608164,"upper_bound":0.013710376316409182},"point_estimate":0.010495856557690437,"standard_error":0.001936353519253189},"Slope":{"confidence_interval":{"confidence_level":0.95,"lower_bound":5.148775647002503,"upper_bound":5.157686923086006},"point_estimate":5.152089261348752,"standard_error":0.002393634540463901},"StdDev":{"confidence_interval":{"confidence_level":0.95,"lower_bound":0.03031041578671357,"upper_bound":0.11980708201163054},"point_estimate":0.0776089065604181,"standard_error":0.02468335817326737}}