{"Mean":{"confidence_interval":{"confidence_level":0.95,"lower_bound":20.956975657139267,"upper_bound":21.04409691174738},"point_estimate":20.992730847889693,"standard_error":0.022769914915565573},"Median":{"confidence_interval":{"confidence_level":0.95,"lower_bound":20.93580013558561,"upper_bound":20.949052272660573},"point_estimate":20.941828761745413,"standard_error":0.003753858196880547},"MedianAbsDev":{"confidence_interval":{"confidence_level":0.95,"lower_bound":0.018880507197161098,"upper_bound":0.040981378076748905},"point_estimate":0.027464022642998548,"standard_error":0.005781109214083637},"Slope":{"confidence_interval":{"confidence_level":0.95,"lower_bound":20.950449628970258,"upper_bound":20.974091897372993},"point_estimate":20.96174138527356,"standard_error":0.006035744332795547},"StdDev":{"confidence_interval":{"confidence_level":0.95,"lower_bound":0.0565029431863576,"upper_bound":0.366362560062492},"point_estimate":0.2286830223207072,"standard_error":0.08758085985352346}}