{"Mean":{"confidence_interval":{"confidence_level":0.95,"lower_bound":22.357543961849753,"upper_bound":22.918292782148626},"point_estimate":22.639894109744283,"standard_error":0.1431081889868835},"Median":{"confidence_interval":{"confidence_level":0.95,"lower_bound":22.063296618090664,"upper_bound":23.97327341477828},"point_estimate":23.757725878922734,"standard_error":0.8684227184175727},"MedianAbsDev":{"confidence_interval":{"confidence_level":0.95,"lower_bound":0.08512379995340638,"upper_bound":1.963866709546076},"point_estimate":0.5127472374996883,"standard_error":0.8179251935169817},"Slope":{"confidence_interval":{"confidence_level":0.95,"lower_bound":21.868239033786182,"upper_bound":22.530409920191214},"point_estimate":22.171040425527494,"standard_error":0.1690927647539874},"StdDev":{"confidence_interval":{"confidence_level":0.95,"lower_bound":1.3552360774100847,"upper_bound":1.4942168801518085},"point_estimate":1.4388894632603502,"standard_error":0.03541402351875647}}