{"Mean":{"confidence_interval":{"confidence_level":0.95,"lower_bound":21.193156314553367,"upper_bound":21.360569372694428},"point_estimate":21.272031518120436,"standard_error":0.042828634846525895},"Median":{"confidence_interval":{"confidence_level":0.95,"lower_bound":21.075539126159033,"upper_bound":21.174160416711693},"point_estimate":21.11355600859797,"standard_error":0.02507267074199438},"MedianAbsDev":{"confidence_interval":{"confidence_level":0.95,"lower_bound":0.13358186490606275,"upper_bound":0.2606176215425855},"point_estimate":0.17854131314528682,"standard_error":0.03306922941570687},"Slope":{"confidence_interval":{"confidence_level":0.95,"lower_bound":21.19513495704242,"upper_bound":21.414905084455963},"point_estimate":21.2963718987715,"standard_error":0.05606851217615538},"StdDev":{"confidence_interval":{"confidence_level":0.95,"lower_bound":0.30445524625318054,"upper_bound":0.5359587591133244},"point_estimate":0.43007103889858816,"standard_error":0.0593954837463937}}