{"Mean":{"confidence_interval":{"confidence_level":0.95,"lower_bound":2.0468513080349737,"upper_bound":2.0707424413402435},"point_estimate":2.05700474365175,"standard_error":0.006153194072503312},"Median":{"confidence_interval":{"confidence_level":0.95,"lower_bound":2.038835406186512,"upper_bound":2.0455540811164346},"point_estimate":2.0427716487627543,"standard_error":0.0016010024038803933},"MedianAbsDev":{"confidence_interval":{"confidence_level":0.95,"lower_bound":0.008648439565188208,"upper_bound":0.014220287655662868},"point_estimate":0.011440147822120172,"standard_error":0.0014191319261016395},"Slope":{"confidence_interval":{"confidence_level":0.95,"lower_bound":2.045971051805314,"upper_bound":2.1042097674040057},"point_estimate":2.0711390956607576,"standard_error":0.015115606006593342},"StdDev":{"confidence_interval":{"confidence_level":0.95,"lower_bound":0.02316753222333018,"upper_bound":0.09645585542235127},"point_estimate":0.062030676155156374,"standard_error":0.02065740089382323}}