{"mean":{"confidence_interval":{"confidence_level":0.95,"lower_bound":16377.000422006895,"upper_bound":16459.59095359682},"point_estimate":16412.247400683886,"standard_error":21.364001022463622},"median":{"confidence_interval":{"confidence_level":0.95,"lower_bound":16344.966204287515,"upper_bound":16358.910543704576},"point_estimate":16348.83606557377,"standard_error":3.6800982909696516},"median_abs_dev":{"confidence_interval":{"confidence_level":0.95,"lower_bound":17.224224120430772,"upper_bound":36.776914199009504},"point_estimate":24.365787122869435,"standard_error":5.089500257805721},"slope":{"confidence_interval":{"confidence_level":0.95,"lower_bound":16366.987700793377,"upper_bound":16397.827371883955},"point_estimate":16381.4560178494,"standard_error":7.904232257848818},"std_dev":{"confidence_interval":{"confidence_level":0.95,"lower_bound":86.88208801072626,"upper_bound":334.5447816458232},"point_estimate":215.65751135801173,"standard_error":72.17668534580855}}