{"Mean":{"confidence_interval":{"confidence_level":0.95,"lower_bound":57.38056181971879,"upper_bound":57.67966806899094},"point_estimate":57.51830089782453,"standard_error":0.07657798735591911},"Median":{"confidence_interval":{"confidence_level":0.95,"lower_bound":57.169336332667534,"upper_bound":57.26294900089641},"point_estimate":57.19173848324286,"standard_error":0.022248070927423372},"MedianAbsDev":{"confidence_interval":{"confidence_level":0.95,"lower_bound":0.07481545201401628,"upper_bound":0.19733092119132087},"point_estimate":0.11629634466652002,"standard_error":0.03056500522031335},"Slope":{"confidence_interval":{"confidence_level":0.95,"lower_bound":57.327757694033764,"upper_bound":57.581228700788564},"point_estimate":57.44450547986298,"standard_error":0.06470049959542512},"StdDev":{"confidence_interval":{"confidence_level":0.95,"lower_bound":0.4880597818938688,"upper_bound":1.0554394927195352},"point_estimate":0.7675116734383386,"standard_error":0.15226693731156526}}