{"Mean":{"confidence_interval":{"confidence_level":0.95,"lower_bound":55.455064650352845,"upper_bound":55.618087047105924},"point_estimate":55.52758410874468,"standard_error":0.041897377810986916},"Median":{"confidence_interval":{"confidence_level":0.95,"lower_bound":55.41604200319833,"upper_bound":55.44201455429051},"point_estimate":55.42925759376824,"standard_error":0.006727804642750789},"MedianAbsDev":{"confidence_interval":{"confidence_level":0.95,"lower_bound":0.035577303685538256,"upper_bound":0.05896199834453448},"point_estimate":0.04554766614186147,"standard_error":0.005850333561001411},"Slope":{"confidence_interval":{"confidence_level":0.95,"lower_bound":55.43551639416209,"upper_bound":55.65625899397426},"point_estimate":55.528065033821306,"standard_error":0.058151986256072326},"StdDev":{"confidence_interval":{"confidence_level":0.95,"lower_bound":0.17929305476244956,"upper_bound":0.6000301732294289},"point_estimate":0.42097503352075555,"standard_error":0.10579126325791786}}