{"Mean":{"confidence_interval":{"confidence_level":0.95,"lower_bound":57.20427877809725,"upper_bound":57.42890412928322},"point_estimate":57.30102518625368,"standard_error":0.05791715006833894},"Median":{"confidence_interval":{"confidence_level":0.95,"lower_bound":57.15189618089868,"upper_bound":57.179341596416094},"point_estimate":57.17096932324927,"standard_error":0.0068917073913583775},"MedianAbsDev":{"confidence_interval":{"confidence_level":0.95,"lower_bound":0.04508314804426574,"upper_bound":0.09294946020041327},"point_estimate":0.06956729771734978,"standard_error":0.012723212999863065},"Slope":{"confidence_interval":{"confidence_level":0.95,"lower_bound":57.159689484330265,"upper_bound":57.234538935906436},"point_estimate":57.190168167131525,"standard_error":0.019461802579530927},"StdDev":{"confidence_interval":{"confidence_level":0.95,"lower_bound":0.18637034016063023,"upper_bound":0.8768889450252476},"point_estimate":0.5818451286831817,"standard_error":0.18000637550133555}}