{"Mean":{"confidence_interval":{"confidence_level":0.95,"lower_bound":57.83250178246755,"upper_bound":58.16309246066077},"point_estimate":57.99350784372706,"standard_error":0.08424614619984169},"Median":{"confidence_interval":{"confidence_level":0.95,"lower_bound":57.499262986820156,"upper_bound":57.90589569338206},"point_estimate":57.71679646137685,"standard_error":0.08851555472952682},"MedianAbsDev":{"confidence_interval":{"confidence_level":0.95,"lower_bound":0.4328306635497408,"upper_bound":0.9809262292113367},"point_estimate":0.7054658794441216,"standard_error":0.12348487758254124},"Slope":{"confidence_interval":{"confidence_level":0.95,"lower_bound":57.71134849147791,"upper_bound":58.04585154280611},"point_estimate":57.87030041388419,"standard_error":0.08569547532402248},"StdDev":{"confidence_interval":{"confidence_level":0.95,"lower_bound":0.7094474455675828,"upper_bound":0.971023736245498},"point_estimate":0.8468146963920936,"standard_error":0.06698588862986157}}