{"Mean":{"confidence_interval":{"confidence_level":0.95,"lower_bound":2.0752188912373954,"upper_bound":2.0798584623412197},"point_estimate":2.0769292921249285,"standard_error":0.001321498860687963},"Median":{"confidence_interval":{"confidence_level":0.95,"lower_bound":2.0745782631050607,"upper_bound":2.0747741351027105},"point_estimate":2.0746680537732645,"standard_error":0.00005334491954040379},"MedianAbsDev":{"confidence_interval":{"confidence_level":0.95,"lower_bound":0.00030742115080053384,"upper_bound":0.000596690293721594},"point_estimate":0.0004335048188438552,"standard_error":0.00007490362602297783},"Slope":{"confidence_interval":{"confidence_level":0.95,"lower_bound":2.0751962549335086,"upper_bound":2.077919719866639},"point_estimate":2.0762448203288155,"standard_error":0.0007191784375925155},"StdDev":{"confidence_interval":{"confidence_level":0.95,"lower_bound":0.0019262506519944628,"upper_bound":0.02246627308783238},"point_estimate":0.013288487559230979,"standard_error":0.006994685103332414}}