{"Mean":{"confidence_interval":{"confidence_level":0.95,"lower_bound":2.83441904620321,"upper_bound":2.8693900791332534},"point_estimate":2.846352247000735,"standard_error":0.011092185154812483},"Median":{"confidence_interval":{"confidence_level":0.95,"lower_bound":2.833092833092833,"upper_bound":2.8343843887081137},"point_estimate":2.8340967422123224,"standard_error":0.00039642619164743963},"MedianAbsDev":{"confidence_interval":{"confidence_level":0.95,"lower_bound":0.001417565877764499,"upper_bound":0.0023385442001443864},"point_estimate":0.001940328760107927,"standard_error":0.000247797454483007},"Slope":{"confidence_interval":{"confidence_level":0.95,"lower_bound":2.8340763052196527,"upper_bound":2.913045355091556},"point_estimate":2.8591970937173805,"standard_error":0.023426795345513368},"StdDev":{"confidence_interval":{"confidence_level":0.95,"lower_bound":0.0032942724735685,"upper_bound":0.19103264603436634},"point_estimate":0.1114797441043081,"standard_error":0.06747908426499692}}