{"Mean":{"confidence_interval":{"confidence_level":0.95,"lower_bound":32132.727620782774,"upper_bound":32329.281187782773},"point_estimate":32225.15709533128,"standard_error":50.24517905901469},"Median":{"confidence_interval":{"confidence_level":0.95,"lower_bound":32024.493325917687,"upper_bound":32134.904241304226},"point_estimate":32057.53646313364,"standard_error":34.34768752463087},"MedianAbsDev":{"confidence_interval":{"confidence_level":0.95,"lower_bound":160.7759331751195,"upper_bound":303.4245019895516},"point_estimate":192.7160798164492,"standard_error":40.04458715791076},"Slope":{"confidence_interval":{"confidence_level":0.95,"lower_bound":32196.516563468504,"upper_bound":32595.613669397615},"point_estimate":32383.233715612292,"standard_error":102.07598839123807},"StdDev":{"confidence_interval":{"confidence_level":0.95,"lower_bound":355.1079128450763,"upper_bound":659.4072297418767},"point_estimate":506.97354459131384,"standard_error":79.21223014364233}}