{"Mean":{"confidence_interval":{"confidence_level":0.95,"lower_bound":29500.742106382102,"upper_bound":29610.321450617696},"point_estimate":29548.61300395571,"standard_error":28.211501664352774},"Median":{"confidence_interval":{"confidence_level":0.95,"lower_bound":29468.938163848536,"upper_bound":29486.07910750507},"point_estimate":29477.471969343293,"standard_error":5.26763072843187},"MedianAbsDev":{"confidence_interval":{"confidence_level":0.95,"lower_bound":18.907949858087274,"upper_bound":42.620973771502044},"point_estimate":30.837593369635524,"standard_error":6.581668055267486},"Slope":{"confidence_interval":{"confidence_level":0.95,"lower_bound":29482.15198709828,"upper_bound":29511.463456368565},"point_estimate":29494.083359904034,"standard_error":7.628528426471377},"StdDev":{"confidence_interval":{"confidence_level":0.95,"lower_bound":99.48553137043187,"upper_bound":416.09796764141254},"point_estimate":282.50725493056973,"standard_error":78.71384805380366}}