{"Mean":{"confidence_interval":{"confidence_level":0.95,"lower_bound":29541.486181421245,"upper_bound":29613.757726331914},"point_estimate":29573.97107965293,"standard_error":18.570999466301267},"Median":{"confidence_interval":{"confidence_level":0.95,"lower_bound":29505.182550539597,"upper_bound":29530.83552631579},"point_estimate":29513.244538056326,"standard_error":6.492282423936863},"MedianAbsDev":{"confidence_interval":{"confidence_level":0.95,"lower_bound":32.74747671146084,"upper_bound":71.70195148500844},"point_estimate":46.093810151227665,"standard_error":9.74507726226463},"Slope":{"confidence_interval":{"confidence_level":0.95,"lower_bound":29522.498234185863,"upper_bound":29552.97671925374},"point_estimate":29536.836795434592,"standard_error":7.790740225662481},"StdDev":{"confidence_interval":{"confidence_level":0.95,"lower_bound":90.95839122961463,"upper_bound":265.88167327732964},"point_estimate":186.88165492560816,"standard_error":45.1684088079521}}