{"mean":{"confidence_interval":{"confidence_level":0.95,"lower_bound":41.49563215418762,"upper_bound":42.3344456799337},"point_estimate":41.86791321900182,"standard_error":0.21577823330218338},"median":{"confidence_interval":{"confidence_level":0.95,"lower_bound":41.08524982580474,"upper_bound":41.304424833374476},"point_estimate":41.14358737303527,"standard_error":0.04946419989250665},"median_abs_dev":{"confidence_interval":{"confidence_level":0.95,"lower_bound":0.23352996931622774,"upper_bound":0.5085548552969107},"point_estimate":0.31290771614189017,"standard_error":0.06985179760677017},"slope":{"confidence_interval":{"confidence_level":0.95,"lower_bound":41.002829522239075,"upper_bound":41.2185266904858},"point_estimate":41.08616047711758,"standard_error":0.05695576449163721},"std_dev":{"confidence_interval":{"confidence_level":0.95,"lower_bound":1.037747828637137,"upper_bound":3.1862258452955534},"point_estimate":2.1626750545777096,"standard_error":0.5671686984291991}}