{"Mean":{"confidence_interval":{"confidence_level":0.95,"lower_bound":205.82663245414793,"upper_bound":207.75981234736105},"point_estimate":206.66462289023286,"standard_error":0.4970846374413593},"Median":{"confidence_interval":{"confidence_level":0.95,"lower_bound":205.15762813789246,"upper_bound":205.4821736394232},"point_estimate":205.261025584048,"standard_error":0.09775421163795928},"MedianAbsDev":{"confidence_interval":{"confidence_level":0.95,"lower_bound":0.3727996435499198,"upper_bound":0.8224027289138657},"point_estimate":0.5084400101759254,"standard_error":0.12092528270094079},"Slope":{"confidence_interval":{"confidence_level":0.95,"lower_bound":205.04295193222552,"upper_bound":205.28086223971502},"point_estimate":205.1413698259074,"standard_error":0.0615479723210459},"StdDev":{"confidence_interval":{"confidence_level":0.95,"lower_bound":1.7582033830597736,"upper_bound":7.483672954095397},"point_estimate":4.986617898678834,"standard_error":1.464051410876457}}