{"Mean":{"confidence_interval":{"confidence_level":0.95,"lower_bound":4.044182360889424,"upper_bound":4.072518965408902},"point_estimate":4.056432651818466,"standard_error":0.007317183616146395},"Median":{"confidence_interval":{"confidence_level":0.95,"lower_bound":4.037531729244273,"upper_bound":4.037822290511167},"point_estimate":4.037634241446764,"standard_error":0.00006653730801175093},"MedianAbsDev":{"confidence_interval":{"confidence_level":0.95,"lower_bound":0.00036582288417913406,"upper_bound":0.0008629116672810526},"point_estimate":0.0005250550798707096,"standard_error":0.00013387986680754121},"Slope":{"confidence_interval":{"confidence_level":0.95,"lower_bound":4.0426333128607,"upper_bound":4.083478041944768},"point_estimate":4.059029536741712,"standard_error":0.010746874344056287},"StdDev":{"confidence_interval":{"confidence_level":0.95,"lower_bound":0.02414917171425757,"upper_bound":0.10897365167023608},"point_estimate":0.07326312098364046,"standard_error":0.022434307757849076}}