{"Mean":{"confidence_interval":{"confidence_level":0.95,"lower_bound":2.0174200041992854,"upper_bound":2.019915298304088},"point_estimate":2.0183768478900803,"standard_error":0.0006726393418171879},"Median":{"confidence_interval":{"confidence_level":0.95,"lower_bound":2.0167920562634745,"upper_bound":2.017439748357029},"point_estimate":2.0171820543809478,"standard_error":0.0001680368607948516},"MedianAbsDev":{"confidence_interval":{"confidence_level":0.95,"lower_bound":0.001161378163669588,"upper_bound":0.0020438419935689075},"point_estimate":0.0015800537220202555,"standard_error":0.00020948807208582225},"Slope":{"confidence_interval":{"confidence_level":0.95,"lower_bound":2.01724047404548,"upper_bound":2.017924324370175},"point_estimate":2.017568355029849,"standard_error":0.0001748969737488147},"StdDev":{"confidence_interval":{"confidence_level":0.95,"lower_bound":0.0018389075228002194,"upper_bound":0.01121007015320922},"point_estimate":0.006759805321191284,"standard_error":0.003179550008673223}}