{"Mean":{"confidence_interval":{"confidence_level":0.95,"lower_bound":2.043281881097716,"upper_bound":2.0603578877761866},"point_estimate":2.0511990689940895,"standard_error":0.004382326506879194},"Median":{"confidence_interval":{"confidence_level":0.95,"lower_bound":2.031407940181084,"upper_bound":2.040057239616369},"point_estimate":2.0357421298343352,"standard_error":0.0022080461284555196},"MedianAbsDev":{"confidence_interval":{"confidence_level":0.95,"lower_bound":0.010641015869478071,"upper_bound":0.022233941973016428},"point_estimate":0.016318347105326987,"standard_error":0.003021090535490319},"Slope":{"confidence_interval":{"confidence_level":0.95,"lower_bound":2.039554823854593,"upper_bound":2.06393554060269},"point_estimate":2.0494104913839393,"standard_error":0.006388323351227704},"StdDev":{"confidence_interval":{"confidence_level":0.95,"lower_bound":0.02642754753726711,"upper_bound":0.059613506896011276},"point_estimate":0.04406377261298641,"standard_error":0.008597049434343513}}