{"Mean":{"confidence_interval":{"confidence_level":0.95,"lower_bound":2.0347943276861815,"upper_bound":2.0543336295115773},"point_estimate":2.0428838614796665,"standard_error":0.005079757882850731},"Median":{"confidence_interval":{"confidence_level":0.95,"lower_bound":2.026229240215453,"upper_bound":2.032422968278695},"point_estimate":2.0278990789650164,"standard_error":0.0018833894034189034},"MedianAbsDev":{"confidence_interval":{"confidence_level":0.95,"lower_bound":0.007077001817757685,"upper_bound":0.01674928813522711},"point_estimate":0.012663336048782564,"standard_error":0.002513844770944715},"Slope":{"confidence_interval":{"confidence_level":0.95,"lower_bound":2.0363245758168174,"upper_bound":2.0699989402843344},"point_estimate":2.0507656276830915,"standard_error":0.008704643464151661},"StdDev":{"confidence_interval":{"confidence_level":0.95,"lower_bound":0.020447602723246805,"upper_bound":0.08076294300415929},"point_estimate":0.05108943673407489,"standard_error":0.018937814564258987}}