{"mean":{"confidence_interval":{"confidence_level":0.95,"lower_bound":3.0631614056727443,"upper_bound":3.073503062723635},"point_estimate":3.0677827818912915,"standard_error":0.002661978011003983},"median":{"confidence_interval":{"confidence_level":0.95,"lower_bound":3.059922325110826,"upper_bound":3.0616301879797962},"point_estimate":3.0607208055427284,"standard_error":0.00042275207076126776},"median_abs_dev":{"confidence_interval":{"confidence_level":0.95,"lower_bound":0.002731762553452461,"upper_bound":0.006118175503013713},"point_estimate":0.003970847807973124,"standard_error":0.0008421491805150407},"slope":{"confidence_interval":{"confidence_level":0.95,"lower_bound":3.0620568580178524,"upper_bound":3.069056452637705},"point_estimate":3.0651616196066636,"standard_error":0.0018009830311341635},"std_dev":{"confidence_interval":{"confidence_level":0.95,"lower_bound":0.01132188626668244,"upper_bound":0.037930397473639264},"point_estimate":0.026800692022441817,"standard_error":0.006672421964509769}}