{"Mean":{"confidence_interval":{"confidence_level":0.95,"lower_bound":51.9145020333904,"upper_bound":52.29775738162913},"point_estimate":52.08796767894936,"standard_error":0.09799180488966208},"Median":{"confidence_interval":{"confidence_level":0.95,"lower_bound":51.71534573345607,"upper_bound":51.85248372967072},"point_estimate":51.7777121437531,"standard_error":0.03535388388995231},"MedianAbsDev":{"confidence_interval":{"confidence_level":0.95,"lower_bound":0.1709875951761266,"upper_bound":0.34580027808640107},"point_estimate":0.24831485085949692,"standard_error":0.04523647539829801},"Slope":{"confidence_interval":{"confidence_level":0.95,"lower_bound":51.79487869952513,"upper_bound":52.30731303853586},"point_estimate":52.03166411534239,"standard_error":0.13118831700313974},"StdDev":{"confidence_interval":{"confidence_level":0.95,"lower_bound":0.5178794367351687,"upper_bound":1.3940640258159804},"point_estimate":0.9835157533652714,"standard_error":0.22723061208789702}}