{"mean":{"confidence_interval":{"confidence_level":0.95,"lower_bound":12.655415107857518,"upper_bound":12.68265886950889},"point_estimate":12.667275004687122,"standard_error":0.006991574848035999},"median":{"confidence_interval":{"confidence_level":0.95,"lower_bound":12.644628252584791,"upper_bound":12.655595979257507},"point_estimate":12.649111800741334,"standard_error":0.002568640002366159},"median_abs_dev":{"confidence_interval":{"confidence_level":0.95,"lower_bound":0.01364404618209748,"upper_bound":0.0243892123733938},"point_estimate":0.01718623342469767,"standard_error":0.002625620345319012},"slope":{"confidence_interval":{"confidence_level":0.95,"lower_bound":12.650614408625907,"upper_bound":12.703185634282411},"point_estimate":12.671544661255522,"standard_error":0.013890020335948761},"std_dev":{"confidence_interval":{"confidence_level":0.95,"lower_bound":0.029141406771424426,"upper_bound":0.10479269517217181},"point_estimate":0.06994365790465432,"standard_error":0.019835011124509257}}