{"Mean":{"confidence_interval":{"confidence_level":0.95,"lower_bound":2.609971540456496,"upper_bound":2.6279025935643636},"point_estimate":2.6177346710079217,"standard_error":0.004632085344172737},"Median":{"confidence_interval":{"confidence_level":0.95,"lower_bound":2.6041279031698985,"upper_bound":2.605703741051785},"point_estimate":2.6045765156492404,"standard_error":0.00036970409432063246},"MedianAbsDev":{"confidence_interval":{"confidence_level":0.95,"lower_bound":0.0021647045151403804,"upper_bound":0.00520444130329491},"point_estimate":0.0031185746012055127,"standard_error":0.0007443588176055203},"Slope":{"confidence_interval":{"confidence_level":0.95,"lower_bound":2.6089314156919112,"upper_bound":2.6497824244424537},"point_estimate":2.6264953952793793,"standard_error":0.010644048539766112},"StdDev":{"confidence_interval":{"confidence_level":0.95,"lower_bound":0.01635635585864055,"upper_bound":0.07003882357455996},"point_estimate":0.0465051662928123,"standard_error":0.014089084618602647}}