{"mean":{"confidence_interval":{"confidence_level":0.95,"lower_bound":436.72270607495943,"upper_bound":440.34588357100114},"point_estimate":438.39491018718655,"standard_error":0.9301999506351515},"median":{"confidence_interval":{"confidence_level":0.95,"lower_bound":434.14038884810566,"upper_bound":435.462453278967},"point_estimate":434.5932786723252,"standard_error":0.33505431324234386},"median_abs_dev":{"confidence_interval":{"confidence_level":0.95,"lower_bound":1.662921048501744,"upper_bound":3.516661636939786},"point_estimate":2.4209079065303922,"standard_error":0.4713626192104825},"slope":{"confidence_interval":{"confidence_level":0.95,"lower_bound":435.60780243743045,"upper_bound":439.03558074552336},"point_estimate":437.245901442788,"standard_error":0.8775524620271161},"std_dev":{"confidence_interval":{"confidence_level":0.95,"lower_bound":5.451688384094439,"upper_bound":12.772940054741078},"point_estimate":9.35990998517536,"standard_error":1.8934209151115018}}