{"Mean":{"confidence_interval":{"confidence_level":0.95,"lower_bound":3.1021059140436242,"upper_bound":3.1200385392746455},"point_estimate":3.109727607840431,"standard_error":0.004647268453231775},"Median":{"confidence_interval":{"confidence_level":0.95,"lower_bound":3.0959202715520835,"upper_bound":3.0988847540280737},"point_estimate":3.097581723567586,"standard_error":0.0008999804577940524},"MedianAbsDev":{"confidence_interval":{"confidence_level":0.95,"lower_bound":0.004095406603291646,"upper_bound":0.008409092180163422},"point_estimate":0.005975449655994837,"standard_error":0.0011356044596530126},"Slope":{"confidence_interval":{"confidence_level":0.95,"lower_bound":3.0947120729023987,"upper_bound":3.0966707906937123},"point_estimate":3.095610971961994,"standard_error":0.0004999675169931378},"StdDev":{"confidence_interval":{"confidence_level":0.95,"lower_bound":0.01631737070077772,"upper_bound":0.0730125331031679},"point_estimate":0.04672964944427858,"standard_error":0.015796824886264004}}