{"Mean":{"confidence_interval":{"confidence_level":0.95,"lower_bound":8386.331096191347,"upper_bound":8414.303663790708},"point_estimate":8398.768397568327,"standard_error":7.216632690747294},"Median":{"confidence_interval":{"confidence_level":0.95,"lower_bound":8376.873912574203,"upper_bound":8382.68194869181},"point_estimate":8379.129698748267,"standard_error":1.6890264118985885},"MedianAbsDev":{"confidence_interval":{"confidence_level":0.95,"lower_bound":7.716178966824116,"upper_bound":18.276578533861237},"point_estimate":11.15143269203631,"standard_error":2.946891620626521},"Slope":{"confidence_interval":{"confidence_level":0.95,"lower_bound":8386.319243377653,"upper_bound":8401.776439406694},"point_estimate":8393.516394971279,"standard_error":3.964779467952706},"StdDev":{"confidence_interval":{"confidence_level":0.95,"lower_bound":30.38527596864396,"upper_bound":104.9484063266898},"point_estimate":72.18100888851762,"standard_error":19.907099536990426}}