{"Mean":{"confidence_interval":{"confidence_level":0.95,"lower_bound":16477.96279378567,"upper_bound":16549.95139631719},"point_estimate":16509.358611998403,"standard_error":18.5197156064387},"Median":{"confidence_interval":{"confidence_level":0.95,"lower_bound":16471.28712121212,"upper_bound":16479.8136328725},"point_estimate":16475.607837301584,"standard_error":2.144054927842301},"MedianAbsDev":{"confidence_interval":{"confidence_level":0.95,"lower_bound":18.523622824310138,"upper_bound":39.55446780626263},"point_estimate":28.33456215461622,"standard_error":4.9406230359554675},"Slope":{"confidence_interval":{"confidence_level":0.95,"lower_bound":16484.528569350405,"upper_bound":16501.038525919994},"point_estimate":16492.407354563813,"standard_error":4.21828589443778},"StdDev":{"confidence_interval":{"confidence_level":0.95,"lower_bound":71.65513471951458,"upper_bound":286.18093070530466},"point_estimate":186.51512842004746,"standard_error":57.20054986943245}}