{"Mean":{"confidence_interval":{"confidence_level":0.95,"lower_bound":2.3375618037973434,"upper_bound":2.3539251594406294},"point_estimate":2.345103683102195,"standard_error":0.00418884231602972},"Median":{"confidence_interval":{"confidence_level":0.95,"lower_bound":2.322343540152637,"upper_bound":2.3298836221687873},"point_estimate":2.325328498729479,"standard_error":0.002121778455428419},"MedianAbsDev":{"confidence_interval":{"confidence_level":0.95,"lower_bound":0.005903715006937918,"upper_bound":0.016957752591273273},"point_estimate":0.009963666549301965,"standard_error":0.003029362084755806},"Slope":{"confidence_interval":{"confidence_level":0.95,"lower_bound":2.341363252416419,"upper_bound":2.3600023757090565},"point_estimate":2.3510811222540875,"standard_error":0.004748867796643503},"StdDev":{"confidence_interval":{"confidence_level":0.95,"lower_bound":0.027841206563060997,"upper_bound":0.05763579645606359},"point_estimate":0.04212062456503428,"standard_error":0.008186177284490323}}