{"Mean":{"confidence_interval":{"confidence_level":0.95,"lower_bound":1.6748110085058725,"upper_bound":1.6779120936961411},"point_estimate":1.675987511200076,"standard_error":0.0008503806231026847},"Median":{"confidence_interval":{"confidence_level":0.95,"lower_bound":1.67470296160953,"upper_bound":1.6747618622562834},"point_estimate":1.6747285339849831,"standard_error":0.000015703940195759848},"MedianAbsDev":{"confidence_interval":{"confidence_level":0.95,"lower_bound":0.0000750384192247518,"upper_bound":0.00015534142364560693},"point_estimate":0.00010776970688064376,"standard_error":0.00002056582172409442},"Slope":{"confidence_interval":{"confidence_level":0.95,"lower_bound":1.6740093815659218,"upper_bound":1.6758540159419184},"point_estimate":1.6750244217972794,"standard_error":0.00047267853111237335},"StdDev":{"confidence_interval":{"confidence_level":0.95,"lower_bound":0.0013249652571550494,"upper_bound":0.01442105123186547},"point_estimate":0.008548083371175392,"standard_error":0.004269394257043961}}