{"Mean":{"confidence_interval":{"confidence_level":0.95,"lower_bound":3.4871111612937864,"upper_bound":3.4920236504972606},"point_estimate":3.489236621036345,"standard_error":0.0012634062660314142},"Median":{"confidence_interval":{"confidence_level":0.95,"lower_bound":3.4861487739564416,"upper_bound":3.4868326543659283},"point_estimate":3.4864362618499745,"standard_error":0.00017317257887607972},"MedianAbsDev":{"confidence_interval":{"confidence_level":0.95,"lower_bound":0.0011347669013372433,"upper_bound":0.0021396675372633224},"point_estimate":0.0014705630180800492,"standard_error":0.0002413722655829408},"Slope":{"confidence_interval":{"confidence_level":0.95,"lower_bound":3.4865118041506715,"upper_bound":3.48761212596323},"point_estimate":3.486984597339478,"standard_error":0.0002828109834587915},"StdDev":{"confidence_interval":{"confidence_level":0.95,"lower_bound":0.0028646900677638154,"upper_bound":0.018992708461352925},"point_estimate":0.01268284539300258,"standard_error":0.003934116361343719}}