{"Mean":{"confidence_interval":{"confidence_level":0.95,"lower_bound":2.7550888464275367,"upper_bound":2.792797825992558},"point_estimate":2.768749122645449,"standard_error":0.010630067870297001},"Median":{"confidence_interval":{"confidence_level":0.95,"lower_bound":2.751290663681035,"upper_bound":2.7516550955146006},"point_estimate":2.7513962234201674,"standard_error":0.0000919038043398813},"MedianAbsDev":{"confidence_interval":{"confidence_level":0.95,"lower_bound":0.00044764754079479205,"upper_bound":0.0009731784730029307},"point_estimate":0.000628816717287801,"standard_error":0.0001293473519968282},"Slope":{"confidence_interval":{"confidence_level":0.95,"lower_bound":2.752330098276892,"upper_bound":2.763278594300532},"point_estimate":2.755985467004839,"standard_error":0.003110758577132438},"StdDev":{"confidence_interval":{"confidence_level":0.95,"lower_bound":0.009809754863624948,"upper_bound":0.18028818180095577},"point_estimate":0.10651977143140254,"standard_error":0.05620207567342307}}