{"Mean":{"confidence_interval":{"confidence_level":0.95,"lower_bound":6.814585059703935,"upper_bound":6.874184709692377},"point_estimate":6.84197514672078,"standard_error":0.01526820339038372},"Median":{"confidence_interval":{"confidence_level":0.95,"lower_bound":6.779089551033844,"upper_bound":6.794040336369951},"point_estimate":6.785052387025194,"standard_error":0.004054067632289954},"MedianAbsDev":{"confidence_interval":{"confidence_level":0.95,"lower_bound":0.014535225167496084,"upper_bound":0.03374634991097284},"point_estimate":0.02258012193908112,"standard_error":0.004998504271820647},"Slope":{"confidence_interval":{"confidence_level":0.95,"lower_bound":6.783992235977538,"upper_bound":6.815673786164696},"point_estimate":6.797515185425413,"standard_error":0.008202108381891898},"StdDev":{"confidence_interval":{"confidence_level":0.95,"lower_bound":0.09359309985614034,"upper_bound":0.20439693634733017},"point_estimate":0.15303386454102233,"standard_error":0.02830558105296114}}