{"Mean":{"confidence_interval":{"confidence_level":0.95,"lower_bound":9.691122656983831,"upper_bound":9.746661908955724},"point_estimate":9.7145590612016,"standard_error":0.014385965040548985},"Median":{"confidence_interval":{"confidence_level":0.95,"lower_bound":9.669693076301808,"upper_bound":9.683611777814537},"point_estimate":9.674526941934893,"standard_error":0.003858773811313208},"MedianAbsDev":{"confidence_interval":{"confidence_level":0.95,"lower_bound":0.010681748075875335,"upper_bound":0.02691319110372414},"point_estimate":0.01691952131299444,"standard_error":0.0041912872052051586},"Slope":{"confidence_interval":{"confidence_level":0.95,"lower_bound":9.66751664067465,"upper_bound":9.67564617719388},"point_estimate":9.670978426810867,"standard_error":0.0021009895041120986},"StdDev":{"confidence_interval":{"confidence_level":0.95,"lower_bound":0.05023778612796486,"upper_bound":0.22646538649876455},"point_estimate":0.14402776931473737,"standard_error":0.049255760655462395}}