{"Mean":{"confidence_interval":{"confidence_level":0.95,"lower_bound":3.766853180078599,"upper_bound":3.8040648026482238},"point_estimate":3.7829675201517032,"standard_error":0.009621148694636034},"Median":{"confidence_interval":{"confidence_level":0.95,"lower_bound":3.754391775725714,"upper_bound":3.7594093822360346},"point_estimate":3.7560047782523576,"standard_error":0.0011998626225193261},"MedianAbsDev":{"confidence_interval":{"confidence_level":0.95,"lower_bound":0.006036506339863723,"upper_bound":0.012434215120138642},"point_estimate":0.00848637515092477,"standard_error":0.0016816233250141796},"Slope":{"confidence_interval":{"confidence_level":0.95,"lower_bound":3.752617901106277,"upper_bound":3.788584574971475},"point_estimate":3.763909966319211,"standard_error":0.010603482358577053},"StdDev":{"confidence_interval":{"confidence_level":0.95,"lower_bound":0.03503969221759492,"upper_bound":0.14568990501180937},"point_estimate":0.09647096122918829,"standard_error":0.0288517939124233}}