{"mean":{"confidence_interval":{"confidence_level":0.95,"lower_bound":9.501452867042321,"upper_bound":9.557409505804102},"point_estimate":9.52508190247518,"standard_error":0.014512253897146329},"median":{"confidence_interval":{"confidence_level":0.95,"lower_bound":9.480649233617005,"upper_bound":9.492963371535474},"point_estimate":9.485203386388847,"standard_error":0.0028663668996319657},"median_abs_dev":{"confidence_interval":{"confidence_level":0.95,"lower_bound":0.012205485270584533,"upper_bound":0.025526659427870146},"point_estimate":0.01829736442020171,"standard_error":0.0031608573847806444},"slope":{"confidence_interval":{"confidence_level":0.95,"lower_bound":9.477607639066978,"upper_bound":9.483785373131774},"point_estimate":9.480256493677185,"standard_error":0.0015920327918654941},"std_dev":{"confidence_interval":{"confidence_level":0.95,"lower_bound":0.05255491692039528,"upper_bound":0.22803514791819546},"point_estimate":0.14554180534455413,"standard_error":0.04959317432397535}}