{"mean":{"confidence_interval":{"confidence_level":0.95,"lower_bound":5.447797015199482,"upper_bound":5.478844176626417},"point_estimate":5.461082366145788,"standard_error":0.008012780164988848},"median":{"confidence_interval":{"confidence_level":0.95,"lower_bound":5.435572912178024,"upper_bound":5.441875003306131},"point_estimate":5.438807475849341,"standard_error":0.0016425521589335903},"median_abs_dev":{"confidence_interval":{"confidence_level":0.95,"lower_bound":0.007001078865703881,"upper_bound":0.015317846177183623},"point_estimate":0.010127013459315293,"standard_error":0.002130166652876007},"slope":{"confidence_interval":{"confidence_level":0.95,"lower_bound":5.433817258058164,"upper_bound":5.437913765155895},"point_estimate":5.4355740958699545,"standard_error":0.0010483907117402028},"std_dev":{"confidence_interval":{"confidence_level":0.95,"lower_bound":0.029920051723317624,"upper_bound":0.1251294196566708},"point_estimate":0.08086388163068815,"standard_error":0.026534316656999086}}