{"Mean":{"confidence_interval":{"confidence_level":0.95,"lower_bound":2.0453631709562323,"upper_bound":2.063360010134585},"point_estimate":2.0531243315774375,"standard_error":0.00464176520118521},"Median":{"confidence_interval":{"confidence_level":0.95,"lower_bound":2.0412042649651583,"upper_bound":2.0425695285144267},"point_estimate":2.0417241943493707,"standard_error":0.000361811735610408},"MedianAbsDev":{"confidence_interval":{"confidence_level":0.95,"lower_bound":0.0018885139517177524,"upper_bound":0.004341188237285738},"point_estimate":0.0028549227570349154,"standard_error":0.0006064004503722101},"Slope":{"confidence_interval":{"confidence_level":0.95,"lower_bound":2.043450522504893,"upper_bound":2.0474125870667863},"point_estimate":2.045274373294604,"standard_error":0.0010163356120087238},"StdDev":{"confidence_interval":{"confidence_level":0.95,"lower_bound":0.009470989789851557,"upper_bound":0.07040221261313928},"point_estimate":0.04675629232196156,"standard_error":0.014823630710607166}}