{"Mean":{"confidence_interval":{"confidence_level":0.95,"lower_bound":4.4137584862584935,"upper_bound":4.4489726928101145},"point_estimate":4.429247753952713,"standard_error":0.009044469318921767},"Median":{"confidence_interval":{"confidence_level":0.95,"lower_bound":4.400706274670402,"upper_bound":4.407784809038336},"point_estimate":4.404133908188592,"standard_error":0.0017885580316885977},"MedianAbsDev":{"confidence_interval":{"confidence_level":0.95,"lower_bound":0.006942813204063449,"upper_bound":0.015036309895088201},"point_estimate":0.009604149377222508,"standard_error":0.0020779710299973666},"Slope":{"confidence_interval":{"confidence_level":0.95,"lower_bound":4.399761241853236,"upper_bound":4.447628327610962},"point_estimate":4.415529498700042,"standard_error":0.013941444976125638},"StdDev":{"confidence_interval":{"confidence_level":0.95,"lower_bound":0.034883450254392455,"upper_bound":0.13256642502700045},"point_estimate":0.09098968061580708,"standard_error":0.024862894606982145}}