{"Mean":{"confidence_interval":{"confidence_level":0.95,"lower_bound":8.753227839442944,"upper_bound":8.820697012198863},"point_estimate":8.777735522255716,"standard_error":0.01950001010414583},"Median":{"confidence_interval":{"confidence_level":0.95,"lower_bound":8.750090698916155,"upper_bound":8.753573540097733},"point_estimate":8.751375143587946,"standard_error":0.0008184107830679532},"MedianAbsDev":{"confidence_interval":{"confidence_level":0.95,"lower_bound":0.006075417378077156,"upper_bound":0.011541039435525374},"point_estimate":0.009682428018790596,"standard_error":0.0014950869867537853},"Slope":{"confidence_interval":{"confidence_level":0.95,"lower_bound":8.753122969885203,"upper_bound":8.867103468086077},"point_estimate":8.793115704806228,"standard_error":0.03178094653782308},"StdDev":{"confidence_interval":{"confidence_level":0.95,"lower_bound":0.011268135888750327,"upper_bound":0.33313006824706676},"point_estimate":0.1963018966429135,"standard_error":0.10645398018607334}}