{"Mean":{"confidence_interval":{"confidence_level":0.95,"lower_bound":11.057663630223642,"upper_bound":11.145995413299865},"point_estimate":11.097285615869929,"standard_error":0.02260907155113711},"Median":{"confidence_interval":{"confidence_level":0.95,"lower_bound":11.024183297404903,"upper_bound":11.044463833201819},"point_estimate":11.031119931868222,"standard_error":0.005225664096799982},"MedianAbsDev":{"confidence_interval":{"confidence_level":0.95,"lower_bound":0.02325202880159478,"upper_bound":0.043035821382736525},"point_estimate":0.029923324266029748,"standard_error":0.004844525125325991},"Slope":{"confidence_interval":{"confidence_level":0.95,"lower_bound":11.019283009441606,"upper_bound":11.031995140332342},"point_estimate":11.025077156622983,"standard_error":0.0032410644339384586},"StdDev":{"confidence_interval":{"confidence_level":0.95,"lower_bound":0.1064113380334503,"upper_bound":0.3220423025358959},"point_estimate":0.22812977119047523,"standard_error":0.05517499628220012}}