{"Mean":{"confidence_interval":{"confidence_level":0.95,"lower_bound":1.7589303052258396,"upper_bound":1.7792902207823105},"point_estimate":1.7665651754648324,"standard_error":0.005573205298014485},"Median":{"confidence_interval":{"confidence_level":0.95,"lower_bound":1.7566868778168216,"upper_bound":1.7572626165552143},"point_estimate":1.7569654947358502,"standard_error":0.00015127708654215786},"MedianAbsDev":{"confidence_interval":{"confidence_level":0.95,"lower_bound":0.0009721942608448127,"upper_bound":0.001965248317208685},"point_estimate":0.0013769990390878931,"standard_error":0.0002601100469803456},"Slope":{"confidence_interval":{"confidence_level":0.95,"lower_bound":1.7610109069110822,"upper_bound":1.812819063273718},"point_estimate":1.7810259891320352,"standard_error":0.014210516239213539},"StdDev":{"confidence_interval":{"confidence_level":0.95,"lower_bound":0.009313870087564369,"upper_bound":0.09360623578036142},"point_estimate":0.05591750386580259,"standard_error":0.02744192630240405}}