{"Mean":{"confidence_interval":{"confidence_level":0.95,"lower_bound":1.7626702039949238,"upper_bound":1.7683701947963897},"point_estimate":1.765175527318715,"standard_error":0.0014668401976260957},"Median":{"confidence_interval":{"confidence_level":0.95,"lower_bound":1.760667485860068,"upper_bound":1.7618776324818022},"point_estimate":1.761045859488683,"standard_error":0.0003164545903344514},"MedianAbsDev":{"confidence_interval":{"confidence_level":0.95,"lower_bound":0.0015708861668109057,"upper_bound":0.00312962805357336},"point_estimate":0.0021318628986363953,"standard_error":0.0003990904371610178},"Slope":{"confidence_interval":{"confidence_level":0.95,"lower_bound":1.7621464028201452,"upper_bound":1.7667305965019382},"point_estimate":1.7642366956916486,"standard_error":0.0011746393205716297},"StdDev":{"confidence_interval":{"confidence_level":0.95,"lower_bound":0.005615317775935993,"upper_bound":0.02142390479565195},"point_estimate":0.014803552254523638,"standard_error":0.0039041311876839672}}