{"mean":{"confidence_interval":{"confidence_level":0.95,"lower_bound":1584.1894394870938,"upper_bound":1596.7741901033892},"point_estimate":1589.508360271867,"standard_error":3.2570541949460625},"median":{"confidence_interval":{"confidence_level":0.95,"lower_bound":1580.2606184020656,"upper_bound":1582.6498205741627},"point_estimate":1581.5885835135468,"standard_error":0.6472203815745912},"median_abs_dev":{"confidence_interval":{"confidence_level":0.95,"lower_bound":4.169567990834339,"upper_bound":7.5298651518837545},"point_estimate":5.613273599980858,"standard_error":0.7959538398739807},"slope":{"confidence_interval":{"confidence_level":0.95,"lower_bound":1578.2517288866015,"upper_bound":1579.8797611257842},"point_estimate":1579.0266796624674,"standard_error":0.4166449396871971},"std_dev":{"confidence_interval":{"confidence_level":0.95,"lower_bound":11.242917155371485,"upper_bound":51.36020425425214},"point_estimate":32.73625858579082,"standard_error":11.221585085603495}}