{"mean":{"confidence_interval":{"confidence_level":0.95,"lower_bound":10418.582797593845,"upper_bound":10446.855974625147},"point_estimate":10431.759238635284,"standard_error":7.279724631286665},"median":{"confidence_interval":{"confidence_level":0.95,"lower_bound":10405.010508198207,"upper_bound":10414.270555420811},"point_estimate":10409.283648908859,"standard_error":2.508150920586983},"median_abs_dev":{"confidence_interval":{"confidence_level":0.95,"lower_bound":12.465968781043593,"upper_bound":25.983472862269345},"point_estimate":17.424122427132613,"standard_error":3.2144736959417264},"slope":{"confidence_interval":{"confidence_level":0.95,"lower_bound":10414.777757759624,"upper_bound":10427.45345563464},"point_estimate":10420.765715290147,"standard_error":3.2512874055770733},"std_dev":{"confidence_interval":{"confidence_level":0.95,"lower_bound":46.3271100830807,"upper_bound":95.52235046768874},"point_estimate":73.28872922335997,"standard_error":12.590468153603906}}