{"mean":{"confidence_interval":{"confidence_level":0.95,"lower_bound":1443.2203982535643,"upper_bound":1455.3735445867078},"point_estimate":1448.5385318039855,"standard_error":3.1334588765280276},"median":{"confidence_interval":{"confidence_level":0.95,"lower_bound":1438.252040520984,"upper_bound":1441.0622954469554},"point_estimate":1439.217932035332,"standard_error":0.6783504679262439},"median_abs_dev":{"confidence_interval":{"confidence_level":0.95,"lower_bound":3.6993812705070948,"upper_bound":7.380071001349158},"point_estimate":5.318418797636809,"standard_error":0.9124132330601307},"slope":{"confidence_interval":{"confidence_level":0.95,"lower_bound":1437.2466849441123,"upper_bound":1439.0615449525617},"point_estimate":1438.0647884590173,"standard_error":0.46268025924218675},"std_dev":{"confidence_interval":{"confidence_level":0.95,"lower_bound":13.840082838362429,"upper_bound":47.6465887952174},"point_estimate":31.6069453367415,"standard_error":9.169608233049214}}