{"Mean":{"confidence_interval":{"confidence_level":0.95,"lower_bound":25.4274879703258,"upper_bound":25.845461132313048},"point_estimate":25.591220054340884,"standard_error":0.11074529973041312},"Median":{"confidence_interval":{"confidence_level":0.95,"lower_bound":25.35901735409989,"upper_bound":25.360578598814918},"point_estimate":25.35946089252478,"standard_error":0.0004231888087904579},"MedianAbsDev":{"confidence_interval":{"confidence_level":0.95,"lower_bound":0.0015597164458205943,"upper_bound":0.003776588092939512},"point_estimate":0.0021937942107658893,"standard_error":0.000579045097384897},"Slope":{"confidence_interval":{"confidence_level":0.95,"lower_bound":25.4075297949958,"upper_bound":25.512375552128315},"point_estimate":25.45556581070779,"standard_error":0.02685372105789392},"StdDev":{"confidence_interval":{"confidence_level":0.95,"lower_bound":0.15463700289364452,"upper_bound":1.8367555982963903},"point_estimate":1.1155393913357279,"standard_error":0.4912234225518379}}