{"Mean":{"confidence_interval":{"confidence_level":0.95,"lower_bound":2.2054533433829846,"upper_bound":2.214274987977957},"point_estimate":2.2092082867192433,"standard_error":0.0022990191114621154},"Median":{"confidence_interval":{"confidence_level":0.95,"lower_bound":2.203029403586296,"upper_bound":2.205358994321811},"point_estimate":2.2033831727984228,"standard_error":0.0005564816543329018},"MedianAbsDev":{"confidence_interval":{"confidence_level":0.95,"lower_bound":0.0021460350401025547,"upper_bound":0.004938434584512697},"point_estimate":0.0029814530736456783,"standard_error":0.000689596025072298},"Slope":{"confidence_interval":{"confidence_level":0.95,"lower_bound":2.204481816061008,"upper_bound":2.206925088239336},"point_estimate":2.2056304876966744,"standard_error":0.0006226339110879385},"StdDev":{"confidence_interval":{"confidence_level":0.95,"lower_bound":0.0056725569956729135,"upper_bound":0.03563792531780955},"point_estimate":0.02327440795735864,"standard_error":0.00806572206863502}}