{"Mean":{"confidence_interval":{"confidence_level":0.95,"lower_bound":2.2014135922124605,"upper_bound":2.215960184276708},"point_estimate":2.206964450544492,"standard_error":0.003891034767663567},"Median":{"confidence_interval":{"confidence_level":0.95,"lower_bound":2.199424040564693,"upper_bound":2.2001155766240696},"point_estimate":2.1998526792041138,"standard_error":0.0002023218291572131},"MedianAbsDev":{"confidence_interval":{"confidence_level":0.95,"lower_bound":0.0009870137263635836,"upper_bound":0.002028470199912723},"point_estimate":0.0015684503284942352,"standard_error":0.0002829362993103191},"Slope":{"confidence_interval":{"confidence_level":0.95,"lower_bound":2.2003399146347653,"upper_bound":2.2037125842822043},"point_estimate":2.2017786535558734,"standard_error":0.0008669596223160691},"StdDev":{"confidence_interval":{"confidence_level":0.95,"lower_bound":0.005825691217511108,"upper_bound":0.06500221665265714},"point_estimate":0.03912576198758307,"standard_error":0.018110812418584123}}