{"Mean":{"confidence_interval":{"confidence_level":0.95,"lower_bound":2.2107889686873605,"upper_bound":2.2184058582811654},"point_estimate":2.2141919725008727,"standard_error":0.001953737696073432},"Median":{"confidence_interval":{"confidence_level":0.95,"lower_bound":2.2074959272594246,"upper_bound":2.2091883513335158},"point_estimate":2.2081294072475717,"standard_error":0.000350052667362483},"MedianAbsDev":{"confidence_interval":{"confidence_level":0.95,"lower_bound":0.0018893754572749098,"upper_bound":0.004223988836953354},"point_estimate":0.0029979748700371877,"standard_error":0.0006083910725057688},"Slope":{"confidence_interval":{"confidence_level":0.95,"lower_bound":2.2097540091675207,"upper_bound":2.2171593797641305},"point_estimate":2.2130000344111367,"standard_error":0.0019021763651628591},"StdDev":{"confidence_interval":{"confidence_level":0.95,"lower_bound":0.009346052923265505,"upper_bound":0.028228682846086917},"point_estimate":0.019639666185377817,"standard_error":0.00485353133715207}}