{"Mean":{"confidence_interval":{"confidence_level":0.95,"lower_bound":2.234755296348777,"upper_bound":2.3005330596435436},"point_estimate":2.2619518774255725,"standard_error":0.01739963345598412},"Median":{"confidence_interval":{"confidence_level":0.95,"lower_bound":2.2217025187899884,"upper_bound":2.2323531225206255},"point_estimate":2.225547930215789,"standard_error":0.0025127310629280758},"MedianAbsDev":{"confidence_interval":{"confidence_level":0.95,"lower_bound":0.013216981350992411,"upper_bound":0.028129214445400307},"point_estimate":0.018372627843376222,"standard_error":0.0036472102225221215},"Slope":{"confidence_interval":{"confidence_level":0.95,"lower_bound":2.225395975217032,"upper_bound":2.2554000220926063},"point_estimate":2.237398930983421,"standard_error":0.007801358042711595},"StdDev":{"confidence_interval":{"confidence_level":0.95,"lower_bound":0.0281885885574712,"upper_bound":0.2702868654230049},"point_estimate":0.17503347158290436,"standard_error":0.06659138294192697}}