{"Mean":{"confidence_interval":{"confidence_level":0.95,"lower_bound":1.769365376433936,"upper_bound":1.7794350740153164},"point_estimate":1.7741189253695069,"standard_error":0.0025720158147057035},"Median":{"confidence_interval":{"confidence_level":0.95,"lower_bound":1.7598314043543828,"upper_bound":1.763163570895625},"point_estimate":1.7611778317540974,"standard_error":0.0008433506291888849},"MedianAbsDev":{"confidence_interval":{"confidence_level":0.95,"lower_bound":0.003524339611526899,"upper_bound":0.00861752955086336},"point_estimate":0.005519973475287945,"standard_error":0.0012567110406500484},"Slope":{"confidence_interval":{"confidence_level":0.95,"lower_bound":1.769163150401567,"upper_bound":1.7836701571224427},"point_estimate":1.7753824475462026,"standard_error":0.003736744257304862},"StdDev":{"confidence_interval":{"confidence_level":0.95,"lower_bound":0.019790380133320542,"upper_bound":0.032483984642272486},"point_estimate":0.025770852221509943,"standard_error":0.0034481727290914025}}