{"Mean":{"confidence_interval":{"confidence_level":0.95,"lower_bound":11.250771247041174,"upper_bound":11.297827202007229},"point_estimate":11.273485073777215,"standard_error":0.012005589378538664},"Median":{"confidence_interval":{"confidence_level":0.95,"lower_bound":11.212261137315052,"upper_bound":11.271604780450568},"point_estimate":11.229548756755479,"standard_error":0.013453672857036072},"MedianAbsDev":{"confidence_interval":{"confidence_level":0.95,"lower_bound":0.06004791567180736,"upper_bound":0.10752910289462408},"point_estimate":0.075885392887599,"standard_error":0.011509048158955605},"Slope":{"confidence_interval":{"confidence_level":0.95,"lower_bound":11.262377931761407,"upper_bound":11.322590211041199},"point_estimate":11.292242361298502,"standard_error":0.015416287077763309},"StdDev":{"confidence_interval":{"confidence_level":0.95,"lower_bound":0.09616629858525916,"upper_bound":0.1405511076781935},"point_estimate":0.12033931465546893,"standard_error":0.01136494880998466}}