{"Mean":{"confidence_interval":{"confidence_level":0.95,"lower_bound":11.355553805419047,"upper_bound":11.48285306352059},"point_estimate":11.418063922505251,"standard_error":0.03247170790190787},"Median":{"confidence_interval":{"confidence_level":0.95,"lower_bound":11.194096230090915,"upper_bound":11.252576421914723},"point_estimate":11.210491441431076,"standard_error":0.017554116199239148},"MedianAbsDev":{"confidence_interval":{"confidence_level":0.95,"lower_bound":0.03870497563081827,"upper_bound":0.1265769810887236},"point_estimate":0.06398950136093762,"standard_error":0.025490595422203246},"Slope":{"confidence_interval":{"confidence_level":0.95,"lower_bound":11.492170918367105,"upper_bound":11.67435444452547},"point_estimate":11.587602428821857,"standard_error":0.04654853504204865},"StdDev":{"confidence_interval":{"confidence_level":0.95,"lower_bound":0.2924865239552739,"upper_bound":0.35008612513394505},"point_estimate":0.32759220514233084,"standard_error":0.014764322958707318}}