{"Mean":{"confidence_interval":{"confidence_level":0.95,"lower_bound":0.8934023143268299,"upper_bound":0.8999629484772929},"point_estimate":0.8963036530581833,"standard_error":0.0016848776096480666},"Median":{"confidence_interval":{"confidence_level":0.95,"lower_bound":0.8910224053099596,"upper_bound":0.8923760597118785},"point_estimate":0.891490528195539,"standard_error":0.00034554026843268507},"MedianAbsDev":{"confidence_interval":{"confidence_level":0.95,"lower_bound":0.0019386177530982367,"upper_bound":0.003772372086037854},"point_estimate":0.0025793091713381326,"standard_error":0.0004732540823697026},"Slope":{"confidence_interval":{"confidence_level":0.95,"lower_bound":0.8905740207611957,"upper_bound":0.8916020547487771},"point_estimate":0.8910476585542612,"standard_error":0.0002634726871765365},"StdDev":{"confidence_interval":{"confidence_level":0.95,"lower_bound":0.006905006336548406,"upper_bound":0.024509653536691864},"point_estimate":0.016956108538818838,"standard_error":0.004470283339336569}}