{"mean":{"confidence_interval":{"confidence_level":0.95,"lower_bound":95.77584256681588,"upper_bound":97.62639714823034},"point_estimate":96.68489600005256,"standard_error":0.4737341743271886},"median":{"confidence_interval":{"confidence_level":0.95,"lower_bound":98.02311908209796,"upper_bound":98.5174569092879},"point_estimate":98.33181340639727,"standard_error":0.14118287077526087},"median_abs_dev":{"confidence_interval":{"confidence_level":0.95,"lower_bound":0.7757802117126942,"upper_bound":3.363562860375194},"point_estimate":1.2100999055809625,"standard_error":0.6903117915960598},"slope":{"confidence_interval":{"confidence_level":0.95,"lower_bound":92.68772027880198,"upper_bound":94.65607720782566},"point_estimate":93.60218763222679,"standard_error":0.5009071083890183},"std_dev":{"confidence_interval":{"confidence_level":0.95,"lower_bound":3.863575249412985,"upper_bound":5.863306659541464},"point_estimate":4.7772844191157695,"standard_error":0.5300053276884763}}