{"Mean":{"confidence_interval":{"confidence_level":0.95,"lower_bound":9.117235064397718,"upper_bound":9.379254657013217},"point_estimate":9.232527639550128,"standard_error":0.06569275991345645},"Median":{"confidence_interval":{"confidence_level":0.95,"lower_bound":9.093318448689324,"upper_bound":9.102836208936756},"point_estimate":9.09836987781753,"standard_error":0.002579274578597433},"MedianAbsDev":{"confidence_interval":{"confidence_level":0.95,"lower_bound":0.01424602198240138,"upper_bound":0.02566527521746426},"point_estimate":0.019910291622509554,"standard_error":0.0030582531063340253},"Slope":{"confidence_interval":{"confidence_level":0.95,"lower_bound":9.088573092054055,"upper_bound":9.094037164946831},"point_estimate":9.09108774258363,"standard_error":0.001399568714430467},"StdDev":{"confidence_interval":{"confidence_level":0.95,"lower_bound":0.08677035572939547,"upper_bound":0.9748418372210476},"point_estimate":0.6612948375567292,"standard_error":0.20312625482613336}}