{"Mean":{"confidence_interval":{"confidence_level":0.95,"lower_bound":132.4668926455101,"upper_bound":133.10129602465204},"point_estimate":132.76159829658553,"standard_error":0.16298883131310926},"Median":{"confidence_interval":{"confidence_level":0.95,"lower_bound":132.16176033303597,"upper_bound":132.1685006518905},"point_estimate":132.16511516731856,"standard_error":0.0018335455598186834},"MedianAbsDev":{"confidence_interval":{"confidence_level":0.95,"lower_bound":0.008679105452187554,"upper_bound":0.018473192157519646},"point_estimate":0.013487597719363052,"standard_error":0.002533964181638099},"Slope":{"confidence_interval":{"confidence_level":0.95,"lower_bound":132.4471035078512,"upper_bound":133.1409802221794},"point_estimate":132.76783337883498,"standard_error":0.17820498635321902},"StdDev":{"confidence_interval":{"confidence_level":0.95,"lower_bound":1.050228931290704,"upper_bound":2.130395629103291},"point_estimate":1.6348926761498157,"standard_error":0.27572633934498847}}