{"mean":{"confidence_interval":{"confidence_level":0.95,"lower_bound":8.39084759116063,"upper_bound":8.442278684528281},"point_estimate":8.413093666041322,"standard_error":0.01331710270131914},"median":{"confidence_interval":{"confidence_level":0.95,"lower_bound":8.372435836417054,"upper_bound":8.380333797505164},"point_estimate":8.376916380070277,"standard_error":0.0022155955072835527},"median_abs_dev":{"confidence_interval":{"confidence_level":0.95,"lower_bound":0.012306775388996188,"upper_bound":0.0258582885037952},"point_estimate":0.02098961011832191,"standard_error":0.003603410359622439},"slope":{"confidence_interval":{"confidence_level":0.95,"lower_bound":8.367729831731591,"upper_bound":8.372907496724292},"point_estimate":8.370103523047586,"standard_error":0.0013227827147235627},"std_dev":{"confidence_interval":{"confidence_level":0.95,"lower_bound":0.049500111042366415,"upper_bound":0.20400557451703744},"point_estimate":0.13358467322498424,"standard_error":0.041056451826838265}}