{"Mean":{"confidence_interval":{"confidence_level":0.95,"lower_bound":4.895361104363005,"upper_bound":4.924095539546595},"point_estimate":4.908008649961284,"standard_error":0.007395748462472369},"Median":{"confidence_interval":{"confidence_level":0.95,"lower_bound":4.885071363929102,"upper_bound":4.891349419642065},"point_estimate":4.887182208508758,"standard_error":0.001379180614282711},"MedianAbsDev":{"confidence_interval":{"confidence_level":0.95,"lower_bound":0.010903399320174215,"upper_bound":0.019572996478070787},"point_estimate":0.013518285175687905,"standard_error":0.0022393354919527505},"Slope":{"confidence_interval":{"confidence_level":0.95,"lower_bound":4.881730505024663,"upper_bound":4.892599695111657},"point_estimate":4.886748641245394,"standard_error":0.002783594501670553},"StdDev":{"confidence_interval":{"confidence_level":0.95,"lower_bound":0.03341306099254182,"upper_bound":0.10977535674856645},"point_estimate":0.07408092073878482,"standard_error":0.02010742054525042}}