{"Mean":{"confidence_interval":{"confidence_level":0.95,"lower_bound":6.589785105308831,"upper_bound":6.708006952089465},"point_estimate":6.643379822408077,"standard_error":0.030359846827143273},"Median":{"confidence_interval":{"confidence_level":0.95,"lower_bound":6.559898577449948,"upper_bound":6.560513698630137},"point_estimate":6.56010908751343,"standard_error":0.00017211243650699877},"MedianAbsDev":{"confidence_interval":{"confidence_level":0.95,"lower_bound":0.000710267847503092,"upper_bound":0.0015723738792569645},"point_estimate":0.0009804401045966926,"standard_error":0.00022477395240355042},"Slope":{"confidence_interval":{"confidence_level":0.95,"lower_bound":6.582356481612712,"upper_bound":6.758523863188515},"point_estimate":6.661506272381481,"standard_error":0.04477127110092004},"StdDev":{"confidence_interval":{"confidence_level":0.95,"lower_bound":0.16271516497711333,"upper_bound":0.40649550216722175},"point_estimate":0.30467363158758576,"standard_error":0.06058072892333866}}