{"Mean":{"confidence_interval":{"confidence_level":0.95,"lower_bound":6.5711438602990375,"upper_bound":6.579797580637577},"point_estimate":6.574999551841496,"standard_error":0.0022107364151324692},"Median":{"confidence_interval":{"confidence_level":0.95,"lower_bound":6.5728896842604385,"upper_bound":6.573271500843171},"point_estimate":6.572983421995708,"standard_error":0.00009671815768878346},"MedianAbsDev":{"confidence_interval":{"confidence_level":0.95,"lower_bound":0.0006702754607194064,"upper_bound":0.0012203358181012288},"point_estimate":0.000881665142904505,"standard_error":0.0001487957741204089},"Slope":{"confidence_interval":{"confidence_level":0.95,"lower_bound":6.564384653867345,"upper_bound":6.574935540881287},"point_estimate":6.570020531639633,"standard_error":0.002676583182645657},"StdDev":{"confidence_interval":{"confidence_level":0.95,"lower_bound":0.008105586885706622,"upper_bound":0.03471002909180762},"point_estimate":0.022224570363139077,"standard_error":0.007143454684745574}}