{"Mean":{"confidence_interval":{"confidence_level":0.95,"lower_bound":2.6405315176958912,"upper_bound":2.6505942498503106},"point_estimate":2.6451751155462575,"standard_error":0.0025771972886714355},"Median":{"confidence_interval":{"confidence_level":0.95,"lower_bound":2.634682087620456,"upper_bound":2.638131890090761},"point_estimate":2.6359916630762674,"standard_error":0.0008265984820827592},"MedianAbsDev":{"confidence_interval":{"confidence_level":0.95,"lower_bound":0.003662094669371251,"upper_bound":0.007503333669890829},"point_estimate":0.00556379384358725,"standard_error":0.0009843860910492453},"Slope":{"confidence_interval":{"confidence_level":0.95,"lower_bound":2.639241016400582,"upper_bound":2.650286048129592},"point_estimate":2.6442713255377654,"standard_error":0.002831686428550547},"StdDev":{"confidence_interval":{"confidence_level":0.95,"lower_bound":0.01613495716902626,"upper_bound":0.03483612345513141},"point_estimate":0.025956969380264244,"standard_error":0.004834742190114174}}