{"Mean":{"confidence_interval":{"confidence_level":0.95,"lower_bound":2.7603727412692227,"upper_bound":2.784097443800644},"point_estimate":2.7720291422259162,"standard_error":0.006069213466406874},"Median":{"confidence_interval":{"confidence_level":0.95,"lower_bound":2.752333616157232,"upper_bound":2.7801435953700526},"point_estimate":2.763320998892362,"standard_error":0.006634772324845694},"MedianAbsDev":{"confidence_interval":{"confidence_level":0.95,"lower_bound":0.036912361870125136,"upper_bound":0.06846108576763611},"point_estimate":0.052475282427107056,"standard_error":0.008142475477365614},"Slope":{"confidence_interval":{"confidence_level":0.95,"lower_bound":2.7631489948845096,"upper_bound":2.7920919717019244},"point_estimate":2.777114811690702,"standard_error":0.007364602658351586},"StdDev":{"confidence_interval":{"confidence_level":0.95,"lower_bound":0.05049871047060055,"upper_bound":0.07032320982905327},"point_estimate":0.060923420248015024,"standard_error":0.005073944785135631}}