{"Mean":{"confidence_interval":{"confidence_level":0.95,"lower_bound":2.6392528780516114,"upper_bound":2.6514457919045618},"point_estimate":2.644570627432617,"standard_error":0.0031337641035005413},"Median":{"confidence_interval":{"confidence_level":0.95,"lower_bound":2.634586696520098,"upper_bound":2.63706195273315},"point_estimate":2.6356017084074574,"standard_error":0.0005487682650889425},"MedianAbsDev":{"confidence_interval":{"confidence_level":0.95,"lower_bound":0.002672096164721635,"upper_bound":0.006060547262655929},"point_estimate":0.0038938088064841276,"standard_error":0.000817269471412196},"Slope":{"confidence_interval":{"confidence_level":0.95,"lower_bound":2.638581082797996,"upper_bound":2.6491851728161997},"point_estimate":2.643361521340088,"standard_error":0.002717935262557355},"StdDev":{"confidence_interval":{"confidence_level":0.95,"lower_bound":0.01311570781225365,"upper_bound":0.04728725090474944},"point_estimate":0.0314692575149205,"standard_error":0.008954784731014976}}