{"Mean":{"confidence_interval":{"confidence_level":0.95,"lower_bound":50.538494601879925,"upper_bound":51.15277605463622},"point_estimate":50.80182840542876,"standard_error":0.15864940957301474},"Median":{"confidence_interval":{"confidence_level":0.95,"lower_bound":50.354404926692844,"upper_bound":50.44894309418088},"point_estimate":50.39092352923795,"standard_error":0.0264470186790428},"MedianAbsDev":{"confidence_interval":{"confidence_level":0.95,"lower_bound":0.09471812093427637,"upper_bound":0.1984525740473805},"point_estimate":0.14185157145911234,"standard_error":0.025902215009321487},"Slope":{"confidence_interval":{"confidence_level":0.95,"lower_bound":50.35456184510547,"upper_bound":50.40954099323005},"point_estimate":50.3802034214886,"standard_error":0.01399092263543837},"StdDev":{"confidence_interval":{"confidence_level":0.95,"lower_bound":0.5467152596892279,"upper_bound":2.45383779469574},"point_estimate":1.5898394305799086,"standard_error":0.5022111118519881}}