{"Mean":{"confidence_interval":{"confidence_level":0.95,"lower_bound":3.2668305955466237,"upper_bound":3.2901687914627287},"point_estimate":3.2774306523745254,"standard_error":0.0060133417438604725},"Median":{"confidence_interval":{"confidence_level":0.95,"lower_bound":3.2534326902643302,"upper_bound":3.257795066931335},"point_estimate":3.254761584172636,"standard_error":0.0013275724601201407},"MedianAbsDev":{"confidence_interval":{"confidence_level":0.95,"lower_bound":0.004299833966256215,"upper_bound":0.01121105211472262},"point_estimate":0.006597660226116355,"standard_error":0.001932481730941501},"Slope":{"confidence_interval":{"confidence_level":0.95,"lower_bound":3.253684863360477,"upper_bound":3.2605093718106986},"point_estimate":3.2565758291894977,"standard_error":0.001749566778600963},"StdDev":{"confidence_interval":{"confidence_level":0.95,"lower_bound":0.0328227157087809,"upper_bound":0.08463079500528123},"point_estimate":0.06034364806800903,"standard_error":0.013461257761541064}}