{"Mean":{"confidence_interval":{"confidence_level":0.95,"lower_bound":877.2091954251275,"upper_bound":880.0452574399283},"point_estimate":878.5071608316226,"standard_error":0.7273945211662153},"Median":{"confidence_interval":{"confidence_level":0.95,"lower_bound":876.2475409836065,"upper_bound":877.065618972999},"point_estimate":876.7317631964809,"standard_error":0.19167071352979406},"MedianAbsDev":{"confidence_interval":{"confidence_level":0.95,"lower_bound":1.235875706065416,"upper_bound":1.9008576464100968},"point_estimate":1.6211082905054923,"standard_error":0.1667258296502346},"Slope":{"confidence_interval":{"confidence_level":0.95,"lower_bound":876.7227373556973,"upper_bound":878.4796363467717},"point_estimate":877.5104841025759,"standard_error":0.4490993302982208},"StdDev":{"confidence_interval":{"confidence_level":0.95,"lower_bound":4.344950251947648,"upper_bound":9.868212090466459},"point_estimate":7.32623687284056,"standard_error":1.431901716727873}}