{"Mean":{"confidence_interval":{"confidence_level":0.95,"lower_bound":8.915119471459025,"upper_bound":8.981392666205677},"point_estimate":8.945112154651007,"standard_error":0.01701844164908486},"Median":{"confidence_interval":{"confidence_level":0.95,"lower_bound":8.876491155159641,"upper_bound":8.895654826846155},"point_estimate":8.884584453773986,"standard_error":0.005322029624500337},"MedianAbsDev":{"confidence_interval":{"confidence_level":0.95,"lower_bound":0.022184151137479412,"upper_bound":0.04685974387439625},"point_estimate":0.02996384875836067,"standard_error":0.006415441698124214},"Slope":{"confidence_interval":{"confidence_level":0.95,"lower_bound":8.888510491541062,"upper_bound":8.931918567961873},"point_estimate":8.908832242432936,"standard_error":0.011126856432295393},"StdDev":{"confidence_interval":{"confidence_level":0.95,"lower_bound":0.08880379315047,"upper_bound":0.23860069352967764},"point_estimate":0.17088466312855327,"standard_error":0.0384053868522614}}