{"Mean":{"confidence_interval":{"confidence_level":0.95,"lower_bound":2.7657292228798824,"upper_bound":2.7709007636414404},"point_estimate":2.767899111542814,"standard_error":0.0013361712959839447},"Median":{"confidence_interval":{"confidence_level":0.95,"lower_bound":2.7643708526497592,"upper_bound":2.766013551633646},"point_estimate":2.7653797391813857,"standard_error":0.0003991026239878095},"MedianAbsDev":{"confidence_interval":{"confidence_level":0.95,"lower_bound":0.001905631777924998,"upper_bound":0.0032771933089028563},"point_estimate":0.0025557944215360037,"standard_error":0.0003376651926948896},"Slope":{"confidence_interval":{"confidence_level":0.95,"lower_bound":2.765402636263075,"upper_bound":2.767165870130784},"point_estimate":2.7661800766761977,"standard_error":0.00045408922911373083},"StdDev":{"confidence_interval":{"confidence_level":0.95,"lower_bound":0.0036095781889419714,"upper_bound":0.021194376124231685},"point_estimate":0.013424718947211988,"standard_error":0.00471082642018961}}