{"Mean":{"confidence_interval":{"confidence_level":0.95,"lower_bound":7.741295647480605,"upper_bound":7.920105049043366},"point_estimate":7.805538899473822,"standard_error":0.051684608842808025},"Median":{"confidence_interval":{"confidence_level":0.95,"lower_bound":7.732500811257301,"upper_bound":7.7328872138300415},"point_estimate":7.732674653321386,"standard_error":0.00010091108340310053},"MedianAbsDev":{"confidence_interval":{"confidence_level":0.95,"lower_bound":0.0003482448303189851,"upper_bound":0.000868760892631624},"point_estimate":0.0005569728499348984,"standard_error":0.00012950226725127025},"Slope":{"confidence_interval":{"confidence_level":0.95,"lower_bound":7.735786533483309,"upper_bound":7.755127452797435},"point_estimate":7.743995355358228,"standard_error":0.004985535900973159},"StdDev":{"confidence_interval":{"confidence_level":0.95,"lower_bound":0.035009414429067964,"upper_bound":0.8837782760190477},"point_estimate":0.5201322232282647,"standard_error":0.28411882493797935}}