{"Mean":{"confidence_interval":{"confidence_level":0.95,"lower_bound":411.16084053778417,"upper_bound":414.5041488971661},"point_estimate":412.6341401206035,"standard_error":0.8609018052598612},"Median":{"confidence_interval":{"confidence_level":0.95,"lower_bound":409.8164930337643,"upper_bound":411.1113813229572},"point_estimate":410.3843076717434,"standard_error":0.3523259533433301},"MedianAbsDev":{"confidence_interval":{"confidence_level":0.95,"lower_bound":1.722301231527713,"upper_bound":2.839266832069592},"point_estimate":2.180087083459858,"standard_error":0.29209128607097384},"Slope":{"confidence_interval":{"confidence_level":0.95,"lower_bound":409.3288980186345,"upper_bound":410.0443704435315},"point_estimate":409.65848298559706,"standard_error":0.1827414267886372},"StdDev":{"confidence_interval":{"confidence_level":0.95,"lower_bound":3.5854999445058815,"upper_bound":12.448583174409997},"point_estimate":8.622934573395348,"standard_error":2.2378108277214888}}