{"Mean":{"confidence_interval":{"confidence_level":0.95,"lower_bound":4.116190986554834,"upper_bound":4.162898872455962},"point_estimate":4.1372020784434795,"standard_error":0.011991506067912085},"Median":{"confidence_interval":{"confidence_level":0.95,"lower_bound":4.0911137357286425,"upper_bound":4.101046444106513},"point_estimate":4.096376969292162,"standard_error":0.0026270901984692453},"MedianAbsDev":{"confidence_interval":{"confidence_level":0.95,"lower_bound":0.011452977496101278,"upper_bound":0.024305301895458566},"point_estimate":0.017923448010121423,"standard_error":0.003297399673026293},"Slope":{"confidence_interval":{"confidence_level":0.95,"lower_bound":4.097309813057317,"upper_bound":4.145520469065177},"point_estimate":4.118377419145646,"standard_error":0.012417171026519045},"StdDev":{"confidence_interval":{"confidence_level":0.95,"lower_bound":0.06532554025897287,"upper_bound":0.16973686136760952},"point_estimate":0.12045218437472117,"standard_error":0.027147947116256472}}