{"Mean":{"confidence_interval":{"confidence_level":0.95,"lower_bound":16.87470671148386,"upper_bound":16.905477868435185},"point_estimate":16.888971806129415,"standard_error":0.007879896435224059},"Median":{"confidence_interval":{"confidence_level":0.95,"lower_bound":16.864873993834756,"upper_bound":16.889884362267292},"point_estimate":16.875045797112563,"standard_error":0.006449408720835902},"MedianAbsDev":{"confidence_interval":{"confidence_level":0.95,"lower_bound":0.03904601149504932,"upper_bound":0.05689048800630615},"point_estimate":0.051595128403812085,"standard_error":0.004797316135827409},"Slope":{"confidence_interval":{"confidence_level":0.95,"lower_bound":16.86677355303527,"upper_bound":16.887388257699723},"point_estimate":16.87695636494106,"standard_error":0.005248595620319293},"StdDev":{"confidence_interval":{"confidence_level":0.95,"lower_bound":0.04834293832342266,"upper_bound":0.1097736599086017},"point_estimate":0.07922350042990861,"standard_error":0.01626375593073997}}