{"Mean":{"confidence_interval":{"confidence_level":0.95,"lower_bound":5.512003053411031,"upper_bound":5.543302433416009},"point_estimate":5.525339024258573,"standard_error":0.008084769531331885},"Median":{"confidence_interval":{"confidence_level":0.95,"lower_bound":5.500101343971379,"upper_bound":5.506667502024705},"point_estimate":5.503632540956597,"standard_error":0.001450818722372251},"MedianAbsDev":{"confidence_interval":{"confidence_level":0.95,"lower_bound":0.0067641120862667195,"upper_bound":0.014648103328191196},"point_estimate":0.0103363676437764,"standard_error":0.001869150649441032},"Slope":{"confidence_interval":{"confidence_level":0.95,"lower_bound":5.498331053772312,"upper_bound":5.500607116727362},"point_estimate":5.499357095521797,"standard_error":0.0005787202868871734},"StdDev":{"confidence_interval":{"confidence_level":0.95,"lower_bound":0.029665722715796258,"upper_bound":0.1260028878461476},"point_estimate":0.08117651365924748,"standard_error":0.02656579497332137}}