{"Mean":{"confidence_interval":{"confidence_level":0.95,"lower_bound":2.5805607928366174,"upper_bound":2.5987253530646126},"point_estimate":2.5880849079970893,"standard_error":0.004747550972544793},"Median":{"confidence_interval":{"confidence_level":0.95,"lower_bound":2.5765096261388374,"upper_bound":2.578678306301491},"point_estimate":2.577325431289341,"standard_error":0.0005709536432072185},"MedianAbsDev":{"confidence_interval":{"confidence_level":0.95,"lower_bound":0.0030880086422282634,"upper_bound":0.006014687166127442},"point_estimate":0.004188070646729559,"standard_error":0.0007437449401469387},"Slope":{"confidence_interval":{"confidence_level":0.95,"lower_bound":2.578959712529991,"upper_bound":2.6144671695543944},"point_estimate":2.5907304906794715,"standard_error":0.010384859737655301},"StdDev":{"confidence_interval":{"confidence_level":0.95,"lower_bound":0.01059263967910244,"upper_bound":0.07663394460271297},"point_estimate":0.04794872943928825,"standard_error":0.018177711774494728}}