{"Mean":{"confidence_interval":{"confidence_level":0.95,"lower_bound":53.4129455497205,"upper_bound":53.728730858816036},"point_estimate":53.5459259298305,"standard_error":0.0818287813340353},"Median":{"confidence_interval":{"confidence_level":0.95,"lower_bound":53.30020297690085,"upper_bound":53.37039764359352},"point_estimate":53.322753178072624,"standard_error":0.018372039670906542},"MedianAbsDev":{"confidence_interval":{"confidence_level":0.95,"lower_bound":0.07252874841636972,"upper_bound":0.1537889272609464},"point_estimate":0.106808547755721,"standard_error":0.02023536572415577},"Slope":{"confidence_interval":{"confidence_level":0.95,"lower_bound":53.2773595989873,"upper_bound":53.30680657050496},"point_estimate":53.29064616274859,"standard_error":0.007515612882653828},"StdDev":{"confidence_interval":{"confidence_level":0.95,"lower_bound":0.28539347293414985,"upper_bound":1.2866847607994836},"point_estimate":0.818760289868244,"standard_error":0.28132192845540793}}