{"Mean":{"confidence_interval":{"confidence_level":0.95,"lower_bound":15.761708913442714,"upper_bound":16.140128332732612},"point_estimate":15.897715500850405,"standard_error":0.11257021457834679},"Median":{"confidence_interval":{"confidence_level":0.95,"lower_bound":15.8675625,"upper_bound":15.874204081632653},"point_estimate":15.870472327672328,"standard_error":0.002076750900223209},"MedianAbsDev":{"confidence_interval":{"confidence_level":0.95,"lower_bound":0.00841755596340893,"upper_bound":0.035603211974693266},"point_estimate":0.016253693763269895,"standard_error":0.011597954814846892},"Slope":{"confidence_interval":{"confidence_level":0.95,"lower_bound":15.720564976201496,"upper_bound":15.814903289634762},"point_estimate":15.767632676222846,"standard_error":0.02404494151034879},"StdDev":{"confidence_interval":{"confidence_level":0.95,"lower_bound":0.14497483749865747,"upper_bound":1.9287475796539852},"point_estimate":1.1302120254360433,"standard_error":0.6365307458683312}}