{"Mean":{"confidence_interval":{"confidence_level":0.95,"lower_bound":2.3552894112852774,"upper_bound":2.3639308318408405},"point_estimate":2.3589972623605195,"standard_error":0.002244533668753559},"Median":{"confidence_interval":{"confidence_level":0.95,"lower_bound":2.3526541595386345,"upper_bound":2.3546979675297326},"point_estimate":2.3536285298793405,"standard_error":0.0005219726729976264},"MedianAbsDev":{"confidence_interval":{"confidence_level":0.95,"lower_bound":0.003334806702815492,"upper_bound":0.0064534799481178705},"point_estimate":0.004486389808062813,"standard_error":0.000858772780768102},"Slope":{"confidence_interval":{"confidence_level":0.95,"lower_bound":2.3541395925258577,"upper_bound":2.3578530947488354},"point_estimate":2.3558796679540497,"standard_error":0.0009520271406288447},"StdDev":{"confidence_interval":{"confidence_level":0.95,"lower_bound":0.007230287147436941,"upper_bound":0.03420518604743523},"point_estimate":0.022572632463344563,"standard_error":0.007258244871862937}}