{"Mean":{"confidence_interval":{"confidence_level":0.95,"lower_bound":4.528718916396754,"upper_bound":4.534813307315747},"point_estimate":4.530999408108284,"standard_error":0.0016789533504919093},"Median":{"confidence_interval":{"confidence_level":0.95,"lower_bound":4.5277306390209615,"upper_bound":4.528939011040988},"point_estimate":4.528264392653187,"standard_error":0.00033337991687706724},"MedianAbsDev":{"confidence_interval":{"confidence_level":0.95,"lower_bound":0.001437587763033202,"upper_bound":0.0022801442523807873},"point_estimate":0.001972743899927587,"standard_error":0.00021927549987607524},"Slope":{"confidence_interval":{"confidence_level":0.95,"lower_bound":4.5291611837593715,"upper_bound":4.531797713309351},"point_estimate":4.5304008681079955,"standard_error":0.0006736346378504624},"StdDev":{"confidence_interval":{"confidence_level":0.95,"lower_bound":0.003111461637152174,"upper_bound":0.028350912967804773},"point_estimate":0.016898473624443827,"standard_error":0.008445670161613246}}