{"mean":{"confidence_interval":{"confidence_level":0.95,"lower_bound":3.1194308084222913,"upper_bound":3.138851791255604},"point_estimate":3.1279707637411973,"standard_error":0.005000800970980699},"median":{"confidence_interval":{"confidence_level":0.95,"lower_bound":3.1114273688216065,"upper_bound":3.114910486021143},"point_estimate":3.112727543287601,"standard_error":0.0009606148920869993},"median_abs_dev":{"confidence_interval":{"confidence_level":0.95,"lower_bound":0.00568135717746933,"upper_bound":0.012696600721619196},"point_estimate":0.009593550104261767,"standard_error":0.0019176903461489477},"slope":{"confidence_interval":{"confidence_level":0.95,"lower_bound":3.1097490877840666,"upper_bound":3.1177233591364972},"point_estimate":3.1131150667836494,"standard_error":0.002081771027573394},"std_dev":{"confidence_interval":{"confidence_level":0.95,"lower_bound":0.019363498827366373,"upper_bound":0.07449279954728177},"point_estimate":0.05020031258476076,"standard_error":0.01410495668152793}}