{"Mean":{"confidence_interval":{"confidence_level":0.95,"lower_bound":24.065805424004214,"upper_bound":24.229586908178987},"point_estimate":24.139153197117498,"standard_error":0.04210075853345705},"Median":{"confidence_interval":{"confidence_level":0.95,"lower_bound":23.993765337739415,"upper_bound":24.020871834770364},"point_estimate":24.00860667538892,"standard_error":0.007947552414064918},"MedianAbsDev":{"confidence_interval":{"confidence_level":0.95,"lower_bound":0.034508419053616735,"upper_bound":0.0719037968972407},"point_estimate":0.05681431560648886,"standard_error":0.010311272813032438},"Slope":{"confidence_interval":{"confidence_level":0.95,"lower_bound":23.988380725580626,"upper_bound":24.116967979003537},"point_estimate":24.038039746572338,"standard_error":0.03397579223057364},"StdDev":{"confidence_interval":{"confidence_level":0.95,"lower_bound":0.20113520680146707,"upper_bound":0.6014001288716265},"point_estimate":0.42489289819586934,"standard_error":0.1015809756122064}}