{"Mean":{"confidence_interval":{"confidence_level":0.95,"lower_bound":8.00880520069106,"upper_bound":8.472876427900786},"point_estimate":8.22960187386871,"standard_error":0.11888675642785995},"Median":{"confidence_interval":{"confidence_level":0.95,"lower_bound":7.725861347932203,"upper_bound":7.754804276387753},"point_estimate":7.74266376060427,"standard_error":0.0074463404060960674},"MedianAbsDev":{"confidence_interval":{"confidence_level":0.95,"lower_bound":0.037910116207717115,"upper_bound":0.07414231022462786},"point_estimate":0.05612529208242842,"standard_error":0.009691685180835692},"Slope":{"confidence_interval":{"confidence_level":0.95,"lower_bound":8.265247362369141,"upper_bound":9.156427320439256},"point_estimate":8.704873560659056,"standard_error":0.22762463371699798},"StdDev":{"confidence_interval":{"confidence_level":0.95,"lower_bound":0.8907492823164544,"upper_bound":1.4188477473400665},"point_estimate":1.193665269223339,"standard_error":0.1344629220069996}}