{"Mean":{"confidence_interval":{"confidence_level":0.95,"lower_bound":8.733972379428051,"upper_bound":9.382352013462459},"point_estimate":9.054179838994491,"standard_error":0.16499193320753786},"Median":{"confidence_interval":{"confidence_level":0.95,"lower_bound":7.747430727307221,"upper_bound":8.198314741035857},"point_estimate":7.799099174729653,"standard_error":0.21290043990965984},"MedianAbsDev":{"confidence_interval":{"confidence_level":0.95,"lower_bound":0.06978280141714989,"upper_bound":0.742457382443135},"point_estimate":0.15194866530096657,"standard_error":0.198932033686593},"Slope":{"confidence_interval":{"confidence_level":0.95,"lower_bound":8.922196827157117,"upper_bound":9.811587094808957},"point_estimate":9.35523676786279,"standard_error":0.22727165760978202},"StdDev":{"confidence_interval":{"confidence_level":0.95,"lower_bound":1.5393906002813684,"upper_bound":1.7229042403482144},"point_estimate":1.6622621937382382,"standard_error":0.04783417730800185}}