{"Mean":{"confidence_interval":{"confidence_level":0.95,"lower_bound":2.743262165123783,"upper_bound":2.756199120547583},"point_estimate":2.7489252795648746,"standard_error":0.003338764053573496},"Median":{"confidence_interval":{"confidence_level":0.95,"lower_bound":2.7383576047091163,"upper_bound":2.7386912336679012},"point_estimate":2.738507934323605,"standard_error":0.00009555172266335897},"MedianAbsDev":{"confidence_interval":{"confidence_level":0.95,"lower_bound":0.00041482700881318455,"upper_bound":0.0008413912529271958},"point_estimate":0.000566423138131377,"standard_error":0.00011234677014694398},"Slope":{"confidence_interval":{"confidence_level":0.95,"lower_bound":2.7389919577151316,"upper_bound":2.7409493756596515},"point_estimate":2.7398343688611355,"standard_error":0.0005033501092152627},"StdDev":{"confidence_interval":{"confidence_level":0.95,"lower_bound":0.012659743301528362,"upper_bound":0.04962026086315837},"point_estimate":0.033598742449481495,"standard_error":0.009728859327964348}}