{"Mean":{"confidence_interval":{"confidence_level":0.95,"lower_bound":732.1634297488336,"upper_bound":740.6229554201794},"point_estimate":735.9465259968291,"standard_error":2.1734563913239153},"Median":{"confidence_interval":{"confidence_level":0.95,"lower_bound":728.9978819335221,"upper_bound":731.4186307519641},"point_estimate":730.1508818127802,"standard_error":0.5999715569013364},"MedianAbsDev":{"confidence_interval":{"confidence_level":0.95,"lower_bound":4.059622075740762,"upper_bound":7.429865354541113},"point_estimate":5.597504396302011,"standard_error":0.8789346839532144},"Slope":{"confidence_interval":{"confidence_level":0.95,"lower_bound":728.3607229023972,"upper_bound":730.1593884254331},"point_estimate":729.2391918155819,"standard_error":0.45985672099290004},"StdDev":{"confidence_interval":{"confidence_level":0.95,"lower_bound":9.488627612873513,"upper_bound":31.02883588088023},"point_estimate":21.86469090299427,"standard_error":5.415937219972134}}