{"Mean":{"confidence_interval":{"confidence_level":0.95,"lower_bound":10.537457306375199,"upper_bound":10.603002687887521},"point_estimate":10.56587507589859,"standard_error":0.016887186731090464},"Median":{"confidence_interval":{"confidence_level":0.95,"lower_bound":10.515753308927064,"upper_bound":10.527524283345178},"point_estimate":10.522263736640134,"standard_error":0.0025727728776138185},"MedianAbsDev":{"confidence_interval":{"confidence_level":0.95,"lower_bound":0.018334392812929156,"upper_bound":0.03226569669338917},"point_estimate":0.02539425684631796,"standard_error":0.0036065402812365623},"Slope":{"confidence_interval":{"confidence_level":0.95,"lower_bound":10.509340805662237,"upper_bound":10.544927699051962},"point_estimate":10.522129905256381,"standard_error":0.009687671592739727},"StdDev":{"confidence_interval":{"confidence_level":0.95,"lower_bound":0.06999032958011696,"upper_bound":0.2583019241021719},"point_estimate":0.16982261957724243,"standard_error":0.05106651777431265}}