{"Mean":{"confidence_interval":{"confidence_level":0.95,"lower_bound":2.8286245467131224,"upper_bound":2.872564081886239},"point_estimate":2.844992839052683,"standard_error":0.012065578449068848},"Median":{"confidence_interval":{"confidence_level":0.95,"lower_bound":2.8225272638489503,"upper_bound":2.823212017234831},"point_estimate":2.822715964471622,"standard_error":0.00016413312253535663},"MedianAbsDev":{"confidence_interval":{"confidence_level":0.95,"lower_bound":0.001722240419897973,"upper_bound":0.003612659456836262},"point_estimate":0.002853129181556176,"standard_error":0.0003923470852713402},"Slope":{"confidence_interval":{"confidence_level":0.95,"lower_bound":2.8302835124408174,"upper_bound":2.8753752262684262},"point_estimate":2.8472522273172722,"standard_error":0.012027956400104543},"StdDev":{"confidence_interval":{"confidence_level":0.95,"lower_bound":0.01980514694954847,"upper_bound":0.20367447695661986},"point_estimate":0.12136738838615192,"standard_error":0.060559115686546094}}