{"Mean":{"confidence_interval":{"confidence_level":0.95,"lower_bound":2.018415741440393,"upper_bound":2.0232782166420655},"point_estimate":2.0205350341588657,"standard_error":0.001251562586881727},"Median":{"confidence_interval":{"confidence_level":0.95,"lower_bound":2.0174248397859427,"upper_bound":2.0181208703876963},"point_estimate":2.0176997524943587,"standard_error":0.00017037562611416128},"MedianAbsDev":{"confidence_interval":{"confidence_level":0.95,"lower_bound":0.0013377922929555164,"upper_bound":0.0023790342507096908},"point_estimate":0.0017187691836354512,"standard_error":0.00026269660635759714},"Slope":{"confidence_interval":{"confidence_level":0.95,"lower_bound":2.017957206442145,"upper_bound":2.0187641497009987},"point_estimate":2.0183447200112004,"standard_error":0.00020525925171991838},"StdDev":{"confidence_interval":{"confidence_level":0.95,"lower_bound":0.003018440322931339,"upper_bound":0.018599834310279312},"point_estimate":0.012594175373105247,"standard_error":0.0037257901582180915}}