{"Mean":{"confidence_interval":{"confidence_level":0.95,"lower_bound":4.339740204034355,"upper_bound":4.393306288433727},"point_estimate":4.362422228845312,"standard_error":0.013901829148672324},"Median":{"confidence_interval":{"confidence_level":0.95,"lower_bound":4.330106841206853,"upper_bound":4.333151453404867},"point_estimate":4.331268281452822,"standard_error":0.0008276102603906053},"MedianAbsDev":{"confidence_interval":{"confidence_level":0.95,"lower_bound":0.003705710867009063,"upper_bound":0.008107551195765046},"point_estimate":0.005662957074713217,"standard_error":0.0011499464692954393},"Slope":{"confidence_interval":{"confidence_level":0.95,"lower_bound":4.337623442461684,"upper_bound":4.384067938884273},"point_estimate":4.356878720657039,"standard_error":0.0120085437997387},"StdDev":{"confidence_interval":{"confidence_level":0.95,"lower_bound":0.02762858333599147,"upper_bound":0.21402977078787594},"point_estimate":0.13929616928570188,"standard_error":0.048405698484779186}}