{"mean":{"confidence_interval":{"confidence_level":0.95,"lower_bound":3.412983664487383,"upper_bound":3.4323955244129634},"point_estimate":3.4213318770332477,"standard_error":0.005028649023795374},"median":{"confidence_interval":{"confidence_level":0.95,"lower_bound":3.404654422320014,"upper_bound":3.4105876384402656},"point_estimate":3.407915734247161,"standard_error":0.0014982185688905746},"median_abs_dev":{"confidence_interval":{"confidence_level":0.95,"lower_bound":0.005951609940309783,"upper_bound":0.012494105941870936},"point_estimate":0.0090151693676404,"standard_error":0.0017003005076371243},"slope":{"confidence_interval":{"confidence_level":0.95,"lower_bound":3.403880210119767,"upper_bound":3.406902779387571},"point_estimate":3.405255239959665,"standard_error":0.0007744900444714144},"std_dev":{"confidence_interval":{"confidence_level":0.95,"lower_bound":0.01956797563611119,"upper_bound":0.07812045218605895},"point_estimate":0.05059806746442461,"standard_error":0.016238556953168493}}