{"Mean":{"confidence_interval":{"confidence_level":0.95,"lower_bound":5.931615364223663,"upper_bound":5.950684455306027},"point_estimate":5.939508308928269,"standard_error":0.004953664305131352},"Median":{"confidence_interval":{"confidence_level":0.95,"lower_bound":5.927168028605731,"upper_bound":5.932777689462192},"point_estimate":5.929481938093835,"standard_error":0.0013561211011809183},"MedianAbsDev":{"confidence_interval":{"confidence_level":0.95,"lower_bound":0.008680377821564144,"upper_bound":0.014275720213823315},"point_estimate":0.011990192815104102,"standard_error":0.0015096216899645916},"Slope":{"confidence_interval":{"confidence_level":0.95,"lower_bound":5.931083020910172,"upper_bound":5.936783437149536},"point_estimate":5.933860650044433,"standard_error":0.0014572999239969872},"StdDev":{"confidence_interval":{"confidence_level":0.95,"lower_bound":0.01224080701995837,"upper_bound":0.07891512603521003},"point_estimate":0.049762246327976906,"standard_error":0.018272546559055317}}