{"Mean":{"confidence_interval":{"confidence_level":0.95,"lower_bound":5.983949633848413,"upper_bound":6.010960766779359},"point_estimate":5.996957421867556,"standard_error":0.006885251133293899},"Median":{"confidence_interval":{"confidence_level":0.95,"lower_bound":5.967494367695698,"upper_bound":5.984412739025774},"point_estimate":5.974358859012504,"standard_error":0.004113690497220187},"MedianAbsDev":{"confidence_interval":{"confidence_level":0.95,"lower_bound":0.030675179463220834,"upper_bound":0.05233162056931309},"point_estimate":0.041770865097046354,"standard_error":0.005871903371663324},"Slope":{"confidence_interval":{"confidence_level":0.95,"lower_bound":5.976732458118408,"upper_bound":6.00131737577327},"point_estimate":5.988530445246802,"standard_error":0.0062797112330218036},"StdDev":{"confidence_interval":{"confidence_level":0.95,"lower_bound":0.05489049858722139,"upper_bound":0.08077713319396662},"point_estimate":0.06901808218363219,"standard_error":0.006605837604308322}}