{"Mean":{"confidence_interval":{"confidence_level":0.95,"lower_bound":8.952689078841084,"upper_bound":8.980054076132285},"point_estimate":8.964521407985929,"standard_error":0.007065740853962596},"Median":{"confidence_interval":{"confidence_level":0.95,"lower_bound":8.942170964500598,"upper_bound":8.949371753590723},"point_estimate":8.945264821091111,"standard_error":0.0016480852513079743},"MedianAbsDev":{"confidence_interval":{"confidence_level":0.95,"lower_bound":0.006798107210491223,"upper_bound":0.015241628113693754},"point_estimate":0.010279049739001914,"standard_error":0.0019728187462581597},"Slope":{"confidence_interval":{"confidence_level":0.95,"lower_bound":8.949604837857768,"upper_bound":8.960848041559448},"point_estimate":8.954839688920028,"standard_error":0.002882990087870938},"StdDev":{"confidence_interval":{"confidence_level":0.95,"lower_bound":0.025704672921997528,"upper_bound":0.1087776101929803},"point_estimate":0.07113253426033059,"standard_error":0.02198745178151861}}