{"Mean":{"confidence_interval":{"confidence_level":0.95,"lower_bound":5.930112602956666,"upper_bound":5.952047744282657},"point_estimate":5.939613535699692,"standard_error":0.005658406347029032},"Median":{"confidence_interval":{"confidence_level":0.95,"lower_bound":5.92102188729199,"upper_bound":5.926450018186427},"point_estimate":5.92397095675938,"standard_error":0.0014536327945324462},"MedianAbsDev":{"confidence_interval":{"confidence_level":0.95,"lower_bound":0.00482273955154752,"upper_bound":0.012226251460096394},"point_estimate":0.0083158347847869,"standard_error":0.002027789684308402},"Slope":{"confidence_interval":{"confidence_level":0.95,"lower_bound":5.9274490546620004,"upper_bound":5.93488496256147},"point_estimate":5.930939741051728,"standard_error":0.0019017677020512162},"StdDev":{"confidence_interval":{"confidence_level":0.95,"lower_bound":0.01857599288029196,"upper_bound":0.08494565317868566},"point_estimate":0.05686406901594692,"standard_error":0.017294014517186013}}