{"Mean":{"confidence_interval":{"confidence_level":0.95,"lower_bound":2.0135593996521535,"upper_bound":2.020760368073713},"point_estimate":2.016604883411401,"standard_error":0.0018741151174173527},"Median":{"confidence_interval":{"confidence_level":0.95,"lower_bound":2.0116111799808842,"upper_bound":2.0130665314279392},"point_estimate":2.012086098277414,"standard_error":0.00035947477753229466},"MedianAbsDev":{"confidence_interval":{"confidence_level":0.95,"lower_bound":0.002333167944214386,"upper_bound":0.00462426949879546},"point_estimate":0.0034920371040005464,"standard_error":0.0005866608332404345},"Slope":{"confidence_interval":{"confidence_level":0.95,"lower_bound":2.0130650471122156,"upper_bound":2.0154089966445263},"point_estimate":2.0141824064309164,"standard_error":0.0005978461060976013},"StdDev":{"confidence_interval":{"confidence_level":0.95,"lower_bound":0.005274868794990351,"upper_bound":0.029214040542532998},"point_estimate":0.018778114031167567,"standard_error":0.006433229465709625}}