{"Mean":{"confidence_interval":{"confidence_level":0.95,"lower_bound":2.5522723059942947,"upper_bound":2.570591718445418},"point_estimate":2.560429463874465,"standard_error":0.0046901229259646415},"Median":{"confidence_interval":{"confidence_level":0.95,"lower_bound":2.545257865544875,"upper_bound":2.549674748347125},"point_estimate":2.5474497825181848,"standard_error":0.0014350794118885874},"MedianAbsDev":{"confidence_interval":{"confidence_level":0.95,"lower_bound":0.005065667472107319,"upper_bound":0.010355059762157668},"point_estimate":0.007477993487918384,"standard_error":0.001622434758809332},"Slope":{"confidence_interval":{"confidence_level":0.95,"lower_bound":2.544559192025338,"upper_bound":2.5474193059372285},"point_estimate":2.5458882096716233,"standard_error":0.0007300708836161521},"StdDev":{"confidence_interval":{"confidence_level":0.95,"lower_bound":0.02173424071295631,"upper_bound":0.0672273264020077},"point_estimate":0.04715328099959343,"standard_error":0.011720135043376401}}