{"Mean":{"confidence_interval":{"confidence_level":0.95,"lower_bound":7.318326704920923,"upper_bound":7.381331046503904},"point_estimate":7.346840676082192,"standard_error":0.016188297171479675},"Median":{"confidence_interval":{"confidence_level":0.95,"lower_bound":7.28823171844729,"upper_bound":7.3001016866559265},"point_estimate":7.295402039731352,"standard_error":0.0031784378275638053},"MedianAbsDev":{"confidence_interval":{"confidence_level":0.95,"lower_bound":0.013700654010529301,"upper_bound":0.02776408166584244},"point_estimate":0.0207033684914771,"standard_error":0.003534008613498895},"Slope":{"confidence_interval":{"confidence_level":0.95,"lower_bound":7.2854515952243855,"upper_bound":7.335841773299564},"point_estimate":7.301690414488983,"standard_error":0.01448736774006683},"StdDev":{"confidence_interval":{"confidence_level":0.95,"lower_bound":0.0864622700665516,"upper_bound":0.22390407242406868},"point_estimate":0.16294355438797187,"standard_error":0.034938236707456265}}