{"Mean":{"confidence_interval":{"confidence_level":0.95,"lower_bound":4.851050067031865,"upper_bound":4.939259967430209},"point_estimate":4.889027294528725,"standard_error":0.022830342749594463},"Median":{"confidence_interval":{"confidence_level":0.95,"lower_bound":4.835168803033039,"upper_bound":4.836621166791324},"point_estimate":4.83597298841424,"standard_error":0.000369177680621815},"MedianAbsDev":{"confidence_interval":{"confidence_level":0.95,"lower_bound":0.002069157272441173,"upper_bound":0.003835244156829892},"point_estimate":0.0027254888747397185,"standard_error":0.00043901752844424815},"Slope":{"confidence_interval":{"confidence_level":0.95,"lower_bound":4.841233335868643,"upper_bound":4.891196124146264},"point_estimate":4.861439852471611,"standard_error":0.013018783771778368},"StdDev":{"confidence_interval":{"confidence_level":0.95,"lower_bound":0.0622232906007628,"upper_bound":0.3483608039231659},"point_estimate":0.22911822288439732,"standard_error":0.07271479874204716}}