{"Mean":{"confidence_interval":{"confidence_level":0.95,"lower_bound":3.0372534620730067,"upper_bound":3.065189830522963},"point_estimate":3.0480186350413963,"standard_error":0.007478038559076534},"Median":{"confidence_interval":{"confidence_level":0.95,"lower_bound":3.033054459352802,"upper_bound":3.0389261597825135},"point_estimate":3.0385302358960606,"standard_error":0.0025314107446725866},"MedianAbsDev":{"confidence_interval":{"confidence_level":0.95,"lower_bound":0.004632335432948435,"upper_bound":0.008979553585328209},"point_estimate":0.008222468984773993,"standard_error":0.0010634985177067886},"Slope":{"confidence_interval":{"confidence_level":0.95,"lower_bound":3.0376330142427275,"upper_bound":3.051525379133646},"point_estimate":3.044001071171684,"standard_error":0.003569932890712115},"StdDev":{"confidence_interval":{"confidence_level":0.95,"lower_bound":0.01888605094534189,"upper_bound":0.12429746045765028},"point_estimate":0.0751827843024814,"standard_error":0.0345798807148421}}