{"Mean":{"confidence_interval":{"confidence_level":0.95,"lower_bound":1.2136670727456609,"upper_bound":1.2721455787455422},"point_estimate":1.2417874011998393,"standard_error":0.014916073619460584},"Median":{"confidence_interval":{"confidence_level":0.95,"lower_bound":1.1638094746326932,"upper_bound":1.1674606688092164},"point_estimate":1.1649411357766881,"standard_error":0.0008691520564772533},"MedianAbsDev":{"confidence_interval":{"confidence_level":0.95,"lower_bound":0.0020474026446337078,"upper_bound":0.007245637314931377},"point_estimate":0.0037895829684887355,"standard_error":0.0012991937139262397},"Slope":{"confidence_interval":{"confidence_level":0.95,"lower_bound":1.1737705860110719,"upper_bound":1.220104799020947},"point_estimate":1.1939367498469982,"standard_error":0.011911813154681972},"StdDev":{"confidence_interval":{"confidence_level":0.95,"lower_bound":0.1213091679311391,"upper_bound":0.17114497993342365},"point_estimate":0.14994925046909136,"standard_error":0.012789277968865354}}