{"Mean":{"confidence_interval":{"confidence_level":0.95,"lower_bound":2.2347034581726217,"upper_bound":2.350526568957473},"point_estimate":2.2921652569771203,"standard_error":0.02956377627286528},"Median":{"confidence_interval":{"confidence_level":0.95,"lower_bound":2.0298048412688665,"upper_bound":2.621988501172556},"point_estimate":2.0427976149035763,"standard_error":0.1637340618331527},"MedianAbsDev":{"confidence_interval":{"confidence_level":0.95,"lower_bound":0.018103535750874238,"upper_bound":0.4046099266843132},"point_estimate":0.04685107430775558,"standard_error":0.11001982673112522},"Slope":{"confidence_interval":{"confidence_level":0.95,"lower_bound":2.3380541179189414,"upper_bound":2.484748550134405},"point_estimate":2.4132642771855957,"standard_error":0.03749278676061636},"StdDev":{"confidence_interval":{"confidence_level":0.95,"lower_bound":0.28312031923710024,"upper_bound":0.30214229257298447},"point_estimate":0.29673700480450904,"standard_error":0.004875158053090968}}