{"Mean":{"confidence_interval":{"confidence_level":0.95,"lower_bound":2.485772466763606,"upper_bound":2.510485044765336},"point_estimate":2.494773445169429,"standard_error":0.007126648004781105},"Median":{"confidence_interval":{"confidence_level":0.95,"lower_bound":2.482920781654491,"upper_bound":2.484186059622228},"point_estimate":2.483469160121855,"standard_error":0.00026235121337941225},"MedianAbsDev":{"confidence_interval":{"confidence_level":0.95,"lower_bound":0.001682410587394748,"upper_bound":0.0035350058389524244},"point_estimate":0.0024975034781201336,"standard_error":0.0004745118462014256},"Slope":{"confidence_interval":{"confidence_level":0.95,"lower_bound":2.4845405061691723,"upper_bound":2.48699585009866},"point_estimate":2.4856994969946102,"standard_error":0.0006263128631372021},"StdDev":{"confidence_interval":{"confidence_level":0.95,"lower_bound":0.00791618104673096,"upper_bound":0.12181458995667759},"point_estimate":0.0718326195130709,"standard_error":0.03874978899150039}}