{"Mean":{"confidence_interval":{"confidence_level":0.95,"lower_bound":14207.67837441763,"upper_bound":14323.010815883474},"point_estimate":14263.044558264557,"standard_error":29.423274967061122},"Median":{"confidence_interval":{"confidence_level":0.95,"lower_bound":14138.731677018633,"upper_bound":14210.118342083448},"point_estimate":14165.091655270357,"standard_error":17.21632988527899},"MedianAbsDev":{"confidence_interval":{"confidence_level":0.95,"lower_bound":144.92997516685858,"upper_bound":249.22696596716074},"point_estimate":183.79075116453717,"standard_error":25.027074881301253},"Slope":{"confidence_interval":{"confidence_level":0.95,"lower_bound":14273.47410304942,"upper_bound":14468.336242813148},"point_estimate":14368.465409698327,"standard_error":49.83411901731},"StdDev":{"confidence_interval":{"confidence_level":0.95,"lower_bound":227.095498703198,"upper_bound":355.12433251370845},"point_estimate":294.9670832770312,"standard_error":32.73022663676619}}