{"Mean":{"confidence_interval":{"confidence_level":0.95,"lower_bound":13595.539170185726,"upper_bound":13652.27630317611},"point_estimate":13621.994107516213,"standard_error":14.534973988958832},"Median":{"confidence_interval":{"confidence_level":0.95,"lower_bound":13564.70523483366,"upper_bound":13598.811694949907},"point_estimate":13569.316937995833,"standard_error":8.5399160074865},"MedianAbsDev":{"confidence_interval":{"confidence_level":0.95,"lower_bound":25.349723232636897,"upper_bound":68.85857369118786},"point_estimate":46.42786239585616,"standard_error":10.315828636250258},"Slope":{"confidence_interval":{"confidence_level":0.95,"lower_bound":13586.677501351594,"upper_bound":13617.050737102625},"point_estimate":13601.044195056185,"standard_error":7.783922550247315},"StdDev":{"confidence_interval":{"confidence_level":0.95,"lower_bound":91.46848597596893,"upper_bound":194.59460690526564},"point_estimate":146.00770053464612,"standard_error":26.669542648546496}}