{"Mean":{"confidence_interval":{"confidence_level":0.95,"lower_bound":15600.278306911105,"upper_bound":15687.15125474037},"point_estimate":15640.130213417457,"standard_error":22.201696264320823},"Median":{"confidence_interval":{"confidence_level":0.95,"lower_bound":15577.45263671875,"upper_bound":15601.258680555555},"point_estimate":15588.247884114582,"standard_error":6.145364965681291},"MedianAbsDev":{"confidence_interval":{"confidence_level":0.95,"lower_bound":28.377867409796437,"upper_bound":65.41739539951182},"point_estimate":41.09835630810693,"standard_error":9.540731418533612},"Slope":{"confidence_interval":{"confidence_level":0.95,"lower_bound":15610.344240435019,"upper_bound":15723.547799457217},"point_estimate":15657.073100293705,"standard_error":29.584478202523258},"StdDev":{"confidence_interval":{"confidence_level":0.95,"lower_bound":122.50159565281733,"upper_bound":300.97479281018155},"point_estimate":222.85055581487413,"standard_error":44.88160527122673}}