{"Mean":{"confidence_interval":{"confidence_level":0.95,"lower_bound":15024.973827780683,"upper_bound":15083.536199613209},"point_estimate":15051.705836845196,"standard_error":14.95414783947987},"Median":{"confidence_interval":{"confidence_level":0.95,"lower_bound":15020.833333333334,"upper_bound":15032.141417399806},"point_estimate":15025.420566318928,"standard_error":2.6808325756958116},"MedianAbsDev":{"confidence_interval":{"confidence_level":0.95,"lower_bound":23.351161120985633,"upper_bound":47.88974872245147},"point_estimate":31.730943336830936,"standard_error":6.381808672608125},"Slope":{"confidence_interval":{"confidence_level":0.95,"lower_bound":15041.424487062402,"upper_bound":15066.302499701465},"point_estimate":15053.449690252608,"standard_error":6.350339756374641},"StdDev":{"confidence_interval":{"confidence_level":0.95,"lower_bound":77.78989391783666,"upper_bound":211.3081185503215},"point_estimate":149.91156505076117,"standard_error":34.321718087554565}}