{"Mean":{"confidence_interval":{"confidence_level":0.95,"lower_bound":2.1331398151957175,"upper_bound":2.1429563670381255},"point_estimate":2.137568872475322,"standard_error":0.0025234082613494785},"Median":{"confidence_interval":{"confidence_level":0.95,"lower_bound":2.1304287918871254,"upper_bound":2.1306477079060087},"point_estimate":2.1305239003523653,"standard_error":0.00006838316172575642},"MedianAbsDev":{"confidence_interval":{"confidence_level":0.95,"lower_bound":0.00035805050094590537,"upper_bound":0.000691261713354975},"point_estimate":0.0005117932156420714,"standard_error":0.00008322151395492138},"Slope":{"confidence_interval":{"confidence_level":0.95,"lower_bound":2.135051402624462,"upper_bound":2.154125539632857},"point_estimate":2.143716390862167,"standard_error":0.004906359234640746},"StdDev":{"confidence_interval":{"confidence_level":0.95,"lower_bound":0.014001279939027214,"upper_bound":0.0339495819881139},"point_estimate":0.02532860913168593,"standard_error":0.005097403283570233}}