{"Mean":{"confidence_interval":{"confidence_level":0.95,"lower_bound":2.124608607361767,"upper_bound":2.148671309939524},"point_estimate":2.1359749442309863,"standard_error":0.006130292662269156},"Median":{"confidence_interval":{"confidence_level":0.95,"lower_bound":2.099343758726613,"upper_bound":2.1037532057763357},"point_estimate":2.099591165850958,"standard_error":0.0028927301643559065},"MedianAbsDev":{"confidence_interval":{"confidence_level":0.95,"lower_bound":0.0010818408233693546,"upper_bound":0.008208884407015473},"point_estimate":0.0017622144415497902,"standard_error":0.004249618704764459},"Slope":{"confidence_interval":{"confidence_level":0.95,"lower_bound":2.1254256648155305,"upper_bound":2.160282968597641},"point_estimate":2.1415957964441907,"standard_error":0.008907409834939144},"StdDev":{"confidence_interval":{"confidence_level":0.95,"lower_bound":0.04405705155011166,"upper_bound":0.07746740602871621},"point_estimate":0.061616309802631324,"standard_error":0.00856174564354323}}