{"Mean":{"confidence_interval":{"confidence_level":0.95,"lower_bound":2.1093602985091953,"upper_bound":2.192838954345252},"point_estimate":2.138894100711861,"standard_error":0.024883318933893565},"Median":{"confidence_interval":{"confidence_level":0.95,"lower_bound":2.1042646254784034,"upper_bound":2.1045226216511757},"point_estimate":2.1043632012787805,"standard_error":0.00006883004419491585},"MedianAbsDev":{"confidence_interval":{"confidence_level":0.95,"lower_bound":0.00037045555731164004,"upper_bound":0.0008193230775720104},"point_estimate":0.0005443562679416213,"standard_error":0.00011719880175765363},"Slope":{"confidence_interval":{"confidence_level":0.95,"lower_bound":2.10822248400051,"upper_bound":2.1276698229493056},"point_estimate":2.1162142640090047,"standard_error":0.005104075887980775},"StdDev":{"confidence_interval":{"confidence_level":0.95,"lower_bound":0.02056790882988672,"upper_bound":0.4267002701930654},"point_estimate":0.25031495937427845,"standard_error":0.141652363774975}}