{"mean":{"confidence_interval":{"confidence_level":0.95,"lower_bound":185.2558343141362,"upper_bound":185.77101461727514},"point_estimate":185.49273857903634,"standard_error":0.132051308404796},"median":{"confidence_interval":{"confidence_level":0.95,"lower_bound":185.0193029641553,"upper_bound":185.18397439446622},"point_estimate":185.0743880029127,"standard_error":0.04469688045694775},"median_abs_dev":{"confidence_interval":{"confidence_level":0.95,"lower_bound":0.2577828965092163,"upper_bound":0.4772974707199989},"point_estimate":0.3680566336335105,"standard_error":0.055298702174003796},"slope":{"confidence_interval":{"confidence_level":0.95,"lower_bound":185.03966598600098,"upper_bound":185.51393522115646},"point_estimate":185.23484014562712,"standard_error":0.12328555432774833},"std_dev":{"confidence_interval":{"confidence_level":0.95,"lower_bound":0.7872876973106224,"upper_bound":1.810563479988797},"point_estimate":1.3283207050696373,"standard_error":0.2642385775207041}}