{"Mean":{"confidence_interval":{"confidence_level":0.95,"lower_bound":2.978746220628173,"upper_bound":2.9945512726364787},"point_estimate":2.985947726951639,"standard_error":0.004047768004147417},"Median":{"confidence_interval":{"confidence_level":0.95,"lower_bound":2.9706783875982925,"upper_bound":2.973090573249577},"point_estimate":2.971546196473408,"standard_error":0.0006229367770028919},"MedianAbsDev":{"confidence_interval":{"confidence_level":0.95,"lower_bound":0.0029937076121522113,"upper_bound":0.00676644456177379},"point_estimate":0.004257490337850381,"standard_error":0.001045140434428229},"Slope":{"confidence_interval":{"confidence_level":0.95,"lower_bound":2.9739643233401165,"upper_bound":2.9860334858121194},"point_estimate":2.9792070892452647,"standard_error":0.003104314510588625},"StdDev":{"confidence_interval":{"confidence_level":0.95,"lower_bound":0.02455361621921278,"upper_bound":0.054669521481290714},"point_estimate":0.04074539215475497,"standard_error":0.007725083754697982}}