{"mean":{"confidence_interval":{"confidence_level":0.95,"lower_bound":8.584983374196204,"upper_bound":8.638777135711022},"point_estimate":8.608139780022718,"standard_error":0.013895103744282239},"median":{"confidence_interval":{"confidence_level":0.95,"lower_bound":8.5640369088812,"upper_bound":8.577319749511059},"point_estimate":8.568477827895864,"standard_error":0.003011357688011178},"median_abs_dev":{"confidence_interval":{"confidence_level":0.95,"lower_bound":0.011821753095286417,"upper_bound":0.02763330427907103},"point_estimate":0.016962112866715243,"standard_error":0.0035831102024106794},"slope":{"confidence_interval":{"confidence_level":0.95,"lower_bound":8.562111342164776,"upper_bound":8.574464574295853},"point_estimate":8.567286459400213,"standard_error":0.003206615038951748},"std_dev":{"confidence_interval":{"confidence_level":0.95,"lower_bound":0.04979591762747378,"upper_bound":0.21319031833648164},"point_estimate":0.13928827027995078,"standard_error":0.04278746044404705}}