{"Mean":{"confidence_interval":{"confidence_level":0.95,"lower_bound":5.603421394072732,"upper_bound":5.635468107188775},"point_estimate":5.617238368241113,"standard_error":0.008270932331324338},"Median":{"confidence_interval":{"confidence_level":0.95,"lower_bound":5.590815545527785,"upper_bound":5.597417524579037},"point_estimate":5.594643702959692,"standard_error":0.0017387652465293145},"MedianAbsDev":{"confidence_interval":{"confidence_level":0.95,"lower_bound":0.007798327232679002,"upper_bound":0.016266008079626002},"point_estimate":0.011808821010652185,"standard_error":0.002212396269502252},"Slope":{"confidence_interval":{"confidence_level":0.95,"lower_bound":5.5860183301724105,"upper_bound":5.592846597398104},"point_estimate":5.589584702818674,"standard_error":0.0017285006828038057},"StdDev":{"confidence_interval":{"confidence_level":0.95,"lower_bound":0.03423316633761958,"upper_bound":0.12825390220482644},"point_estimate":0.08334465836562854,"standard_error":0.02636150248843869}}