{"Mean":{"confidence_interval":{"confidence_level":0.95,"lower_bound":5.559243417031462,"upper_bound":5.591499248622367},"point_estimate":5.572914589122783,"standard_error":0.008370733640601438},"Median":{"confidence_interval":{"confidence_level":0.95,"lower_bound":5.546924469099394,"upper_bound":5.554487613766779},"point_estimate":5.5499030482873515,"standard_error":0.0019007073843449213},"MedianAbsDev":{"confidence_interval":{"confidence_level":0.95,"lower_bound":0.006763732546711246,"upper_bound":0.01553395144651188},"point_estimate":0.01046036488514254,"standard_error":0.002291871832959827},"Slope":{"confidence_interval":{"confidence_level":0.95,"lower_bound":5.545482521568022,"upper_bound":5.548392962821131},"point_estimate":5.546800525020843,"standard_error":0.0007446570151337199},"StdDev":{"confidence_interval":{"confidence_level":0.95,"lower_bound":0.02924662150203636,"upper_bound":0.13190325110627224},"point_estimate":0.0842049784681023,"standard_error":0.02904108322788952}}