{"Mean":{"confidence_interval":{"confidence_level":0.95,"lower_bound":4.704912551106515,"upper_bound":4.733541385645983},"point_estimate":4.717067658582455,"standard_error":0.0074194234149665295},"Median":{"confidence_interval":{"confidence_level":0.95,"lower_bound":4.69506479710545,"upper_bound":4.695834116983261},"point_estimate":4.695230421575165,"standard_error":0.0003339157456162942},"MedianAbsDev":{"confidence_interval":{"confidence_level":0.95,"lower_bound":0.0003013822014478981,"upper_bound":0.0015021307767371585},"point_estimate":0.000575684930518925,"standard_error":0.0004899686756910775},"Slope":{"confidence_interval":{"confidence_level":0.95,"lower_bound":4.701178736010337,"upper_bound":4.721055149714911},"point_estimate":4.709936866419555,"standard_error":0.005102789927253004},"StdDev":{"confidence_interval":{"confidence_level":0.95,"lower_bound":0.030512282218241316,"upper_bound":0.11578718844590428},"point_estimate":0.074710612413965,"standard_error":0.02524946732663573}}