{"Mean":{"confidence_interval":{"confidence_level":0.95,"lower_bound":11.028785128008073,"upper_bound":11.255367830109542},"point_estimate":11.130820959587885,"standard_error":0.058130931893211786},"Median":{"confidence_interval":{"confidence_level":0.95,"lower_bound":10.882797332658058,"upper_bound":10.892061281337046},"point_estimate":10.884052924791087,"standard_error":0.003688138410028883},"MedianAbsDev":{"confidence_interval":{"confidence_level":0.95,"lower_bound":0.0012448386546833527,"upper_bound":0.014938538583978115},"point_estimate":0.003038417724207908,"standard_error":0.005472600329992173},"Slope":{"confidence_interval":{"confidence_level":0.95,"lower_bound":10.987451304362006,"upper_bound":11.1538104798643},"point_estimate":11.062903192743088,"standard_error":0.04246214075355718},"StdDev":{"confidence_interval":{"confidence_level":0.95,"lower_bound":0.3089319689037894,"upper_bound":0.8279962518211589},"point_estimate":0.5853589731446268,"standard_error":0.13428025155007717}}