{"Mean":{"confidence_interval":{"confidence_level":0.95,"lower_bound":11.175403661256597,"upper_bound":11.24001754065283},"point_estimate":11.20273801795254,"standard_error":0.01677134151156094},"Median":{"confidence_interval":{"confidence_level":0.95,"lower_bound":11.150574831954158,"upper_bound":11.168054444671348},"point_estimate":11.157930242357448,"standard_error":0.004525817994037087},"MedianAbsDev":{"confidence_interval":{"confidence_level":0.95,"lower_bound":0.017059841108372196,"upper_bound":0.037723580289196354},"point_estimate":0.024836878100678333,"standard_error":0.005406104858077275},"Slope":{"confidence_interval":{"confidence_level":0.95,"lower_bound":11.146423748707747,"upper_bound":11.153725176479336},"point_estimate":11.149606486735948,"standard_error":0.0018687817672488954},"StdDev":{"confidence_interval":{"confidence_level":0.95,"lower_bound":0.057644794750153376,"upper_bound":0.2643118769255897},"point_estimate":0.16831317509579535,"standard_error":0.058335005780801474}}