{"Mean":{"confidence_interval":{"confidence_level":0.95,"lower_bound":3.547080056886752,"upper_bound":3.5711506975103835},"point_estimate":3.557778243940027,"standard_error":0.006201666430544408},"Median":{"confidence_interval":{"confidence_level":0.95,"lower_bound":3.5365863753472544,"upper_bound":3.54181882028001},"point_estimate":3.538436570725767,"standard_error":0.0013505882776518353},"MedianAbsDev":{"confidence_interval":{"confidence_level":0.95,"lower_bound":0.005027471755201702,"upper_bound":0.011028312344511593},"point_estimate":0.007555445481682683,"standard_error":0.0016462358864089892},"Slope":{"confidence_interval":{"confidence_level":0.95,"lower_bound":3.5355617479750148,"upper_bound":3.5507235154142465},"point_estimate":3.540779555241764,"standard_error":0.0042439280947687156},"StdDev":{"confidence_interval":{"confidence_level":0.95,"lower_bound":0.028795522855621317,"upper_bound":0.09058819624632303},"point_estimate":0.06248293078260412,"standard_error":0.015984866812134357}}