{"Mean":{"confidence_interval":{"confidence_level":0.95,"lower_bound":6.212145781286544,"upper_bound":6.252499633865133},"point_estimate":6.229868684978404,"standard_error":0.010366496344178848},"Median":{"confidence_interval":{"confidence_level":0.95,"lower_bound":6.191897961529094,"upper_bound":6.202184808146615},"point_estimate":6.197185528898384,"standard_error":0.002539854344806805},"MedianAbsDev":{"confidence_interval":{"confidence_level":0.95,"lower_bound":0.012806304734292302,"upper_bound":0.02703137892629161},"point_estimate":0.019763756264387367,"standard_error":0.003590165513281674},"Slope":{"confidence_interval":{"confidence_level":0.95,"lower_bound":6.1915557561917725,"upper_bound":6.201714320399314},"point_estimate":6.1960928156436035,"standard_error":0.0025986724251524386},"StdDev":{"confidence_interval":{"confidence_level":0.95,"lower_bound":0.049051264357623074,"upper_bound":0.15387816666925122},"point_estimate":0.10387640295617748,"standard_error":0.027999664977741926}}