{"Mean":{"confidence_interval":{"confidence_level":0.95,"lower_bound":2.9325116383867247,"upper_bound":3.0632002767816022},"point_estimate":2.9974690384103626,"standard_error":0.03334399194000999},"Median":{"confidence_interval":{"confidence_level":0.95,"lower_bound":2.676006438929884,"upper_bound":3.294391670934937},"point_estimate":3.2901573106746183,"standard_error":0.24958733262656188},"MedianAbsDev":{"confidence_interval":{"confidence_level":0.95,"lower_bound":0.021864248426137944,"upper_bound":0.52375541527886},"point_estimate":0.3213191849099721,"standard_error":0.15049050931286942},"Slope":{"confidence_interval":{"confidence_level":0.95,"lower_bound":2.822420906699088,"upper_bound":3.0002308793196693},"point_estimate":2.9090525511505416,"standard_error":0.04559320987794137},"StdDev":{"confidence_interval":{"confidence_level":0.95,"lower_bound":0.3220092174950836,"upper_bound":0.34860028813280736},"point_estimate":0.33653359999513116,"standard_error":0.006722303743866771}}