{"Mean":{"confidence_interval":{"confidence_level":0.95,"lower_bound":1.3549466977268312,"upper_bound":1.423942126261933},"point_estimate":1.3846513222307948,"standard_error":0.018400187424022548},"Median":{"confidence_interval":{"confidence_level":0.95,"lower_bound":1.3448019596003746,"upper_bound":1.349004186888693},"point_estimate":1.34644383118837,"standard_error":0.0016868978462610132},"MedianAbsDev":{"confidence_interval":{"confidence_level":0.95,"lower_bound":0.0038470562595581455,"upper_bound":0.0075405234263381405},"point_estimate":0.004461893305444649,"standard_error":0.0011881335848579594},"Slope":{"confidence_interval":{"confidence_level":0.95,"lower_bound":1.3501042153660308,"upper_bound":1.457695759279973},"point_estimate":1.39569800162012,"standard_error":0.027757890034997002},"StdDev":{"confidence_interval":{"confidence_level":0.95,"lower_bound":0.08951481771104021,"upper_bound":0.26193061347334856},"point_estimate":0.1851280914830345,"standard_error":0.0482719401549016}}