{"Mean":{"confidence_interval":{"confidence_level":0.95,"lower_bound":1.0533478840068435,"upper_bound":1.0559690998113318},"point_estimate":1.0545229669856508,"standard_error":0.000674517812896474},"Median":{"confidence_interval":{"confidence_level":0.95,"lower_bound":1.0523993928782902,"upper_bound":1.0530200849943097},"point_estimate":1.05260282791998,"standard_error":0.00016143287131957268},"MedianAbsDev":{"confidence_interval":{"confidence_level":0.95,"lower_bound":0.0012557818602460932,"upper_bound":0.0022167835679349755},"point_estimate":0.001677277269765168,"standard_error":0.00024769681523493435},"Slope":{"confidence_interval":{"confidence_level":0.95,"lower_bound":1.0526676694009143,"upper_bound":1.054020870562176},"point_estimate":1.0532922591586344,"standard_error":0.00034639439066666506},"StdDev":{"confidence_interval":{"confidence_level":0.95,"lower_bound":0.003042535710063335,"upper_bound":0.00947626480171144},"point_estimate":0.006772670636981403,"standard_error":0.001583039371553911}}