{"Mean":{"confidence_interval":{"confidence_level":0.95,"lower_bound":1.0511386024440788,"upper_bound":1.0540054115250963},"point_estimate":1.0524178561632365,"standard_error":0.0007365607977450858},"Median":{"confidence_interval":{"confidence_level":0.95,"lower_bound":1.049757673251358,"upper_bound":1.0509740434108465},"point_estimate":1.050298410878161,"standard_error":0.00030958235743277395},"MedianAbsDev":{"confidence_interval":{"confidence_level":0.95,"lower_bound":0.0015025730656693566,"upper_bound":0.003061586447873068},"point_estimate":0.0021789670833232628,"standard_error":0.00041972615957757445},"Slope":{"confidence_interval":{"confidence_level":0.95,"lower_bound":1.0503333864567441,"upper_bound":1.0512961431470587},"point_estimate":1.050798126798164,"standard_error":0.0002452360061254099},"StdDev":{"confidence_interval":{"confidence_level":0.95,"lower_bound":0.0038425664186112945,"upper_bound":0.01069511611370006},"point_estimate":0.00739621479936499,"standard_error":0.0018103038406632281}}