{"Mean":{"confidence_interval":{"confidence_level":0.95,"lower_bound":1.0527001305767638,"upper_bound":1.0550085500270374},"point_estimate":1.0537136516207806,"standard_error":0.000593555119344403},"Median":{"confidence_interval":{"confidence_level":0.95,"lower_bound":1.0519357350018026,"upper_bound":1.0524263931486717},"point_estimate":1.0520986171749642,"standard_error":0.00014711394916148578},"MedianAbsDev":{"confidence_interval":{"confidence_level":0.95,"lower_bound":0.00103527640256487,"upper_bound":0.0022254563795424025},"point_estimate":0.0015616237016558704,"standard_error":0.00031429172490581497},"Slope":{"confidence_interval":{"confidence_level":0.95,"lower_bound":1.0522612343485847,"upper_bound":1.0534697887030675},"point_estimate":1.0528335691116066,"standard_error":0.0003077805573587634},"StdDev":{"confidence_interval":{"confidence_level":0.95,"lower_bound":0.002839240265806564,"upper_bound":0.008986602607763076},"point_estimate":0.005978537662850145,"standard_error":0.0017353457608275966}}