{"Mean":{"confidence_interval":{"confidence_level":0.95,"lower_bound":126.4115652002475,"upper_bound":127.70255447338678},"point_estimate":126.98996785028514,"standard_error":0.3323802527419294},"Median":{"confidence_interval":{"confidence_level":0.95,"lower_bound":125.8280996638323,"upper_bound":126.1277206512425},"point_estimate":125.97063029858717,"standard_error":0.08010154434254631},"MedianAbsDev":{"confidence_interval":{"confidence_level":0.95,"lower_bound":0.2689909158628733,"upper_bound":0.6422398756855733},"point_estimate":0.43253842737401976,"standard_error":0.09401224205328432},"Slope":{"confidence_interval":{"confidence_level":0.95,"lower_bound":125.8537127763948,"upper_bound":127.52051966317781},"point_estimate":126.47827359752435,"standard_error":0.4521792647955925},"StdDev":{"confidence_interval":{"confidence_level":0.95,"lower_bound":1.502537353773167,"upper_bound":4.701072734764495},"point_estimate":3.3384312603609527,"standard_error":0.7967302380452579}}