{"Mean":{"confidence_interval":{"confidence_level":0.95,"lower_bound":15.735862610287697,"upper_bound":16.132217193843136},"point_estimate":15.879548396435982,"standard_error":0.1134048040733538},"Median":{"confidence_interval":{"confidence_level":0.95,"lower_bound":15.784267134273064,"upper_bound":15.786805155529954},"point_estimate":15.784832105744474,"standard_error":0.0006500240302251258},"MedianAbsDev":{"confidence_interval":{"confidence_level":0.95,"lower_bound":0.011909398257175921,"upper_bound":0.02673997165184747},"point_estimate":0.015526986612237859,"standard_error":0.004111836429649562},"Slope":{"confidence_interval":{"confidence_level":0.95,"lower_bound":15.701918938136052,"upper_bound":15.77645329498208},"point_estimate":15.73811937199979,"standard_error":0.019052908857250982},"StdDev":{"confidence_interval":{"confidence_level":0.95,"lower_bound":0.1289327522402306,"upper_bound":1.9368180294419772},"point_estimate":1.1411179367996305,"standard_error":0.6119267791504207}}