{"Mean":{"confidence_interval":{"confidence_level":0.95,"lower_bound":29514.961192274397,"upper_bound":29598.818068368728},"point_estimate":29552.36611903106,"standard_error":21.53666171829806},"Median":{"confidence_interval":{"confidence_level":0.95,"lower_bound":29488.43680381905,"upper_bound":29523.71306818182},"point_estimate":29498.76143028846,"standard_error":9.28897269124352},"MedianAbsDev":{"confidence_interval":{"confidence_level":0.95,"lower_bound":41.43651447165184,"upper_bound":70.23939299642085},"point_estimate":53.7181134693915,"standard_error":7.46272429231695},"Slope":{"confidence_interval":{"confidence_level":0.95,"lower_bound":29511.793757990596,"upper_bound":29539.033954479037},"point_estimate":29524.909140959804,"standard_error":6.954821107850251},"StdDev":{"confidence_interval":{"confidence_level":0.95,"lower_bound":88.64981032388587,"upper_bound":310.9580176852795},"point_estimate":217.01962791383022,"standard_error":55.14310173646471}}