{"Mean":{"confidence_interval":{"confidence_level":0.95,"lower_bound":29805.11931436039,"upper_bound":30405.499893648324},"point_estimate":30084.234220955153,"standard_error":153.82820222168078},"Median":{"confidence_interval":{"confidence_level":0.95,"lower_bound":29536.74418552036,"upper_bound":29565.57897603486},"point_estimate":29544.393330238025,"standard_error":7.683404851177048},"MedianAbsDev":{"confidence_interval":{"confidence_level":0.95,"lower_bound":33.77739719919175,"upper_bound":69.07164174686875},"point_estimate":44.99178379292593,"standard_error":8.48843355638524},"Slope":{"confidence_interval":{"confidence_level":0.95,"lower_bound":29854.729871009116,"upper_bound":30660.25518101945},"point_estimate":30223.402567998677,"standard_error":206.00796986124885},"StdDev":{"confidence_interval":{"confidence_level":0.95,"lower_bound":1035.7940861184886,"upper_bound":1937.1748777236783},"point_estimate":1548.9867628522707,"standard_error":226.52776124512704}}