{"Mean":{"confidence_interval":{"confidence_level":0.95,"lower_bound":20624.495005562607,"upper_bound":20693.541004555762},"point_estimate":20653.41968961941,"standard_error":17.91991789131726},"Median":{"confidence_interval":{"confidence_level":0.95,"lower_bound":20599.472582819722,"upper_bound":20616.932291666668},"point_estimate":20608.15051169591,"standard_error":3.716815033277674},"MedianAbsDev":{"confidence_interval":{"confidence_level":0.95,"lower_bound":22.758333542036787,"upper_bound":43.28770437471759},"point_estimate":32.1772677976422,"standard_error":4.930974182828565},"Slope":{"confidence_interval":{"confidence_level":0.95,"lower_bound":20616.01683109445,"upper_bound":20656.536671707654},"point_estimate":20633.3710069701,"standard_error":10.404741870048086},"StdDev":{"confidence_interval":{"confidence_level":0.95,"lower_bound":61.6669949358258,"upper_bound":284.02960039335903},"point_estimate":180.53292744680368,"standard_error":63.1750475196046}}