{"Mean":{"confidence_interval":{"confidence_level":0.95,"lower_bound":2.668753251125471,"upper_bound":2.6720881468642856},"point_estimate":2.670141846117039,"standard_error":0.0008682980025288604},"Median":{"confidence_interval":{"confidence_level":0.95,"lower_bound":2.668055660244996,"upper_bound":2.669271015785123},"point_estimate":2.668902337084818,"standard_error":0.00037152577749512665},"MedianAbsDev":{"confidence_interval":{"confidence_level":0.95,"lower_bound":0.002204027290603658,"upper_bound":0.004037679131029974},"point_estimate":0.0027969590659779066,"standard_error":0.0004935379765654709},"Slope":{"confidence_interval":{"confidence_level":0.95,"lower_bound":2.66837262422893,"upper_bound":2.670024394385287},"point_estimate":2.6690588501328727,"standard_error":0.00042961064962555206},"StdDev":{"confidence_interval":{"confidence_level":0.95,"lower_bound":0.0032946417679490664,"upper_bound":0.01385881096935964},"point_estimate":0.008740049249631437,"standard_error":0.0032333784489554655}}