{"Mean":{"confidence_interval":{"confidence_level":0.95,"lower_bound":2.284110971242628,"upper_bound":2.336336838012118},"point_estimate":2.302779423696939,"standard_error":0.01540189958068308},"Median":{"confidence_interval":{"confidence_level":0.95,"lower_bound":2.2807680837063273,"upper_bound":2.2811128979375166},"point_estimate":2.2808866488638504,"standard_error":0.00009594725890743594},"MedianAbsDev":{"confidence_interval":{"confidence_level":0.95,"lower_bound":0.0005500119974113103,"upper_bound":0.0009765996916215316},"point_estimate":0.000710892813861851,"standard_error":0.0001112902083584118},"Slope":{"confidence_interval":{"confidence_level":0.95,"lower_bound":2.282645281197897,"upper_bound":2.291419738406048},"point_estimate":2.2864697056847105,"standard_error":0.002261430255636262},"StdDev":{"confidence_interval":{"confidence_level":0.95,"lower_bound":0.014463576867643681,"upper_bound":0.2631289940587843},"point_estimate":0.1546567021450952,"standard_error":0.08611991957761657}}