{"Mean":{"confidence_interval":{"confidence_level":0.95,"lower_bound":2.28266767391434,"upper_bound":2.3187297772834543},"point_estimate":2.297478151745592,"standard_error":0.009536299797174397},"Median":{"confidence_interval":{"confidence_level":0.95,"lower_bound":2.2806988479087713,"upper_bound":2.280930408267897},"point_estimate":2.2808370774111038,"standard_error":0.0000598939963211594},"MedianAbsDev":{"confidence_interval":{"confidence_level":0.95,"lower_bound":0.0003832452152656393,"upper_bound":0.0007497884101441163},"point_estimate":0.0005919355904088664,"standard_error":0.00008972075539050036},"Slope":{"confidence_interval":{"confidence_level":0.95,"lower_bound":2.2823629815437254,"upper_bound":2.3420545080758863},"point_estimate":2.302963426258496,"standard_error":0.01728451712554379},"StdDev":{"confidence_interval":{"confidence_level":0.95,"lower_bound":0.007925878384529383,"upper_bound":0.1515170935930508},"point_estimate":0.09604633426711338,"standard_error":0.03788582718050729}}