{"Mean":{"confidence_interval":{"confidence_level":0.95,"lower_bound":236.724835216756,"upper_bound":237.47263473949042},"point_estimate":237.0620779570346,"standard_error":0.19143443939300192},"Median":{"confidence_interval":{"confidence_level":0.95,"lower_bound":236.4679645892851,"upper_bound":236.94115205482757},"point_estimate":236.71306612995744,"standard_error":0.13232210057933885},"MedianAbsDev":{"confidence_interval":{"confidence_level":0.95,"lower_bound":0.7189392766541014,"upper_bound":1.1865158546036645},"point_estimate":0.9811911200070399,"standard_error":0.1183909462061716},"Slope":{"confidence_interval":{"confidence_level":0.95,"lower_bound":236.28111821317754,"upper_bound":236.68390708225877},"point_estimate":236.48012922002542,"standard_error":0.10288916693854631},"StdDev":{"confidence_interval":{"confidence_level":0.95,"lower_bound":0.983527985804655,"upper_bound":2.735739955788178},"point_estimate":1.9245639712866998,"standard_error":0.456413473695983}}