{"Mean":{"confidence_interval":{"confidence_level":0.95,"lower_bound":16.42181936899997,"upper_bound":16.60955830919941},"point_estimate":16.50688786653184,"standard_error":0.04819380412739047},"Median":{"confidence_interval":{"confidence_level":0.95,"lower_bound":16.264250453190808,"upper_bound":16.431637076758307},"point_estimate":16.303881413736004,"standard_error":0.04588104570349178},"MedianAbsDev":{"confidence_interval":{"confidence_level":0.95,"lower_bound":0.0907208344675897,"upper_bound":0.3267762296076679},"point_estimate":0.1485326000590637,"standard_error":0.059513729831973027},"Slope":{"confidence_interval":{"confidence_level":0.95,"lower_bound":16.40505854057691,"upper_bound":16.610270699327806},"point_estimate":16.497126839577373,"standard_error":0.05239655324560844},"StdDev":{"confidence_interval":{"confidence_level":0.95,"lower_bound":0.25692482148942647,"upper_bound":0.6800767438130929},"point_estimate":0.48531619692682043,"standard_error":0.10749850312422347}}