{"Mean":{"confidence_interval":{"confidence_level":0.95,"lower_bound":19.832258771161488,"upper_bound":19.874435346168525},"point_estimate":19.85118050719318,"standard_error":0.010849321417465922},"Median":{"confidence_interval":{"confidence_level":0.95,"lower_bound":19.81958048909395,"upper_bound":19.8315669481902},"point_estimate":19.825765840702154,"standard_error":0.0037280804964650105},"MedianAbsDev":{"confidence_interval":{"confidence_level":0.95,"lower_bound":0.019944742529160793,"upper_bound":0.043416785098918956},"point_estimate":0.029213144111765104,"standard_error":0.006224982985945496},"Slope":{"confidence_interval":{"confidence_level":0.95,"lower_bound":19.824549909275948,"upper_bound":19.850125622216545},"point_estimate":19.83589655525587,"standard_error":0.006539464605152837},"StdDev":{"confidence_interval":{"confidence_level":0.95,"lower_bound":0.04766366134934366,"upper_bound":0.1528438243099042},"point_estimate":0.10908741818867797,"standard_error":0.02561290469520188}}