{"Mean":{"confidence_interval":{"confidence_level":0.95,"lower_bound":26209.921690389372,"upper_bound":26322.655591467228},"point_estimate":26261.490081830285,"standard_error":28.9224864126804},"Median":{"confidence_interval":{"confidence_level":0.95,"lower_bound":26142.569043576685,"upper_bound":26183.41178229665},"point_estimate":26152.670871015565,"standard_error":10.468957493044638},"MedianAbsDev":{"confidence_interval":{"confidence_level":0.95,"lower_bound":30.994931051702086,"upper_bound":75.66245251391967},"point_estimate":47.33600724415878,"standard_error":11.230578232722662},"Slope":{"confidence_interval":{"confidence_level":0.95,"lower_bound":26199.193057281725,"upper_bound":26357.495720672974},"point_estimate":26271.29278355487,"standard_error":40.758954083471465},"StdDev":{"confidence_interval":{"confidence_level":0.95,"lower_bound":161.77209631258313,"upper_bound":392.4669338050093},"point_estimate":291.5188083798242,"standard_error":58.20649329904856}}