{"Mean":{"confidence_interval":{"confidence_level":0.95,"lower_bound":28001.74395218664,"upper_bound":28966.916481065604},"point_estimate":28437.297256320267,"standard_error":247.05194034307397},"Median":{"confidence_interval":{"confidence_level":0.95,"lower_bound":27765.15043695381,"upper_bound":27782.917570009035},"point_estimate":27773.91332969631,"standard_error":5.107342472142709},"MedianAbsDev":{"confidence_interval":{"confidence_level":0.95,"lower_bound":26.978018338128255,"upper_bound":62.87259411616263},"point_estimate":40.23232848562003,"standard_error":9.56867579579555},"Slope":{"confidence_interval":{"confidence_level":0.95,"lower_bound":27842.80417794788,"upper_bound":28179.593884222693},"point_estimate":27980.811911728488,"standard_error":86.95239855125585},"StdDev":{"confidence_interval":{"confidence_level":0.95,"lower_bound":1243.223069386785,"upper_bound":3385.9467817356185},"point_estimate":2481.301653838323,"standard_error":544.0428551434869}}