{"Mean":{"confidence_interval":{"confidence_level":0.95,"lower_bound":26825.888594840926,"upper_bound":28005.852070719855},"point_estimate":27361.696745398665,"standard_error":302.09939124337876},"Median":{"confidence_interval":{"confidence_level":0.95,"lower_bound":26419.777274557164,"upper_bound":26471.664215686276},"point_estimate":26431.11662808642,"standard_error":12.417403434135194},"MedianAbsDev":{"confidence_interval":{"confidence_level":0.95,"lower_bound":36.90144267820415,"upper_bound":114.36503727042792},"point_estimate":68.65803264005177,"standard_error":21.731952551397622},"Slope":{"confidence_interval":{"confidence_level":0.95,"lower_bound":27006.780423868844,"upper_bound":29033.8561714884},"point_estimate":27935.691852453903,"standard_error":519.6012436715308},"StdDev":{"confidence_interval":{"confidence_level":0.95,"lower_bound":1666.464217510559,"upper_bound":4024.439357786374},"point_estimate":3030.0633441767127,"standard_error":583.9139622430845}}