{"Mean":{"confidence_interval":{"confidence_level":0.95,"lower_bound":26471.569628198897,"upper_bound":26592.13623580352},"point_estimate":26529.60706755211,"standard_error":30.861998192543865},"Median":{"confidence_interval":{"confidence_level":0.95,"lower_bound":26380.98443291327,"upper_bound":26477.00947368421},"point_estimate":26425.087225877192,"standard_error":28.328190198602723},"MedianAbsDev":{"confidence_interval":{"confidence_level":0.95,"lower_bound":131.56406855145406,"upper_bound":261.4648504019297},"point_estimate":183.84155681291398,"standard_error":34.48486619225196},"Slope":{"confidence_interval":{"confidence_level":0.95,"lower_bound":26460.19824539064,"upper_bound":26610.70824780447},"point_estimate":26531.95632247828,"standard_error":38.44969810624637},"StdDev":{"confidence_interval":{"confidence_level":0.95,"lower_bound":244.77184184236305,"upper_bound":364.756412577875},"point_estimate":309.50870864444335,"standard_error":30.664076081882634}}