{"Mean":{"confidence_interval":{"confidence_level":0.95,"lower_bound":1.6252954118572782,"upper_bound":1.6360330857507037},"point_estimate":1.6299650483342405,"standard_error":0.0027618265489230084},"Median":{"confidence_interval":{"confidence_level":0.95,"lower_bound":1.6234269022891055,"upper_bound":1.6235229440440864},"point_estimate":1.6234702683437652,"standard_error":0.000027073169059773528},"MedianAbsDev":{"confidence_interval":{"confidence_level":0.95,"lower_bound":0.0000970696276455366,"upper_bound":0.00022899646035788221},"point_estimate":0.00014787920840624705,"standard_error":0.00003845122963240128},"Slope":{"confidence_interval":{"confidence_level":0.95,"lower_bound":1.6252587050856588,"upper_bound":1.6356418834727244},"point_estimate":1.6298498009785287,"standard_error":0.002667912930070172},"StdDev":{"confidence_interval":{"confidence_level":0.95,"lower_bound":0.00734593176531525,"upper_bound":0.040875400560978326},"point_estimate":0.027739779550034725,"standard_error":0.008123921341439706}}