{"Mean":{"confidence_interval":{"confidence_level":0.95,"lower_bound":1.6600996230841725,"upper_bound":1.7803002713455907},"point_estimate":1.7150808207367796,"standard_error":0.029957747684907724},"Median":{"confidence_interval":{"confidence_level":0.95,"lower_bound":1.6234452736318408,"upper_bound":1.6236007462686568},"point_estimate":1.623491107772824,"standard_error":0.000037221162971242744},"MedianAbsDev":{"confidence_interval":{"confidence_level":0.95,"lower_bound":0.00012245510510187742,"upper_bound":0.00034353920888391057},"point_estimate":0.0001869444413180675,"standard_error":0.00005305231623702289},"Slope":{"confidence_interval":{"confidence_level":0.95,"lower_bound":1.6748564969925799,"upper_bound":1.8368481536505288},"point_estimate":1.7486039251062553,"standard_error":0.04151353861023237},"StdDev":{"confidence_interval":{"confidence_level":0.95,"lower_bound":0.18890214364400904,"upper_bound":0.3834177871898146},"point_estimate":0.300096786956449,"standard_error":0.04824207963541173}}