{"mean":{"confidence_interval":{"confidence_level":0.95,"lower_bound":16228.854553653295,"upper_bound":16285.986578182801},"point_estimate":16253.756063932373,"standard_error":14.693860292824086},"median":{"confidence_interval":{"confidence_level":0.95,"lower_bound":16209.753846451964,"upper_bound":16233.560625931446},"point_estimate":16223.473360655738,"standard_error":5.848924474025186},"median_abs_dev":{"confidence_interval":{"confidence_level":0.95,"lower_bound":39.36402944148975,"upper_bound":68.87873064636676},"point_estimate":51.90769679967425,"standard_error":7.385970929532581},"slope":{"confidence_interval":{"confidence_level":0.95,"lower_bound":16233.006701230908,"upper_bound":16278.564746400312},"point_estimate":16252.755753645342,"standard_error":11.750661977637531},"std_dev":{"confidence_interval":{"confidence_level":0.95,"lower_bound":66.74174301764697,"upper_bound":225.5346344475681},"point_estimate":147.966952686013,"standard_error":45.15972294897775}}