{"Mean":{"confidence_interval":{"confidence_level":0.95,"lower_bound":2.5985696336486526,"upper_bound":2.6046699619576716},"point_estimate":2.6012170326750943,"standard_error":0.0015697114396230007},"Median":{"confidence_interval":{"confidence_level":0.95,"lower_bound":2.596750725062096,"upper_bound":2.5982331903209177},"point_estimate":2.5972883103779782,"standard_error":0.00038770594181074513},"MedianAbsDev":{"confidence_interval":{"confidence_level":0.95,"lower_bound":0.002888960081722433,"upper_bound":0.0052321512144449045},"point_estimate":0.0039981421406933195,"standard_error":0.0005825062045440325},"Slope":{"confidence_interval":{"confidence_level":0.95,"lower_bound":2.59811589645379,"upper_bound":2.600693436102785},"point_estimate":2.5993639963399917,"standard_error":0.0006598510285919139},"StdDev":{"confidence_interval":{"confidence_level":0.95,"lower_bound":0.006137408761462406,"upper_bound":0.02351949509066989},"point_estimate":0.015736798602186696,"standard_error":0.004566840746083003}}