{"Mean":{"confidence_interval":{"confidence_level":0.95,"lower_bound":663.5384496024093,"upper_bound":670.3701316778158},"point_estimate":666.6692322857724,"standard_error":1.7513321168738605},"Median":{"confidence_interval":{"confidence_level":0.95,"lower_bound":659.388782161235,"upper_bound":662.3495002070149},"point_estimate":660.0983704974271,"standard_error":0.7396302382121206},"MedianAbsDev":{"confidence_interval":{"confidence_level":0.95,"lower_bound":3.1506439800069233,"upper_bound":6.503899910044588},"point_estimate":4.3073896539867516,"standard_error":0.8311614907150124},"Slope":{"confidence_interval":{"confidence_level":0.95,"lower_bound":658.5033113429262,"upper_bound":660.3772031752337},"point_estimate":659.3130763383294,"standard_error":0.4792984267496826},"StdDev":{"confidence_interval":{"confidence_level":0.95,"lower_bound":10.520236736872874,"upper_bound":23.699398393751192},"point_estimate":17.546216664637576,"standard_error":3.3994023614537165}}