{"Mean":{"confidence_interval":{"confidence_level":0.95,"lower_bound":0.7341263940757119,"upper_bound":0.7753534697266533},"point_estimate":0.7537911579847569,"standard_error":0.010572742506934608},"Median":{"confidence_interval":{"confidence_level":0.95,"lower_bound":0.7082628139863645,"upper_bound":0.7093196458581627},"point_estimate":0.7088106403978678,"standard_error":0.00022444116660229853},"MedianAbsDev":{"confidence_interval":{"confidence_level":0.95,"lower_bound":0.0010278796189384255,"upper_bound":0.0023112867579530563},"point_estimate":0.0016927823388562192,"standard_error":0.0003006517306602982},"Slope":{"confidence_interval":{"confidence_level":0.95,"lower_bound":0.7255452109451372,"upper_bound":0.7823961156629218},"point_estimate":0.7521226599528764,"standard_error":0.014556198103948662},"StdDev":{"confidence_interval":{"confidence_level":0.95,"lower_bound":0.08096637895115541,"upper_bound":0.12467239596883847},"point_estimate":0.10603179545108028,"standard_error":0.011155079917434172}}