{"Mean":{"confidence_interval":{"confidence_level":0.95,"lower_bound":0.7115029601497393,"upper_bound":0.7141587186921652},"point_estimate":0.7127521591465922,"standard_error":0.000677638734806512},"Median":{"confidence_interval":{"confidence_level":0.95,"lower_bound":0.7098818801661422,"upper_bound":0.7103042417448009},"point_estimate":0.7100886546816512,"standard_error":0.00010996218365103239},"MedianAbsDev":{"confidence_interval":{"confidence_level":0.95,"lower_bound":0.0007911925664841886,"upper_bound":0.0016226803716972282},"point_estimate":0.0011018214424455214,"standard_error":0.0002153153365496207},"Slope":{"confidence_interval":{"confidence_level":0.95,"lower_bound":0.7110912498551788,"upper_bound":0.7140114937035816},"point_estimate":0.7124228074963159,"standard_error":0.0007486749073023884},"StdDev":{"confidence_interval":{"confidence_level":0.95,"lower_bound":0.004771720998764998,"upper_bound":0.008505927959801455},"point_estimate":0.006803378543212286,"standard_error":0.0009497006085780289}}