{"Mean":{"confidence_interval":{"confidence_level":0.95,"lower_bound":50.51605755555713,"upper_bound":50.82936158991914},"point_estimate":50.65356881291787,"standard_error":0.08043246950002635},"Median":{"confidence_interval":{"confidence_level":0.95,"lower_bound":50.386861297964934,"upper_bound":50.46571984224759},"point_estimate":50.42095324517818,"standard_error":0.020577934550917536},"MedianAbsDev":{"confidence_interval":{"confidence_level":0.95,"lower_bound":0.11823252281276807,"upper_bound":0.21153128251877013},"point_estimate":0.15123572875473484,"standard_error":0.02459288782363317},"Slope":{"confidence_interval":{"confidence_level":0.95,"lower_bound":50.349444625722576,"upper_bound":50.40506171338886},"point_estimate":50.375203085559264,"standard_error":0.01424389448936463},"StdDev":{"confidence_interval":{"confidence_level":0.95,"lower_bound":0.3814910944113752,"upper_bound":1.2044186167426738},"point_estimate":0.8056991169348912,"standard_error":0.22621159600672464}}