{"Mean":{"confidence_interval":{"confidence_level":0.95,"lower_bound":28804.946818992797,"upper_bound":28869.892429509164},"point_estimate":28833.748183448206,"standard_error":16.64088243917207},"Median":{"confidence_interval":{"confidence_level":0.95,"lower_bound":28779.815360983102,"upper_bound":28801.413447079234},"point_estimate":28790.114580772068,"standard_error":6.119142387867779},"MedianAbsDev":{"confidence_interval":{"confidence_level":0.95,"lower_bound":23.735405710116574,"upper_bound":59.29412341683094},"point_estimate":37.441917645574485,"standard_error":9.78526256468492},"Slope":{"confidence_interval":{"confidence_level":0.95,"lower_bound":28805.213117616175,"upper_bound":28832.1221616312},"point_estimate":28818.187587409488,"standard_error":6.879994065582951},"StdDev":{"confidence_interval":{"confidence_level":0.95,"lower_bound":76.65137606960708,"upper_bound":249.26704125911004},"point_estimate":167.90979802635894,"standard_error":45.58393354602615}}