{"Mean":{"confidence_interval":{"confidence_level":0.95,"lower_bound":8.097292399038041,"upper_bound":8.114261395529676},"point_estimate":8.104963306495334,"standard_error":0.004355520863275341},"Median":{"confidence_interval":{"confidence_level":0.95,"lower_bound":8.087365161755933,"upper_bound":8.090441763874058},"point_estimate":8.088588330823335,"standard_error":0.0009046251760977122},"MedianAbsDev":{"confidence_interval":{"confidence_level":0.95,"lower_bound":0.0049961930332294196,"upper_bound":0.012567979920396606},"point_estimate":0.007629432900199881,"standard_error":0.0019510477884686311},"Slope":{"confidence_interval":{"confidence_level":0.95,"lower_bound":8.093801865382806,"upper_bound":8.103795514484094},"point_estimate":8.098547072628804,"standard_error":0.002552580471699978},"StdDev":{"confidence_interval":{"confidence_level":0.95,"lower_bound":0.022806753359685038,"upper_bound":0.06166909247005675},"point_estimate":0.04369975977994344,"standard_error":0.01012096652136194}}