{"Mean":{"confidence_interval":{"confidence_level":0.95,"lower_bound":10.865865781915696,"upper_bound":10.896694229955408},"point_estimate":10.879162061632403,"standard_error":0.007955789827190064},"Median":{"confidence_interval":{"confidence_level":0.95,"lower_bound":10.8539078723459,"upper_bound":10.86036127987337},"point_estimate":10.856894661365484,"standard_error":0.0016482616869625973},"MedianAbsDev":{"confidence_interval":{"confidence_level":0.95,"lower_bound":0.01065409914016608,"upper_bound":0.023287588631032977},"point_estimate":0.01626441996318761,"standard_error":0.0032689282256936915},"Slope":{"confidence_interval":{"confidence_level":0.95,"lower_bound":10.860404034861638,"upper_bound":10.874843512442963},"point_estimate":10.867073799090159,"standard_error":0.0036901397333423},"StdDev":{"confidence_interval":{"confidence_level":0.95,"lower_bound":0.03153160861066478,"upper_bound":0.12259852616113533},"point_estimate":0.08005118561402506,"standard_error":0.024978875221356677}}