{"Mean":{"confidence_interval":{"confidence_level":0.95,"lower_bound":4.9180611017438,"upper_bound":4.963754087063321},"point_estimate":4.939875795462435,"standard_error":0.01164323882826472},"Median":{"confidence_interval":{"confidence_level":0.95,"lower_bound":4.874109872835842,"upper_bound":4.884324772396872},"point_estimate":4.878006825004135,"standard_error":0.002977145860174965},"MedianAbsDev":{"confidence_interval":{"confidence_level":0.95,"lower_bound":0.011672620119901613,"upper_bound":0.02825205777271327},"point_estimate":0.017615585507778912,"standard_error":0.004668635993903457},"Slope":{"confidence_interval":{"confidence_level":0.95,"lower_bound":4.91808094598703,"upper_bound":4.979972074563335},"point_estimate":4.948002507668372,"standard_error":0.015804997299154796},"StdDev":{"confidence_interval":{"confidence_level":0.95,"lower_bound":0.09187474986178112,"upper_bound":0.1424709264874083},"point_estimate":0.11704477284694642,"standard_error":0.013030248155311206}}