{"Mean":{"confidence_interval":{"confidence_level":0.95,"lower_bound":5.674690709987991,"upper_bound":5.705902540046992},"point_estimate":5.688271163109203,"standard_error":0.008064081218247298},"Median":{"confidence_interval":{"confidence_level":0.95,"lower_bound":5.664369178995327,"upper_bound":5.673637168375157},"point_estimate":5.669696005310415,"standard_error":0.002484915880033358},"MedianAbsDev":{"confidence_interval":{"confidence_level":0.95,"lower_bound":0.011841633657415132,"upper_bound":0.01911362767971687},"point_estimate":0.016079144989308684,"standard_error":0.001839000338617553},"Slope":{"confidence_interval":{"confidence_level":0.95,"lower_bound":5.659640196649017,"upper_bound":5.665565198977445},"point_estimate":5.662315150524596,"standard_error":0.0015080891220812145},"StdDev":{"confidence_interval":{"confidence_level":0.95,"lower_bound":0.03390495504265148,"upper_bound":0.12230614784769245},"point_estimate":0.081015756566024,"standard_error":0.02383640857602997}}