{"Mean":{"confidence_interval":{"confidence_level":0.95,"lower_bound":2.4173860092139328,"upper_bound":2.49788607424501},"point_estimate":2.445525107815148,"standard_error":0.02437913596883248},"Median":{"confidence_interval":{"confidence_level":0.95,"lower_bound":2.415387582561311,"upper_bound":2.4158145527424435},"point_estimate":2.4156948369268982,"standard_error":0.0001134076090804499},"MedianAbsDev":{"confidence_interval":{"confidence_level":0.95,"lower_bound":0.0005531265091647824,"upper_bound":0.0010995955159442462},"point_estimate":0.0009032352881977356,"standard_error":0.00014243000655473308},"Slope":{"confidence_interval":{"confidence_level":0.95,"lower_bound":2.4167143431587865,"upper_bound":2.4235077140057566},"point_estimate":2.4194772901139823,"standard_error":0.0017755753736908777},"StdDev":{"confidence_interval":{"confidence_level":0.95,"lower_bound":0.007731511079135645,"upper_bound":0.41867317672657806},"point_estimate":0.2451070684146003,"standard_error":0.14174054866234556}}