{"Mean":{"confidence_interval":{"confidence_level":0.95,"lower_bound":1.8164220710126602,"upper_bound":1.8222790003969858},"point_estimate":1.8188498173181333,"standard_error":0.001526132657145562},"Median":{"confidence_interval":{"confidence_level":0.95,"lower_bound":1.8143740694847983,"upper_bound":1.8152890323156055},"point_estimate":1.8147220581616774,"standard_error":0.0002350459312813035},"MedianAbsDev":{"confidence_interval":{"confidence_level":0.95,"lower_bound":0.0012805817535705812,"upper_bound":0.002776532623210725},"point_estimate":0.001803470093450709,"standard_error":0.0003894606560942273},"Slope":{"confidence_interval":{"confidence_level":0.95,"lower_bound":1.8154940979628507,"upper_bound":1.8174390273996455},"point_estimate":1.816414233420116,"standard_error":0.0004971792995418971},"StdDev":{"confidence_interval":{"confidence_level":0.95,"lower_bound":0.004913404899984481,"upper_bound":0.024520804294658298},"point_estimate":0.015394688585967478,"standard_error":0.005724097850464414}}