{"Mean":{"confidence_interval":{"confidence_level":0.95,"lower_bound":8.186364172834637,"upper_bound":8.19472478132238},"point_estimate":8.18981598549087,"standard_error":0.0021797871055443912},"Median":{"confidence_interval":{"confidence_level":0.95,"lower_bound":8.184217925604935,"upper_bound":8.186263800667767},"point_estimate":8.185120368724139,"standard_error":0.0005063472760651801},"MedianAbsDev":{"confidence_interval":{"confidence_level":0.95,"lower_bound":0.0025734785249130177,"upper_bound":0.005715916448852245},"point_estimate":0.0036833189330074453,"standard_error":0.000788584099167972},"Slope":{"confidence_interval":{"confidence_level":0.95,"lower_bound":8.18577786440086,"upper_bound":8.18855866241008},"point_estimate":8.187037387438139,"standard_error":0.0007108245125925},"StdDev":{"confidence_interval":{"confidence_level":0.95,"lower_bound":0.006163416049831679,"upper_bound":0.03501865035422409},"point_estimate":0.02187349972155492,"standard_error":0.008220355355199594}}