{"Mean":{"confidence_interval":{"confidence_level":0.95,"lower_bound":4.84676310131913,"upper_bound":4.873150096943543},"point_estimate":4.858207119304992,"standard_error":0.006802607190160988},"Median":{"confidence_interval":{"confidence_level":0.95,"lower_bound":4.8362061260567275,"upper_bound":4.843339491430669},"point_estimate":4.838425213549622,"standard_error":0.001665083101557539},"MedianAbsDev":{"confidence_interval":{"confidence_level":0.95,"lower_bound":0.006235971057687928,"upper_bound":0.0140335132112988},"point_estimate":0.008641698135754513,"standard_error":0.002027548855425387},"Slope":{"confidence_interval":{"confidence_level":0.95,"lower_bound":4.8349854876298455,"upper_bound":4.8377686509680355},"point_estimate":4.8362305756237784,"standard_error":0.000711334581076359},"StdDev":{"confidence_interval":{"confidence_level":0.95,"lower_bound":0.025673066684515147,"upper_bound":0.1032982883508826},"point_estimate":0.06820996740334155,"standard_error":0.020211649960750228}}