{"Mean":{"confidence_interval":{"confidence_level":0.95,"lower_bound":9.176145432392184,"upper_bound":9.28379830179762},"point_estimate":9.212577499827487,"standard_error":0.03473135535793259},"Median":{"confidence_interval":{"confidence_level":0.95,"lower_bound":9.17364772395845,"upper_bound":9.174508316590813},"point_estimate":9.174010812239112,"standard_error":0.00020627491453710753},"MedianAbsDev":{"confidence_interval":{"confidence_level":0.95,"lower_bound":0.0005724179316461958,"upper_bound":0.0016850630710812601},"point_estimate":0.0010262566046343126,"standard_error":0.0002792401329977236},"Slope":{"confidence_interval":{"confidence_level":0.95,"lower_bound":9.174522604406445,"upper_bound":9.179427315374493},"point_estimate":9.17680477072145,"standard_error":0.0012530870156710712},"StdDev":{"confidence_interval":{"confidence_level":0.95,"lower_bound":0.00747515179190568,"upper_bound":0.5991413657554403},"point_estimate":0.3494613047953626,"standard_error":0.2145746352033416}}