{"Mean":{"confidence_interval":{"confidence_level":0.95,"lower_bound":4.051742109458725,"upper_bound":4.128332538088367},"point_estimate":4.084732771629538,"standard_error":0.01966381531930783},"Median":{"confidence_interval":{"confidence_level":0.95,"lower_bound":4.0380039721946375,"upper_bound":4.038270676691729},"point_estimate":4.038196013489101,"standard_error":0.0000662148629030285},"MedianAbsDev":{"confidence_interval":{"confidence_level":0.95,"lower_bound":0.0006242942849535967,"upper_bound":0.0010994091910073883},"point_estimate":0.000893295492996937,"standard_error":0.000122805964613651},"Slope":{"confidence_interval":{"confidence_level":0.95,"lower_bound":4.042823741592918,"upper_bound":4.139748409905334},"point_estimate":4.082159285386512,"standard_error":0.02574611059069878},"StdDev":{"confidence_interval":{"confidence_level":0.95,"lower_bound":0.058370350358403,"upper_bound":0.29995230528785466},"point_estimate":0.1981315493517087,"standard_error":0.06085905857074693}}