{"Mean":{"confidence_interval":{"confidence_level":0.95,"lower_bound":4.05009648029202,"upper_bound":4.067617132325946},"point_estimate":4.058009308393381,"standard_error":0.004500730988602767},"Median":{"confidence_interval":{"confidence_level":0.95,"lower_bound":4.044241729015665,"upper_bound":4.04468085106383},"point_estimate":4.0443820859238855,"standard_error":0.00009628579568256476},"MedianAbsDev":{"confidence_interval":{"confidence_level":0.95,"lower_bound":0.000547539782899986,"upper_bound":0.0011424836131045009},"point_estimate":0.0007575021797501467,"standard_error":0.00014881974717141582},"Slope":{"confidence_interval":{"confidence_level":0.95,"lower_bound":4.050518412017486,"upper_bound":4.072037877572794},"point_estimate":4.060464153322287,"standard_error":0.005536781046434054},"StdDev":{"confidence_interval":{"confidence_level":0.95,"lower_bound":0.022717807090539756,"upper_bound":0.06328980072427211},"point_estimate":0.04540480233646939,"standard_error":0.01029850259455632}}