{"Mean":{"confidence_interval":{"confidence_level":0.95,"lower_bound":4.040391150464518,"upper_bound":4.052630488954743},"point_estimate":4.045762154654847,"standard_error":0.0031548712566603896},"Median":{"confidence_interval":{"confidence_level":0.95,"lower_bound":4.037623643207283,"upper_bound":4.037749474789916},"point_estimate":4.037674405969284,"standard_error":0.00003252251702658513},"MedianAbsDev":{"confidence_interval":{"confidence_level":0.95,"lower_bound":0.00017310766166983205,"upper_bound":0.00046396380510119834},"point_estimate":0.00026534538509375154,"standard_error":0.00007688662398514565},"Slope":{"confidence_interval":{"confidence_level":0.95,"lower_bound":4.038584461349534,"upper_bound":4.051933322548875},"point_estimate":4.043836233178065,"standard_error":0.0035769610671228212},"StdDev":{"confidence_interval":{"confidence_level":0.95,"lower_bound":0.012764930589825947,"upper_bound":0.04685147335585805},"point_estimate":0.03171873901056137,"standard_error":0.008840991522269654}}