{"mean":{"confidence_interval":{"confidence_level":0.95,"lower_bound":2.85440360343993,"upper_bound":2.8610163213185076},"point_estimate":2.8568633479798056,"standard_error":0.0018504130826047442},"median":{"confidence_interval":{"confidence_level":0.95,"lower_bound":2.8531985630625627,"upper_bound":2.855414340979997},"point_estimate":2.854572280994898,"standard_error":0.0006855939263749914},"median_abs_dev":{"confidence_interval":{"confidence_level":0.95,"lower_bound":0.002712967625135546,"upper_bound":0.004383605445862311},"point_estimate":0.0034309571551193307,"standard_error":0.00043231281533618124},"slope":{"confidence_interval":{"confidence_level":0.95,"lower_bound":2.8544935714230775,"upper_bound":2.8583481345863073},"point_estimate":2.856045965002129,"standard_error":0.0009984757924015857},"std_dev":{"confidence_interval":{"confidence_level":0.95,"lower_bound":0.0035297064429060387,"upper_bound":0.031403391126904635},"point_estimate":0.018630586365546806,"standard_error":0.009582096571856857}}