{"Mean":{"confidence_interval":{"confidence_level":0.95,"lower_bound":2.9241294338437855,"upper_bound":2.950067321728523},"point_estimate":2.9357865295654824,"standard_error":0.006657008856309225},"Median":{"confidence_interval":{"confidence_level":0.95,"lower_bound":2.914902336505742,"upper_bound":2.9205605605270613},"point_estimate":2.9178568559205433,"standard_error":0.001574452114570361},"MedianAbsDev":{"confidence_interval":{"confidence_level":0.95,"lower_bound":0.006978701675952165,"upper_bound":0.012431332098159165},"point_estimate":0.009549814285928878,"standard_error":0.0013795386529279576},"Slope":{"confidence_interval":{"confidence_level":0.95,"lower_bound":2.913227865713374,"upper_bound":2.9161518736192744},"point_estimate":2.914586328697411,"standard_error":0.0007450018268852213},"StdDev":{"confidence_interval":{"confidence_level":0.95,"lower_bound":0.032925815395309296,"upper_bound":0.09263149129533275},"point_estimate":0.06711175004432604,"standard_error":0.015299799801221656}}