{"mean":{"confidence_interval":{"confidence_level":0.95,"lower_bound":2.042431371377948,"upper_bound":2.0485394608942116},"point_estimate":2.045138473571406,"standard_error":0.0015712657138529148},"median":{"confidence_interval":{"confidence_level":0.95,"lower_bound":2.0395021738795185,"upper_bound":2.041044336278323},"point_estimate":2.0400527203921515,"standard_error":0.0003971775913920054},"median_abs_dev":{"confidence_interval":{"confidence_level":0.95,"lower_bound":0.0017365620709473748,"upper_bound":0.00420539938854433},"point_estimate":0.0026809459858876217,"standard_error":0.0005969933628510294},"slope":{"confidence_interval":{"confidence_level":0.95,"lower_bound":2.0406083769186196,"upper_bound":2.0428837609324955},"point_estimate":2.0416632873039364,"standard_error":0.0005829811739444772},"std_dev":{"confidence_interval":{"confidence_level":0.95,"lower_bound":0.00720926331641551,"upper_bound":0.022581995979471872},"point_estimate":0.015746897704832313,"standard_error":0.003877323794128521}}