{"Mean":{"confidence_interval":{"confidence_level":0.95,"lower_bound":7.678455879446169,"upper_bound":7.718627043639727},"point_estimate":7.6964598223909135,"standard_error":0.010307543533924197},"Median":{"confidence_interval":{"confidence_level":0.95,"lower_bound":7.670870908959009,"upper_bound":7.673684210526316},"point_estimate":7.672032172540807,"standard_error":0.0007357083127077006},"MedianAbsDev":{"confidence_interval":{"confidence_level":0.95,"lower_bound":0.005986663658203295,"upper_bound":0.02656263607260953},"point_estimate":0.019158224585394255,"standard_error":0.006351909980209696},"Slope":{"confidence_interval":{"confidence_level":0.95,"lower_bound":7.672866765815135,"upper_bound":7.757186490730026},"point_estimate":7.70722038093329,"standard_error":0.022220194116254706},"StdDev":{"confidence_interval":{"confidence_level":0.95,"lower_bound":0.054850816837100524,"upper_bound":0.14974632951795952},"point_estimate":0.10352742362093807,"standard_error":0.025707569207201058}}