{"Mean":{"confidence_interval":{"confidence_level":0.95,"lower_bound":9.867585253010366,"upper_bound":10.022619473389486},"point_estimate":9.933797484076619,"standard_error":0.04006680870768515},"Median":{"confidence_interval":{"confidence_level":0.95,"lower_bound":9.833829042531306,"upper_bound":9.849472420911143},"point_estimate":9.837935053145,"standard_error":0.004051570395765609},"MedianAbsDev":{"confidence_interval":{"confidence_level":0.95,"lower_bound":0.017384075567967155,"upper_bound":0.03966356011406979},"point_estimate":0.02361394143628629,"standard_error":0.00593802615775212},"Slope":{"confidence_interval":{"confidence_level":0.95,"lower_bound":9.825213659438795,"upper_bound":9.986423792620739},"point_estimate":9.887930174567257,"standard_error":0.04301814332148393},"StdDev":{"confidence_interval":{"confidence_level":0.95,"lower_bound":0.08977461465408378,"upper_bound":0.61422801136011},"point_estimate":0.4010579387403576,"standard_error":0.13322171272834776}}