{"Mean":{"confidence_interval":{"confidence_level":0.95,"lower_bound":6.773359422335072,"upper_bound":6.810148630846556},"point_estimate":6.790397126909792,"standard_error":0.009429352408821748},"Median":{"confidence_interval":{"confidence_level":0.95,"lower_bound":6.7429759606542445,"upper_bound":6.745614035087719},"point_estimate":6.7443908306977,"standard_error":0.0007182405355273712},"MedianAbsDev":{"confidence_interval":{"confidence_level":0.95,"lower_bound":0.0019397688239282563,"upper_bound":0.005715387944918435},"point_estimate":0.0035894340703829758,"standard_error":0.0010116666968156068},"Slope":{"confidence_interval":{"confidence_level":0.95,"lower_bound":6.781378818461149,"upper_bound":6.831572689977822},"point_estimate":6.806216187677856,"standard_error":0.01282223370979363},"StdDev":{"confidence_interval":{"confidence_level":0.95,"lower_bound":0.06436116580397369,"upper_bound":0.12702163995187435},"point_estimate":0.09448855736558487,"standard_error":0.017225275281618633}}