{"Mean":{"confidence_interval":{"confidence_level":0.95,"lower_bound":9.058100903597484,"upper_bound":9.114948584205898},"point_estimate":9.08323149011206,"standard_error":0.014594236862271858},"Median":{"confidence_interval":{"confidence_level":0.95,"lower_bound":9.033329706080135,"upper_bound":9.050441095521748},"point_estimate":9.039536517294774,"standard_error":0.004904969488544347},"MedianAbsDev":{"confidence_interval":{"confidence_level":0.95,"lower_bound":0.016717482610874572,"upper_bound":0.035534583041667574},"point_estimate":0.0225843872279299,"standard_error":0.004803785432470096},"Slope":{"confidence_interval":{"confidence_level":0.95,"lower_bound":9.031303190811691,"upper_bound":9.039679941556429},"point_estimate":9.03520035392421,"standard_error":0.0021376794665847183},"StdDev":{"confidence_interval":{"confidence_level":0.95,"lower_bound":0.07135339431666268,"upper_bound":0.21483404328806396},"point_estimate":0.14649729610359385,"standard_error":0.0383346165118702}}