{"mean":{"confidence_interval":{"confidence_level":0.95,"lower_bound":464.2649381529038,"upper_bound":466.830276100218},"point_estimate":465.35194329313,"standard_error":0.6659813141920206},"median":{"confidence_interval":{"confidence_level":0.95,"lower_bound":463.05502286664586,"upper_bound":464.25037902003163},"point_estimate":463.3349888807793,"standard_error":0.323000350176956},"median_abs_dev":{"confidence_interval":{"confidence_level":0.95,"lower_bound":1.1791277265021696,"upper_bound":2.309223620500788},"point_estimate":1.5860479310242752,"standard_error":0.2759810408682456},"slope":{"confidence_interval":{"confidence_level":0.95,"lower_bound":462.9207686154733,"upper_bound":463.5807005505299},"point_estimate":463.21958563700497,"standard_error":0.1691785932760803},"std_dev":{"confidence_interval":{"confidence_level":0.95,"lower_bound":2.717439561480217,"upper_bound":10.401169988281252},"point_estimate":6.68260416501636,"standard_error":2.256584891743156}}