{"Mean":{"confidence_interval":{"confidence_level":0.95,"lower_bound":2.970333062389769,"upper_bound":2.9754523118188483},"point_estimate":2.972462870914502,"standard_error":0.0013323277470768924},"Median":{"confidence_interval":{"confidence_level":0.95,"lower_bound":2.9684724672211216,"upper_bound":2.9694243285715034},"point_estimate":2.968975351969666,"standard_error":0.0002496141870150169},"MedianAbsDev":{"confidence_interval":{"confidence_level":0.95,"lower_bound":0.0013041772174023916,"upper_bound":0.002684791764440677},"point_estimate":0.001962397164438181,"standard_error":0.00034716698190799484},"Slope":{"confidence_interval":{"confidence_level":0.95,"lower_bound":2.969685161446612,"upper_bound":2.971862076352422},"point_estimate":2.9707014517376953,"standard_error":0.0005566258450684741},"StdDev":{"confidence_interval":{"confidence_level":0.95,"lower_bound":0.00423274807592328,"upper_bound":0.02120880506660446},"point_estimate":0.013374267936027367,"standard_error":0.004854634466104651}}