{"Mean":{"confidence_interval":{"confidence_level":0.95,"lower_bound":9.113460393237014,"upper_bound":9.171010656331525},"point_estimate":9.138408174946548,"standard_error":0.014845874145551786},"Median":{"confidence_interval":{"confidence_level":0.95,"lower_bound":9.094111294535741,"upper_bound":9.108882655078082},"point_estimate":9.10075417300639,"standard_error":0.0036348768930755584},"MedianAbsDev":{"confidence_interval":{"confidence_level":0.95,"lower_bound":0.01510281372488178,"upper_bound":0.031041562592451083},"point_estimate":0.022394565206879286,"standard_error":0.0038310114845729985},"Slope":{"confidence_interval":{"confidence_level":0.95,"lower_bound":9.090044063777334,"upper_bound":9.097311409749011},"point_estimate":9.093296713252876,"standard_error":0.0018634323092556091},"StdDev":{"confidence_interval":{"confidence_level":0.95,"lower_bound":0.04658610572696508,"upper_bound":0.22533907512958157},"point_estimate":0.14935106265108672,"standard_error":0.04540034799149157}}