{"mean":{"confidence_interval":{"confidence_level":0.95,"lower_bound":26.6700008032544,"upper_bound":26.822712506900878},"point_estimate":26.735591979940406,"standard_error":0.039355819114030015},"median":{"confidence_interval":{"confidence_level":0.95,"lower_bound":26.604639082522898,"upper_bound":26.634074934497487},"point_estimate":26.614597429725524,"standard_error":0.008223309994547935},"median_abs_dev":{"confidence_interval":{"confidence_level":0.95,"lower_bound":0.04321185812040444,"upper_bound":0.08916200145362538},"point_estimate":0.06179655316320839,"standard_error":0.012192181691967669},"slope":{"confidence_interval":{"confidence_level":0.95,"lower_bound":26.590697657374367,"upper_bound":26.61316964448777},"point_estimate":26.600447925142365,"standard_error":0.005755068402742077},"std_dev":{"confidence_interval":{"confidence_level":0.95,"lower_bound":0.14993732585567382,"upper_bound":0.6106436253517982},"point_estimate":0.39578095113696554,"standard_error":0.12583457645134571}}