{"Mean":{"confidence_interval":{"confidence_level":0.95,"lower_bound":4.071630118790531,"upper_bound":4.078968408445472},"point_estimate":4.074988314209366,"standard_error":0.0018789683572868693},"Median":{"confidence_interval":{"confidence_level":0.95,"lower_bound":4.067839929776747,"upper_bound":4.071975099084585},"point_estimate":4.0694040502260425,"standard_error":0.001008055651757808},"MedianAbsDev":{"confidence_interval":{"confidence_level":0.95,"lower_bound":0.0047453499293062945,"upper_bound":0.00827762111173708},"point_estimate":0.006599276163184745,"standard_error":0.0008844707237840518},"Slope":{"confidence_interval":{"confidence_level":0.95,"lower_bound":4.069123726833954,"upper_bound":4.071911710984713},"point_estimate":4.0704531643367705,"standard_error":0.000712755202020367},"StdDev":{"confidence_interval":{"confidence_level":0.95,"lower_bound":0.01120478845976865,"upper_bound":0.026350996917805514},"point_estimate":0.018934076476709437,"standard_error":0.00400773917654287}}