{"Mean":{"confidence_interval":{"confidence_level":0.95,"lower_bound":3.05972977927791,"upper_bound":3.083898506850026},"point_estimate":3.070856482851752,"standard_error":0.00615725590659713},"Median":{"confidence_interval":{"confidence_level":0.95,"lower_bound":3.0534751436866743,"upper_bound":3.053763385322513},"point_estimate":3.053566252417222,"standard_error":0.00006902600970622046},"MedianAbsDev":{"confidence_interval":{"confidence_level":0.95,"lower_bound":0.00048728386346111373,"upper_bound":0.0010861744713489012},"point_estimate":0.0008549532233386904,"standard_error":0.0001649499639673158},"Slope":{"confidence_interval":{"confidence_level":0.95,"lower_bound":3.0601061510300283,"upper_bound":3.0994013263866655},"point_estimate":3.0775127961671656,"standard_error":0.010100351349673773},"StdDev":{"confidence_interval":{"confidence_level":0.95,"lower_bound":0.03676929641156015,"upper_bound":0.0807506258081775},"point_estimate":0.06187900680143887,"standard_error":0.011385548569253931}}