{"Mean":{"confidence_interval":{"confidence_level":0.95,"lower_bound":2.4864724054482705,"upper_bound":2.5122030591879203},"point_estimate":2.4963361435577176,"standard_error":0.006853457515416367},"Median":{"confidence_interval":{"confidence_level":0.95,"lower_bound":2.484748951394029,"upper_bound":2.485242182868043},"point_estimate":2.4850504900624006,"standard_error":0.0001257947583564352},"MedianAbsDev":{"confidence_interval":{"confidence_level":0.95,"lower_bound":0.0007953446239705918,"upper_bound":0.0013073161036927705},"point_estimate":0.0010940272385439158,"standard_error":0.0001284683701830926},"Slope":{"confidence_interval":{"confidence_level":0.95,"lower_bound":2.4853704262841863,"upper_bound":2.5035425476948383},"point_estimate":2.4923768769654013,"standard_error":0.004837857038359353},"StdDev":{"confidence_interval":{"confidence_level":0.95,"lower_bound":0.008157226206769046,"upper_bound":0.11445818283064434},"point_estimate":0.06889952541805693,"standard_error":0.031836727015792106}}