{"Mean":{"confidence_interval":{"confidence_level":0.95,"lower_bound":9.785525504681091,"upper_bound":9.843031579777529},"point_estimate":9.810637156875494,"standard_error":0.014848830890751874},"Median":{"confidence_interval":{"confidence_level":0.95,"lower_bound":9.764259351560385,"upper_bound":9.7755703567158},"point_estimate":9.768964144717202,"standard_error":0.0026884469975929875},"MedianAbsDev":{"confidence_interval":{"confidence_level":0.95,"lower_bound":0.012408695210515238,"upper_bound":0.02701722021565842},"point_estimate":0.017668207435647416,"standard_error":0.0038751362323550757},"Slope":{"confidence_interval":{"confidence_level":0.95,"lower_bound":9.76097327878103,"upper_bound":9.766207238216854},"point_estimate":9.763317310808974,"standard_error":0.0013360695319403727},"StdDev":{"confidence_interval":{"confidence_level":0.95,"lower_bound":0.05713511166291032,"upper_bound":0.2241236917542227},"point_estimate":0.14908136047541296,"standard_error":0.04365567030952087}}