{"Mean":{"confidence_interval":{"confidence_level":0.95,"lower_bound":30710.22460795285,"upper_bound":30833.780532347013},"point_estimate":30762.684074922094,"standard_error":31.987163361747562},"Median":{"confidence_interval":{"confidence_level":0.95,"lower_bound":30668.87575757576,"upper_bound":30700.102934102935},"point_estimate":30679.21085282044,"standard_error":7.740988339790947},"MedianAbsDev":{"confidence_interval":{"confidence_level":0.95,"lower_bound":46.99650276141444,"upper_bound":96.81407870673632},"point_estimate":76.5099581278436,"standard_error":12.817530250170472},"Slope":{"confidence_interval":{"confidence_level":0.95,"lower_bound":30698.05819399778,"upper_bound":30745.22238266304},"point_estimate":30720.554755923353,"standard_error":12.07184124886813},"StdDev":{"confidence_interval":{"confidence_level":0.95,"lower_bound":128.48142166572973,"upper_bound":502.1767071040869},"point_estimate":321.5168652747937,"standard_error":110.49490588995644}}