{"Mean":{"confidence_interval":{"confidence_level":0.95,"lower_bound":61.423075354740654,"upper_bound":61.798368241640084},"point_estimate":61.5897708782183,"standard_error":0.09634893484401104},"Median":{"confidence_interval":{"confidence_level":0.95,"lower_bound":61.18767307187918,"upper_bound":61.33704001137364},"point_estimate":61.253952664927326,"standard_error":0.03669547652159555},"MedianAbsDev":{"confidence_interval":{"confidence_level":0.95,"lower_bound":0.11983806891428973,"upper_bound":0.30490382194161814},"point_estimate":0.2096163950062389,"standard_error":0.04724669919754364},"Slope":{"confidence_interval":{"confidence_level":0.95,"lower_bound":61.20630634894087,"upper_bound":61.37712708396203},"point_estimate":61.28194087609872,"standard_error":0.043611129180097116},"StdDev":{"confidence_interval":{"confidence_level":0.95,"lower_bound":0.5022638095138083,"upper_bound":1.428807700477091},"point_estimate":0.9675823352020902,"standard_error":0.26141500494634445}}