{"mean":{"confidence_interval":{"confidence_level":0.95,"lower_bound":2.173028093753597,"upper_bound":2.1797487064641876},"point_estimate":2.17614212424073,"standard_error":0.0017218342875338383},"median":{"confidence_interval":{"confidence_level":0.95,"lower_bound":2.16900889817221,"upper_bound":2.170713518712491},"point_estimate":2.1695907772495615,"standard_error":0.0004759067754851432},"median_abs_dev":{"confidence_interval":{"confidence_level":0.95,"lower_bound":0.002478626303403775,"upper_bound":0.00517080640545981},"point_estimate":0.0036088333790717064,"standard_error":0.0006917100998286641},"slope":{"confidence_interval":{"confidence_level":0.95,"lower_bound":2.1705079641412146,"upper_bound":2.1740012479985333},"point_estimate":2.172171389849614,"standard_error":0.0008919102663520779},"std_dev":{"confidence_interval":{"confidence_level":0.95,"lower_bound":0.01072436812711296,"upper_bound":0.02277765898555297},"point_estimate":0.017361115261373065,"standard_error":0.0030773703624112133}}