{"mean":{"confidence_interval":{"confidence_level":0.95,"lower_bound":3.6933639902003366,"upper_bound":3.700825471940106},"point_estimate":3.696422282418569,"standard_error":0.001953117880330673},"median":{"confidence_interval":{"confidence_level":0.95,"lower_bound":3.69188472481685,"upper_bound":3.692877975941666},"point_estimate":3.692375752232294,"standard_error":0.0002659888471331994},"median_abs_dev":{"confidence_interval":{"confidence_level":0.95,"lower_bound":0.0021205833210235364,"upper_bound":0.003649812607612969},"point_estimate":0.002879626208243501,"standard_error":0.0003715429814636546},"slope":{"confidence_interval":{"confidence_level":0.95,"lower_bound":3.692014946425163,"upper_bound":3.693469082415269},"point_estimate":3.6927074608306505,"standard_error":0.00037234583116632685},"std_dev":{"confidence_interval":{"confidence_level":0.95,"lower_bound":0.005384778161683304,"upper_bound":0.03162809671584357},"point_estimate":0.01964721724042493,"standard_error":0.007672459400006914}}