{"Mean":{"confidence_interval":{"confidence_level":0.95,"lower_bound":1.0613417013608122,"upper_bound":1.0679775368747932},"point_estimate":1.0644876455817773,"standard_error":0.001700056087647796},"Median":{"confidence_interval":{"confidence_level":0.95,"lower_bound":1.0561380907206261,"upper_bound":1.0602229552736404},"point_estimate":1.0580585595372112,"standard_error":0.0010612377265959811},"MedianAbsDev":{"confidence_interval":{"confidence_level":0.95,"lower_bound":0.004590493633353166,"upper_bound":0.009705252405867452},"point_estimate":0.006949818204606226,"standard_error":0.0013041499078365647},"Slope":{"confidence_interval":{"confidence_level":0.95,"lower_bound":1.0601327694988152,"upper_bound":1.0676780353514401},"point_estimate":1.0637153127674344,"standard_error":0.0019315057626117676},"StdDev":{"confidence_interval":{"confidence_level":0.95,"lower_bound":0.012303559525539366,"upper_bound":0.021203228865859104},"point_estimate":0.017108353723766023,"standard_error":0.0022785161240941754}}