{"Mean":{"confidence_interval":{"confidence_level":0.95,"lower_bound":4.064251270673559,"upper_bound":4.084672762426547},"point_estimate":4.072685692303957,"standard_error":0.005309853040499625},"Median":{"confidence_interval":{"confidence_level":0.95,"lower_bound":4.061039170165245,"upper_bound":4.061180567783843},"point_estimate":4.0610968398554075,"standard_error":0.00003656471479138933},"MedianAbsDev":{"confidence_interval":{"confidence_level":0.95,"lower_bound":0.00016983060580274672,"upper_bound":0.00036607783477742527},"point_estimate":0.00024906656417493685,"standard_error":0.00004922049062127526},"Slope":{"confidence_interval":{"confidence_level":0.95,"lower_bound":4.064193314155438,"upper_bound":4.084827493138898},"point_estimate":4.073500581697123,"standard_error":0.005375538621276616},"StdDev":{"confidence_interval":{"confidence_level":0.95,"lower_bound":0.01655134979377743,"upper_bound":0.08511883223658862},"point_estimate":0.053414658007461174,"standard_error":0.020247764379833492}}