{"Mean":{"confidence_interval":{"confidence_level":0.95,"lower_bound":4.1156349989317595,"upper_bound":4.157580164668261},"point_estimate":4.13379243955929,"standard_error":0.01083985635871312},"Median":{"confidence_interval":{"confidence_level":0.95,"lower_bound":4.0962762437586475,"upper_bound":4.096918992695929},"point_estimate":4.096601404503328,"standard_error":0.0001956720695484685},"MedianAbsDev":{"confidence_interval":{"confidence_level":0.95,"lower_bound":0.0011543981846210975,"upper_bound":0.0024917281731655187},"point_estimate":0.0017008339931809085,"standard_error":0.0003374668736466504},"Slope":{"confidence_interval":{"confidence_level":0.95,"lower_bound":4.127039839471686,"upper_bound":4.21028690900089},"point_estimate":4.161017284348092,"standard_error":0.02183786218655726},"StdDev":{"confidence_interval":{"confidence_level":0.95,"lower_bound":0.050078331277479717,"upper_bound":0.16593687412431266},"point_estimate":0.10877183526004695,"standard_error":0.03412040090109797}}