{"Mean":{"confidence_interval":{"confidence_level":0.95,"lower_bound":2.970976562301201,"upper_bound":2.9740981242634246},"point_estimate":2.9723735461612053,"standard_error":0.0007997768550048469},"Median":{"confidence_interval":{"confidence_level":0.95,"lower_bound":2.969657481734501,"upper_bound":2.970664424827924},"point_estimate":2.9700165077555765,"standard_error":0.00027663949014607723},"MedianAbsDev":{"confidence_interval":{"confidence_level":0.95,"lower_bound":0.0014370564629911952,"upper_bound":0.002812268889990237},"point_estimate":0.0019202089881888416,"standard_error":0.00034904894588937287},"Slope":{"confidence_interval":{"confidence_level":0.95,"lower_bound":2.9701457122431085,"upper_bound":2.9714707741789987},"point_estimate":2.97073905701363,"standard_error":0.000339934517685123},"StdDev":{"confidence_interval":{"confidence_level":0.95,"lower_bound":0.0042840423248168375,"upper_bound":0.011707959225656154},"point_estimate":0.00802892788784649,"standard_error":0.0020346254385306293}}