{"Mean":{"confidence_interval":{"confidence_level":0.95,"lower_bound":7.747722535121497,"upper_bound":7.775220101179169},"point_estimate":7.760740699810428,"standard_error":0.007047524196200993},"Median":{"confidence_interval":{"confidence_level":0.95,"lower_bound":7.732678132678132,"upper_bound":7.733483483483483},"point_estimate":7.732907907907908,"standard_error":0.0002108220087810626},"MedianAbsDev":{"confidence_interval":{"confidence_level":0.95,"lower_bound":0.0004978535295303301,"upper_bound":0.0016161900249980468},"point_estimate":0.0008446184269760853,"standard_error":0.0002748501594831146},"Slope":{"confidence_interval":{"confidence_level":0.95,"lower_bound":7.757159255241794,"upper_bound":7.804541891991274},"point_estimate":7.779869037058338,"standard_error":0.012125093513255034},"StdDev":{"confidence_interval":{"confidence_level":0.95,"lower_bound":0.04984212068655809,"upper_bound":0.08516982404435967},"point_estimate":0.07085326587268116,"standard_error":0.008911926282361664}}