{"Mean":{"confidence_interval":{"confidence_level":0.95,"lower_bound":1.0561956564310995,"upper_bound":1.0601807482035628},"point_estimate":1.0579715523317494,"standard_error":0.0010211371475151937},"Median":{"confidence_interval":{"confidence_level":0.95,"lower_bound":1.0546158005107915,"upper_bound":1.055640622179708},"point_estimate":1.0550729731373034,"standard_error":0.00026885399767541347},"MedianAbsDev":{"confidence_interval":{"confidence_level":0.95,"lower_bound":0.0014291296957180397,"upper_bound":0.0031744311535919123},"point_estimate":0.0021765123571353363,"standard_error":0.0004707526111521121},"Slope":{"confidence_interval":{"confidence_level":0.95,"lower_bound":1.0554731868387777,"upper_bound":1.0570661550947649},"point_estimate":1.0562368553089205,"standard_error":0.0004070817211709193},"StdDev":{"confidence_interval":{"confidence_level":0.95,"lower_bound":0.004918776451329185,"upper_bound":0.014922634132620754},"point_estimate":0.01026323038285692,"standard_error":0.0026090466090479595}}