{"mean":{"confidence_interval":{"confidence_level":0.95,"lower_bound":22.748233764383667,"upper_bound":23.16043288031641},"point_estimate":22.934138393287174,"standard_error":0.10569954580862663},"median":{"confidence_interval":{"confidence_level":0.95,"lower_bound":22.567218906574496,"upper_bound":22.767749776960635},"point_estimate":22.65930994740772,"standard_error":0.05053911928682793},"median_abs_dev":{"confidence_interval":{"confidence_level":0.95,"lower_bound":0.32119191271764447,"upper_bound":0.5876793559344256},"point_estimate":0.3873553508882151,"standard_error":0.07305010920977881},"slope":{"confidence_interval":{"confidence_level":0.95,"lower_bound":22.46903004728487,"upper_bound":22.637188067404825},"point_estimate":22.550936736524466,"standard_error":0.0428265437257876},"std_dev":{"confidence_interval":{"confidence_level":0.95,"lower_bound":0.5559387434462975,"upper_bound":1.5199038916997536},"point_estimate":1.0609498297112583,"standard_error":0.25404831306328096}}