{"Mean":{"confidence_interval":{"confidence_level":0.95,"lower_bound":45.31723162180633,"upper_bound":45.51366554271981},"point_estimate":45.403319631824715,"standard_error":0.05060188067573193},"Median":{"confidence_interval":{"confidence_level":0.95,"lower_bound":45.273275640976806,"upper_bound":45.278442317916},"point_estimate":45.27471517666764,"standard_error":0.0014474693820564933},"MedianAbsDev":{"confidence_interval":{"confidence_level":0.95,"lower_bound":0.009286377821888967,"upper_bound":0.020602116958802198},"point_estimate":0.015820892106147816,"standard_error":0.0032528934417029773},"Slope":{"confidence_interval":{"confidence_level":0.95,"lower_bound":45.2877699337569,"upper_bound":45.44319442341031},"point_estimate":45.353640206125874,"standard_error":0.03999151865682644},"StdDev":{"confidence_interval":{"confidence_level":0.95,"lower_bound":0.2093205853079185,"upper_bound":0.7501462502118245},"point_estimate":0.5092682192916831,"standard_error":0.13875000202768806}}