{"Mean":{"confidence_interval":{"confidence_level":0.95,"lower_bound":2.660333842849659,"upper_bound":2.6680259348771354},"point_estimate":2.6639075000824546,"standard_error":0.0019680334828152827},"Median":{"confidence_interval":{"confidence_level":0.95,"lower_bound":2.6567108015515934,"upper_bound":2.658179999629168},"point_estimate":2.657342432652144,"standard_error":0.00040677985352155347},"MedianAbsDev":{"confidence_interval":{"confidence_level":0.95,"lower_bound":0.0020952779612373336,"upper_bound":0.004150324155619333},"point_estimate":0.003034104880478755,"standard_error":0.0005288401202170226},"Slope":{"confidence_interval":{"confidence_level":0.95,"lower_bound":2.6631897341698183,"upper_bound":2.6786749298331562},"point_estimate":2.670601529520333,"standard_error":0.0039605545800373105},"StdDev":{"confidence_interval":{"confidence_level":0.95,"lower_bound":0.012826492059202402,"upper_bound":0.02496949462771226},"point_estimate":0.019732259082516957,"standard_error":0.003085240610420237}}