{"Mean":{"confidence_interval":{"confidence_level":0.95,"lower_bound":2.925458740814391,"upper_bound":2.943358952895564},"point_estimate":2.9331869065186793,"standard_error":0.004613576621297206},"Median":{"confidence_interval":{"confidence_level":0.95,"lower_bound":2.918339939816891,"upper_bound":2.9214022083270863},"point_estimate":2.919420873897112,"standard_error":0.0007723288231721402},"MedianAbsDev":{"confidence_interval":{"confidence_level":0.95,"lower_bound":0.004065040394047644,"upper_bound":0.007984814428188467},"point_estimate":0.005550579564731772,"standard_error":0.001056162095023574},"Slope":{"confidence_interval":{"confidence_level":0.95,"lower_bound":2.917003267737896,"upper_bound":2.920041169816749},"point_estimate":2.918212225786028,"standard_error":0.0007930173977946399},"StdDev":{"confidence_interval":{"confidence_level":0.95,"lower_bound":0.018398802740898654,"upper_bound":0.0708575341653273},"point_estimate":0.04655971155991048,"standard_error":0.013965840928716566}}