{"Mean":{"confidence_interval":{"confidence_level":0.95,"lower_bound":4.534892088385275,"upper_bound":4.564392879528904},"point_estimate":4.5479091555040725,"standard_error":0.0075761291226643344},"Median":{"confidence_interval":{"confidence_level":0.95,"lower_bound":4.527750624524818,"upper_bound":4.529626400594142},"point_estimate":4.528270730735981,"standard_error":0.00046158945014924203},"MedianAbsDev":{"confidence_interval":{"confidence_level":0.95,"lower_bound":0.0010434713294372767,"upper_bound":0.0026094630886062857},"point_estimate":0.0018995302237068933,"standard_error":0.00036228436804779297},"Slope":{"confidence_interval":{"confidence_level":0.95,"lower_bound":4.532662614015613,"upper_bound":4.563768676505864},"point_estimate":4.546184329073254,"standard_error":0.008007213278116546},"StdDev":{"confidence_interval":{"confidence_level":0.95,"lower_bound":0.0340700365385865,"upper_bound":0.11102171799373775},"point_estimate":0.07610670257705564,"standard_error":0.01992014291612937}}