{"Mean":{"confidence_interval":{"confidence_level":0.95,"lower_bound":2.486936297456664,"upper_bound":2.5063164531114324},"point_estimate":2.494008363047537,"standard_error":0.005462988350144202},"Median":{"confidence_interval":{"confidence_level":0.95,"lower_bound":2.4858317315926692,"upper_bound":2.4860801307701474},"point_estimate":2.4859291953598,"standard_error":0.00006664703777731284},"MedianAbsDev":{"confidence_interval":{"confidence_level":0.95,"lower_bound":0.00048650274128198256,"upper_bound":0.0010785420080927878},"point_estimate":0.0007502945933988318,"standard_error":0.00014596844639949236},"Slope":{"confidence_interval":{"confidence_level":0.95,"lower_bound":2.486371889486797,"upper_bound":2.5405573920302333},"point_estimate":2.505398656400404,"standard_error":0.015472072808772823},"StdDev":{"confidence_interval":{"confidence_level":0.95,"lower_bound":0.003626541781966312,"upper_bound":0.09297159710551464},"point_estimate":0.05494452846194504,"standard_error":0.028884667881122202}}