{"Mean":{"confidence_interval":{"confidence_level":0.95,"lower_bound":2.8427499468722726,"upper_bound":2.858513436329504},"point_estimate":2.8497594217904947,"standard_error":0.004067500789803107},"Median":{"confidence_interval":{"confidence_level":0.95,"lower_bound":2.838593689101511,"upper_bound":2.8389667713821316},"point_estimate":2.838931920510343,"standard_error":0.00010764925677756306},"MedianAbsDev":{"confidence_interval":{"confidence_level":0.95,"lower_bound":0.0005259380414399425,"upper_bound":0.002571951758542332},"point_estimate":0.002133009025064638,"standard_error":0.000636315336256366},"Slope":{"confidence_interval":{"confidence_level":0.95,"lower_bound":2.840689627711227,"upper_bound":2.8547609342924725},"point_estimate":2.8469398553986376,"standard_error":0.0036501139569478044},"StdDev":{"confidence_interval":{"confidence_level":0.95,"lower_bound":0.018368359192256142,"upper_bound":0.05821174378707108},"point_estimate":0.04094327955558936,"standard_error":0.010114138307396915}}