{"Mean":{"confidence_interval":{"confidence_level":0.95,"lower_bound":2.647687668058249,"upper_bound":2.6517780476783934},"point_estimate":2.649268780960475,"standard_error":0.001098084737362538},"Median":{"confidence_interval":{"confidence_level":0.95,"lower_bound":2.647613043806605,"upper_bound":2.6493689384881094},"point_estimate":2.6485578583765115,"standard_error":0.0005156918265620787},"MedianAbsDev":{"confidence_interval":{"confidence_level":0.95,"lower_bound":0.00171419398223228,"upper_bound":0.003938865124144455},"point_estimate":0.0023661629076054914,"standard_error":0.0006884034026438504},"Slope":{"confidence_interval":{"confidence_level":0.95,"lower_bound":2.647255395715676,"upper_bound":2.6531165206363108},"point_estimate":2.6493826552866406,"standard_error":0.0015962684382990575},"StdDev":{"confidence_interval":{"confidence_level":0.95,"lower_bound":0.002832745353086321,"upper_bound":0.018302682250939204},"point_estimate":0.011042933973186352,"standard_error":0.005115214917865373}}