{"Mean":{"confidence_interval":{"confidence_level":0.95,"lower_bound":2.931418520180116,"upper_bound":3.033555855006215},"point_estimate":2.977902032426763,"standard_error":0.026147274575282736},"Median":{"confidence_interval":{"confidence_level":0.95,"lower_bound":2.856238926853961,"upper_bound":2.937765181353776},"point_estimate":2.8639364827836653,"standard_error":0.025020077883332582},"MedianAbsDev":{"confidence_interval":{"confidence_level":0.95,"lower_bound":0.004646042938984896,"upper_bound":0.12379792611216009},"point_estimate":0.01615104371359335,"standard_error":0.03646934957177265},"Slope":{"confidence_interval":{"confidence_level":0.95,"lower_bound":2.934301037177382,"upper_bound":3.0421399778703515},"point_estimate":2.9802083270918462,"standard_error":0.02772594196221262},"StdDev":{"confidence_interval":{"confidence_level":0.95,"lower_bound":0.14229516960997635,"upper_bound":0.3664598165851307},"point_estimate":0.26299962345603245,"standard_error":0.057799165463601795}}