{"Mean":{"confidence_interval":{"confidence_level":0.95,"lower_bound":2.844243422148942,"upper_bound":2.8618533021217476},"point_estimate":2.852327223147593,"standard_error":0.004524695477669029},"Median":{"confidence_interval":{"confidence_level":0.95,"lower_bound":2.838874934714398,"upper_bound":2.8390611572771487},"point_estimate":2.8390083054206507,"standard_error":0.00004062672923293522},"MedianAbsDev":{"confidence_interval":{"confidence_level":0.95,"lower_bound":0.00045396410244229185,"upper_bound":0.003005210475828343},"point_estimate":0.0015423610068075186,"standard_error":0.0008447557783260953},"Slope":{"confidence_interval":{"confidence_level":0.95,"lower_bound":2.844834482199162,"upper_bound":2.8789518949165807},"point_estimate":2.860158907661058,"standard_error":0.008791369381779468},"StdDev":{"confidence_interval":{"confidence_level":0.95,"lower_bound":0.026993673039167554,"upper_bound":0.059590103016271725},"point_estimate":0.04550647641705294,"standard_error":0.008308367702504609}}