{"Mean":{"confidence_interval":{"confidence_level":0.95,"lower_bound":6.627723576998791,"upper_bound":6.721605289774829},"point_estimate":6.662725724815253,"standard_error":0.025567104724542756},"Median":{"confidence_interval":{"confidence_level":0.95,"lower_bound":6.621364185155063,"upper_bound":6.62198734915653},"point_estimate":6.6216042897626375,"standard_error":0.0005186684719768346},"MedianAbsDev":{"confidence_interval":{"confidence_level":0.95,"lower_bound":0.01060594860688771,"upper_bound":0.016388164259792063},"point_estimate":0.014852148395895218,"standard_error":0.0016001984649375452},"Slope":{"confidence_interval":{"confidence_level":0.95,"lower_bound":6.620506583481028,"upper_bound":6.644544263052135},"point_estimate":6.631300787180472,"standard_error":0.00614372260088086},"StdDev":{"confidence_interval":{"confidence_level":0.95,"lower_bound":0.04514765324652917,"upper_bound":0.42974101134781234},"point_estimate":0.2568273883049769,"standard_error":0.12537066269499325}}