{"Mean":{"confidence_interval":{"confidence_level":0.95,"lower_bound":2.9195541453669294,"upper_bound":2.938028863066028},"point_estimate":2.9276420557128144,"standard_error":0.004746906122647003},"Median":{"confidence_interval":{"confidence_level":0.95,"lower_bound":2.9112138721362597,"upper_bound":2.917028237016517},"point_estimate":2.9127846106087274,"standard_error":0.0014481887490576178},"MedianAbsDev":{"confidence_interval":{"confidence_level":0.95,"lower_bound":0.0057675035473420625,"upper_bound":0.011722099194957175},"point_estimate":0.008157060094628313,"standard_error":0.0015036626905817884},"Slope":{"confidence_interval":{"confidence_level":0.95,"lower_bound":2.909775935458226,"upper_bound":2.9123677240219443},"point_estimate":2.9109122629312982,"standard_error":0.0006612048425845347},"StdDev":{"confidence_interval":{"confidence_level":0.95,"lower_bound":0.02118329741997712,"upper_bound":0.07118086528754232},"point_estimate":0.047812634535132646,"standard_error":0.013190508290575149}}