{"Mean":{"confidence_interval":{"confidence_level":0.95,"lower_bound":0.8895132624388417,"upper_bound":0.8916073924112621},"point_estimate":0.8904255060827314,"standard_error":0.0005406805799928085},"Median":{"confidence_interval":{"confidence_level":0.95,"lower_bound":0.8886627853436162,"upper_bound":0.8890183895835065},"point_estimate":0.8888044221430295,"standard_error":0.00007905191566048854},"MedianAbsDev":{"confidence_interval":{"confidence_level":0.95,"lower_bound":0.0003569280209168198,"upper_bound":0.0008232986949791144},"point_estimate":0.0005342788631545362,"standard_error":0.00012050119124689486},"Slope":{"confidence_interval":{"confidence_level":0.95,"lower_bound":0.8889139968446325,"upper_bound":0.8893113622069413},"point_estimate":0.8890943749704475,"standard_error":0.00010121743918766875},"StdDev":{"confidence_interval":{"confidence_level":0.95,"lower_bound":0.0025035934702188948,"upper_bound":0.008128165251570438},"point_estimate":0.005417953140981341,"standard_error":0.0015656526543327792}}