{"mean":{"confidence_interval":{"confidence_level":0.95,"lower_bound":7.031141769481151,"upper_bound":7.084415338333473},"point_estimate":7.054294029340086,"standard_error":0.013726221443702415},"median":{"confidence_interval":{"confidence_level":0.95,"lower_bound":7.012446760957541,"upper_bound":7.020739032848401},"point_estimate":7.017473323901319,"standard_error":0.0022682341034505954},"median_abs_dev":{"confidence_interval":{"confidence_level":0.95,"lower_bound":0.012155207215229717,"upper_bound":0.02323613626226353},"point_estimate":0.01839261608089846,"standard_error":0.0029470235430536893},"slope":{"confidence_interval":{"confidence_level":0.95,"lower_bound":7.01046864740897,"upper_bound":7.020277633163328},"point_estimate":7.014767834996258,"standard_error":0.0025276206217733797},"std_dev":{"confidence_interval":{"confidence_level":0.95,"lower_bound":0.0490635810253857,"upper_bound":0.20186813903072542},"point_estimate":0.13705094015087574,"standard_error":0.03936877028810262}}