{"Mean":{"confidence_interval":{"confidence_level":0.95,"lower_bound":17.6718334085959,"upper_bound":17.775633800138344},"point_estimate":17.7163026298403,"standard_error":0.026767267736249146},"Median":{"confidence_interval":{"confidence_level":0.95,"lower_bound":17.63157702652637,"upper_bound":17.65105319171674},"point_estimate":17.63876412131613,"standard_error":0.004709899550221535},"MedianAbsDev":{"confidence_interval":{"confidence_level":0.95,"lower_bound":0.019614615176603147,"upper_bound":0.04113886533618906},"point_estimate":0.02674330000451119,"standard_error":0.005530427136266802},"Slope":{"confidence_interval":{"confidence_level":0.95,"lower_bound":17.627980876108516,"upper_bound":17.64198982218998},"point_estimate":17.634062256037936,"standard_error":0.0035939730670564514},"StdDev":{"confidence_interval":{"confidence_level":0.95,"lower_bound":0.10438290454703922,"upper_bound":0.4146589576356207},"point_estimate":0.26851551090209275,"standard_error":0.08672137505671737}}