{"Mean":{"confidence_interval":{"confidence_level":0.95,"lower_bound":6.803647840114126,"upper_bound":6.856049208900018},"point_estimate":6.82754093049417,"standard_error":0.013450030618318015},"Median":{"confidence_interval":{"confidence_level":0.95,"lower_bound":6.7766430095993115,"upper_bound":6.785763554460433},"point_estimate":6.779652028863883,"standard_error":0.0026960878738818937},"MedianAbsDev":{"confidence_interval":{"confidence_level":0.95,"lower_bound":0.011127698927632195,"upper_bound":0.022364585108570426},"point_estimate":0.015229511817005829,"standard_error":0.002946133698430119},"Slope":{"confidence_interval":{"confidence_level":0.95,"lower_bound":6.7736117768940565,"upper_bound":6.7818739408161735},"point_estimate":6.777012283417901,"standard_error":0.002157544469732059},"StdDev":{"confidence_interval":{"confidence_level":0.95,"lower_bound":0.07844061668600463,"upper_bound":0.18783043570579908},"point_estimate":0.13562424450643146,"standard_error":0.02848746917076666}}