{"Mean":{"confidence_interval":{"confidence_level":0.95,"lower_bound":5.862580772634324,"upper_bound":5.963368131479188},"point_estimate":5.910457811874662,"standard_error":0.025785880728850883},"Median":{"confidence_interval":{"confidence_level":0.95,"lower_bound":5.813463953780457,"upper_bound":5.8144864577330555},"point_estimate":5.81388604801378,"standard_error":0.00025434339894236355},"MedianAbsDev":{"confidence_interval":{"confidence_level":0.95,"lower_bound":0.0016526298837555734,"upper_bound":0.0035940765605534516},"point_estimate":0.002427435472886586,"standard_error":0.000479598675478205},"Slope":{"confidence_interval":{"confidence_level":0.95,"lower_bound":5.950388125669104,"upper_bound":6.174295732084242},"point_estimate":6.064430238995061,"standard_error":0.05738592636683603},"StdDev":{"confidence_interval":{"confidence_level":0.95,"lower_bound":0.1860537607639154,"upper_bound":0.316572196506443},"point_estimate":0.2608907136207856,"standard_error":0.03342447837962153}}