{"Mean":{"confidence_interval":{"confidence_level":0.95,"lower_bound":3.073856161787408,"upper_bound":3.2276709901138116},"point_estimate":3.147075565355988,"standard_error":0.03933042883810633},"Median":{"confidence_interval":{"confidence_level":0.95,"lower_bound":2.960434595524957,"upper_bound":2.9623015873015874},"point_estimate":2.961116152923382,"standard_error":0.0005023626598732712},"MedianAbsDev":{"confidence_interval":{"confidence_level":0.95,"lower_bound":0.0016898634238142391,"upper_bound":0.004879765361715223},"point_estimate":0.0026679640575817446,"standard_error":0.0009175737353100077},"Slope":{"confidence_interval":{"confidence_level":0.95,"lower_bound":3.0794274647520963,"upper_bound":3.3192245875509148},"point_estimate":3.1925512440523987,"standard_error":0.06160789785079935},"StdDev":{"confidence_interval":{"confidence_level":0.95,"lower_bound":0.2979325637789818,"upper_bound":0.4694374598307913},"point_estimate":0.3948661375895805,"standard_error":0.04385293314210078}}