{"Mean":{"confidence_interval":{"confidence_level":0.95,"lower_bound":2.1850220458753764,"upper_bound":2.217117488845776},"point_estimate":2.19931438932904,"standard_error":0.008284888536926467},"Median":{"confidence_interval":{"confidence_level":0.95,"lower_bound":2.17678358587876,"upper_bound":2.1806594971046},"point_estimate":2.1804309050274604,"standard_error":0.001481769117842165},"MedianAbsDev":{"confidence_interval":{"confidence_level":0.95,"lower_bound":0.004942015323071021,"upper_bound":0.01843895430838733},"point_estimate":0.01778786247038258,"standard_error":0.004017333839881475},"Slope":{"confidence_interval":{"confidence_level":0.95,"lower_bound":2.1827360053793274,"upper_bound":2.2133941700280126},"point_estimate":2.195938728828073,"standard_error":0.007888364470044172},"StdDev":{"confidence_interval":{"confidence_level":0.95,"lower_bound":0.035354062002790135,"upper_bound":0.11831617224032401},"point_estimate":0.08332839971228304,"standard_error":0.020875090152092254}}