{"Mean":{"confidence_interval":{"confidence_level":0.95,"lower_bound":2.041647813013194,"upper_bound":2.05107583926971},"point_estimate":2.0457957348347793,"standard_error":0.0024227920701785843},"Median":{"confidence_interval":{"confidence_level":0.95,"lower_bound":2.0390157527770096,"upper_bound":2.039973422301868},"point_estimate":2.039348331173237,"standard_error":0.00020807061687076498},"MedianAbsDev":{"confidence_interval":{"confidence_level":0.95,"lower_bound":0.0016063037769086463,"upper_bound":0.0035735445111694363},"point_estimate":0.002776878146663928,"standard_error":0.000497712588408216},"Slope":{"confidence_interval":{"confidence_level":0.95,"lower_bound":2.041240278385436,"upper_bound":2.052022854635334},"point_estimate":2.0462360584596935,"standard_error":0.0027773274702641375},"StdDev":{"confidence_interval":{"confidence_level":0.95,"lower_bound":0.009667849970365792,"upper_bound":0.03600208106770617},"point_estimate":0.024350449002540707,"standard_error":0.006850006803088808}}